{
	"credit": "Made with Blockbench",
	"texture_size": [128, 128],
	"textures": {
		"0": "holocraft:item/automaton_assault"
	},
	"elements": [
		{
			"from": [7.73, 0, 7.73],
			"to": [8.27, 15.12, 8.27],
			"rotation": {"angle": 0, "axis": "y", "origin": [7.73, 0.27, 7.73]},
			"faces": {
				"north": {"uv": [1.504, 3.504, 1.746, 10.496], "texture": "#0"},
				"east": {"uv": [3.504, 1.504, 3.746, 8.496], "texture": "#0"},
				"south": {"uv": [1.754, 3.504, 1.996, 10.496], "texture": "#0"},
				"west": {"uv": [2.004, 3.504, 2.246, 10.496], "texture": "#0"},
				"up": {"uv": [9.371, 4.746, 9.129, 4.504], "texture": "#0"},
				"down": {"uv": [6.746, 9.129, 6.504, 9.371], "texture": "#0"}
			}
		},
		{
			"from": [7.6625, 14.7825, 7.6625],
			"to": [8.3375, 21.1275, 8.3375],
			"rotation": {"angle": 0, "axis": "y", "origin": [7.73, 2.43, 7.73]},
			"faces": {
				"north": {"uv": [1.254, 5.004, 1.496, 7.871], "texture": "#0"},
				"east": {"uv": [1.004, 5.879, 1.246, 8.746], "texture": "#0"},
				"south": {"uv": [6.004, 7.004, 6.246, 9.871], "texture": "#0"},
				"west": {"uv": [3.004, 7.254, 3.246, 10.121], "texture": "#0"},
				"up": {"uv": [7.621, 9.371, 7.379, 9.129], "texture": "#0"},
				"down": {"uv": [9.371, 8.629, 9.129, 8.871], "texture": "#0"}
			}
		},
		{
			"from": [6.92, 18.198, 6.92],
			"to": [9.08, 18.63, 9.08],
			"rotation": {"angle": 0, "axis": "y", "origin": [8, 18.414, 8]},
			"faces": {
				"north": {"uv": [3.754, 5.254, 4.996, 5.496], "texture": "#0"},
				"east": {"uv": [8.129, 0.629, 9.371, 0.871], "texture": "#0"},
				"south": {"uv": [8.129, 0.879, 9.371, 1.121], "texture": "#0"},
				"west": {"uv": [8.129, 1.129, 9.371, 1.371], "texture": "#0"},
				"up": {"uv": [3.496, 4.746, 2.254, 3.504], "texture": "#0"},
				"down": {"uv": [4.996, 1.504, 3.754, 2.746], "texture": "#0"}
			}
		},
		{
			"from": [7.352, 17.766, 7.352],
			"to": [8.648, 19.062, 8.648],
			"rotation": {"angle": 0, "axis": "y", "origin": [8, 18.414, 8]},
			"faces": {
				"north": {"uv": [7.254, 0.004, 7.996, 0.746], "texture": "#0"},
				"east": {"uv": [7.254, 6.879, 7.996, 7.621], "texture": "#0"},
				"south": {"uv": [7.379, 0.754, 8.121, 1.496], "texture": "#0"},
				"west": {"uv": [7.379, 5.504, 8.121, 6.246], "texture": "#0"},
				"up": {"uv": [0.746, 8.246, 0.004, 7.504], "texture": "#0"},
				"down": {"uv": [8.246, 4.004, 7.504, 4.746], "texture": "#0"}
			}
		},
		{
			"from": [7.676, 2.376, 7.676],
			"to": [8.324, 3.294, 8.324],
			"rotation": {"angle": 0, "axis": "y", "origin": [7.73, 2.43, 7.73]},
			"faces": {
				"north": {"uv": [8.879, 8.629, 9.121, 8.996], "texture": "#0"},
				"east": {"uv": [9.004, 0.004, 9.246, 0.371], "texture": "#0"},
				"south": {"uv": [0.754, 9.004, 0.996, 9.371], "texture": "#0"},
				"west": {"uv": [9.004, 1.379, 9.246, 1.746], "texture": "#0"},
				"up": {"uv": [9.371, 9.121, 9.129, 8.879], "texture": "#0"},
				"down": {"uv": [9.371, 9.129, 9.129, 9.371], "texture": "#0"}
			}
		},
		{
			"from": [7.6355, 2.7405, 7.6355],
			"to": [8.3645, 3.4695, 8.3645],
			"rotation": {"angle": 0, "axis": "y", "origin": [7.73, 2.565, 7.73]},
			"faces": {
				"north": {"uv": [9.254, 0.004, 9.496, 0.246], "texture": "#0"},
				"east": {"uv": [9.254, 1.379, 9.496, 1.621], "texture": "#0"},
				"south": {"uv": [9.254, 2.004, 9.496, 2.246], "texture": "#0"},
				"west": {"uv": [2.254, 9.254, 2.496, 9.496], "texture": "#0"},
				"up": {"uv": [9.496, 2.496, 9.254, 2.254], "texture": "#0"},
				"down": {"uv": [2.746, 9.254, 2.504, 9.496], "texture": "#0"}
			}
		},
		{
			"from": [7.6355, 0.1755, 7.6355],
			"to": [8.3645, 1.1745, 8.3645],
			"rotation": {"angle": 0, "axis": "y", "origin": [7.73, 0.405, 7.73]},
			"faces": {
				"north": {"uv": [9.004, 2.129, 9.246, 2.496], "texture": "#0"},
				"east": {"uv": [9.004, 3.629, 9.246, 3.996], "texture": "#0"},
				"south": {"uv": [9.004, 4.754, 9.246, 5.121], "texture": "#0"},
				"west": {"uv": [5.004, 9.004, 5.246, 9.371], "texture": "#0"},
				"up": {"uv": [9.496, 2.746, 9.254, 2.504], "texture": "#0"},
				"down": {"uv": [2.996, 9.254, 2.754, 9.496], "texture": "#0"}
			}
		},
		{
			"from": [7.8245, -0.4455, 7.8245],
			"to": [8.1755, 0.1755, 8.1755],
			"rotation": {"angle": 0, "axis": "y", "origin": [7.73, -0.405, 7.73]},
			"faces": {
				"north": {"uv": [9.004, 5.129, 9.246, 5.496], "texture": "#0"},
				"east": {"uv": [6.254, 9.004, 6.496, 9.371], "texture": "#0"},
				"south": {"uv": [9.004, 7.629, 9.246, 7.996], "texture": "#0"},
				"west": {"uv": [8.879, 9.004, 9.121, 9.371], "texture": "#0"},
				"up": {"uv": [9.496, 2.996, 9.254, 2.754], "texture": "#0"},
				"down": {"uv": [9.496, 3.004, 9.254, 3.246], "texture": "#0"}
			}
		},
		{
			"from": [7.541, 0.486, 7.541],
			"to": [8.459, 0.864, 8.459],
			"rotation": {"angle": 0, "axis": "y", "origin": [7.865, 0.405, 7.595]},
			"faces": {
				"north": {"uv": [3.754, 5.504, 4.121, 5.621], "texture": "#0"},
				"east": {"uv": [4.129, 5.504, 4.496, 5.621], "texture": "#0"},
				"south": {"uv": [4.504, 5.504, 4.871, 5.621], "texture": "#0"},
				"west": {"uv": [6.004, 3.629, 6.371, 3.746], "texture": "#0"},
				"up": {"uv": [9.121, 2.121, 8.754, 1.754], "texture": "#0"},
				"down": {"uv": [7.746, 8.754, 7.379, 9.121], "texture": "#0"}
			}
		},
		{
			"from": [6.272, 20.034, 9.512],
			"to": [9.728, 20.682, 9.728],
			"rotation": {"angle": 0, "axis": "y", "origin": [8, 18.098, 8.054]},
			"faces": {
				"north": {"uv": [6.004, 3.254, 7.996, 3.621], "texture": "#0"},
				"east": {"uv": [6.879, 8.379, 6.996, 8.746], "texture": "#0"},
				"south": {"uv": [6.504, 3.629, 8.496, 3.996], "texture": "#0"},
				"west": {"uv": [4.129, 9.129, 4.246, 9.496], "texture": "#0"},
				"up": {"uv": [9.996, 3.621, 8.004, 3.504], "texture": "#0"},
				"down": {"uv": [10.121, 6.629, 8.129, 6.746], "texture": "#0"}
			}
		},
		{
			"from": [6.056, 18.954, 9.728],
			"to": [7.352, 20.034, 10.16],
			"rotation": {"angle": 0, "axis": "y", "origin": [8, 18.098, 8.054]},
			"faces": {
				"north": {"uv": [7.379, 6.254, 8.121, 6.871], "texture": "#0"},
				"east": {"uv": [8.629, 8.629, 8.871, 9.246], "texture": "#0"},
				"south": {"uv": [7.754, 2.629, 8.496, 3.246], "texture": "#0"},
				"west": {"uv": [8.754, 0.004, 8.996, 0.621], "texture": "#0"},
				"up": {"uv": [8.996, 2.496, 8.254, 2.254], "texture": "#0"},
				"down": {"uv": [9.246, 2.504, 8.504, 2.746], "texture": "#0"}
			}
		},
		{
			"from": [7.352, 19.17, 9.728],
			"to": [8.648, 20.034, 10.16],
			"rotation": {"angle": 0, "axis": "y", "origin": [8, 18.098, 8.054]},
			"faces": {
				"north": {"uv": [5.004, 8.004, 5.746, 8.496], "texture": "#0"},
				"east": {"uv": [8.754, 7.629, 8.996, 8.121], "texture": "#0"},
				"south": {"uv": [8.004, 7.629, 8.746, 8.121], "texture": "#0"},
				"west": {"uv": [7.754, 8.754, 7.996, 9.246], "texture": "#0"},
				"up": {"uv": [9.246, 2.996, 8.504, 2.754], "texture": "#0"},
				"down": {"uv": [9.246, 3.004, 8.504, 3.246], "texture": "#0"}
			}
		},
		{
			"from": [6.272, 20.034, 8.216],
			"to": [6.488, 20.682, 9.512],
			"rotation": {"angle": 0, "axis": "y", "origin": [8, 18.098, 8.054]},
			"faces": {
				"north": {"uv": [6.754, 9.129, 6.871, 9.496], "texture": "#0"},
				"east": {"uv": [8.129, 5.504, 8.871, 5.871], "texture": "#0"},
				"south": {"uv": [5.629, 9.254, 5.746, 9.621], "texture": "#0"},
				"west": {"uv": [8.129, 5.879, 8.871, 6.246], "texture": "#0"},
				"up": {"uv": [3.496, 7.121, 3.379, 6.379], "texture": "#0"},
				"down": {"uv": [5.746, 8.504, 5.629, 9.246], "texture": "#0"}
			}
		},
		{
			"from": [5.84, 18.738, 7.784],
			"to": [6.272, 20.034, 9.728],
			"rotation": {"angle": 0, "axis": "y", "origin": [8, 18.098, 8.054]},
			"faces": {
				"north": {"uv": [3.254, 5.629, 3.496, 6.371], "texture": "#0"},
				"east": {"uv": [6.254, 0.879, 7.371, 1.621], "texture": "#0"},
				"south": {"uv": [6.629, 8.379, 6.871, 9.121], "texture": "#0"},
				"west": {"uv": [3.754, 6.254, 4.871, 6.996], "texture": "#0"},
				"up": {"uv": [8.246, 9.246, 8.004, 8.129], "texture": "#0"},
				"down": {"uv": [0.246, 8.254, 0.004, 9.371], "texture": "#0"}
			}
		},
		{
			"from": [6.272, 17.658, 6.056],
			"to": [6.92, 18.738, 6.488],
			"rotation": {"angle": 0, "axis": "y", "origin": [8, 18.098, 8.054]},
			"faces": {
				"north": {"uv": [4.879, 6.254, 5.246, 6.871], "texture": "#0"},
				"east": {"uv": [1.004, 8.754, 1.246, 9.371], "texture": "#0"},
				"south": {"uv": [7.004, 5.504, 7.371, 6.121], "texture": "#0"},
				"west": {"uv": [3.254, 8.754, 3.496, 9.371], "texture": "#0"},
				"up": {"uv": [7.746, 1.746, 7.379, 1.504], "texture": "#0"},
				"down": {"uv": [9.371, 0.379, 9.004, 0.621], "texture": "#0"}
			}
		},
		{
			"from": [9.72822, 17.87422, 6.48822],
			"to": [10.15978, 19.16978, 8.21578],
			"rotation": {"angle": 0, "axis": "y", "origin": [8, 18.098, 8.054]},
			"faces": {
				"north": {"uv": [3.504, 8.504, 3.746, 9.246], "texture": "#0"},
				"east": {"uv": [6.504, 4.004, 7.496, 4.746], "texture": "#0"},
				"south": {"uv": [8.504, 3.629, 8.746, 4.371], "texture": "#0"},
				"west": {"uv": [6.504, 4.754, 7.496, 5.496], "texture": "#0"},
				"up": {"uv": [2.496, 9.246, 2.254, 8.254], "texture": "#0"},
				"down": {"uv": [2.746, 8.254, 2.504, 9.246], "texture": "#0"}
			}
		},
		{
			"from": [9.08, 17.658, 6.056],
			"to": [9.728, 18.738, 6.488],
			"rotation": {"angle": 0, "axis": "y", "origin": [8, 18.098, 8.054]},
			"faces": {
				"north": {"uv": [8.254, 8.129, 8.621, 8.746], "texture": "#0"},
				"east": {"uv": [8.754, 3.629, 8.996, 4.246], "texture": "#0"},
				"south": {"uv": [6.254, 8.379, 6.621, 8.996], "texture": "#0"},
				"west": {"uv": [8.754, 4.879, 8.996, 5.496], "texture": "#0"},
				"up": {"uv": [9.371, 4.246, 9.004, 4.004], "texture": "#0"},
				"down": {"uv": [9.496, 1.754, 9.129, 1.996], "texture": "#0"}
			}
		},
		{
			"from": [7.984, 16.378, 6.056],
			"to": [8.632, 17.242, 6.488],
			"rotation": {"angle": 0, "axis": "y", "origin": [8, 18.098, 8.054]},
			"faces": {
				"north": {"uv": [8.504, 4.379, 8.871, 4.871], "texture": "#0"},
				"east": {"uv": [8.254, 8.754, 8.496, 9.246], "texture": "#0"},
				"south": {"uv": [5.004, 8.504, 5.371, 8.996], "texture": "#0"},
				"west": {"uv": [8.879, 4.254, 9.121, 4.746], "texture": "#0"},
				"up": {"uv": [4.121, 9.371, 3.754, 9.129], "texture": "#0"},
				"down": {"uv": [9.496, 4.254, 9.129, 4.496], "texture": "#0"}
			}
		},
		{
			"from": [8.2, 15.946, 6.056],
			"to": [8.632, 16.378, 6.488],
			"rotation": {"angle": 0, "axis": "y", "origin": [8, 18.098, 8.054]},
			"faces": {
				"north": {"uv": [3.504, 9.254, 3.746, 9.496], "texture": "#0"},
				"east": {"uv": [9.254, 3.629, 9.496, 3.871], "texture": "#0"},
				"south": {"uv": [9.254, 4.754, 9.496, 4.996], "texture": "#0"},
				"west": {"uv": [9.254, 5.004, 9.496, 5.246], "texture": "#0"},
				"up": {"uv": [9.496, 5.496, 9.254, 5.254], "texture": "#0"},
				"down": {"uv": [5.621, 9.254, 5.379, 9.496], "texture": "#0"}
			}
		},
		{
			"from": [7.984, 15.73, 6.056],
			"to": [8.416, 15.946, 6.272],
			"rotation": {"angle": 0, "axis": "y", "origin": [8, 18.098, 8.054]},
			"faces": {
				"north": {"uv": [6.254, 1.629, 6.496, 1.746], "texture": "#0"},
				"east": {"uv": [4.879, 5.504, 4.996, 5.621], "texture": "#0"},
				"south": {"uv": [6.504, 1.629, 6.746, 1.746], "texture": "#0"},
				"west": {"uv": [3.254, 6.379, 3.371, 6.496], "texture": "#0"},
				"up": {"uv": [6.746, 5.621, 6.504, 5.504], "texture": "#0"},
				"down": {"uv": [6.996, 1.629, 6.754, 1.746], "texture": "#0"}
			}
		},
		{
			"from": [8.632, 16.378, 6.056],
			"to": [8.848, 16.81, 6.488],
			"rotation": {"angle": 0, "axis": "y", "origin": [8, 18.098, 8.054]},
			"faces": {
				"north": {"uv": [0.129, 9.379, 0.246, 9.621], "texture": "#0"},
				"east": {"uv": [7.629, 9.254, 7.871, 9.496], "texture": "#0"},
				"south": {"uv": [0.254, 9.379, 0.371, 9.621], "texture": "#0"},
				"west": {"uv": [9.254, 7.629, 9.496, 7.871], "texture": "#0"},
				"up": {"uv": [9.496, 0.496, 9.379, 0.254], "texture": "#0"},
				"down": {"uv": [0.496, 9.379, 0.379, 9.621], "texture": "#0"}
			}
		},
		{
			"from": [8.848, 16.594, 6.056],
			"to": [9.064, 16.81, 6.272],
			"rotation": {"angle": 0, "axis": "y", "origin": [8, 18.098, 8.054]},
			"faces": {
				"north": {"uv": [6.379, 3.629, 6.496, 3.746], "texture": "#0"},
				"east": {"uv": [6.754, 5.504, 6.871, 5.621], "texture": "#0"},
				"south": {"uv": [4.879, 6.879, 4.996, 6.996], "texture": "#0"},
				"west": {"uv": [5.004, 6.879, 5.121, 6.996], "texture": "#0"},
				"up": {"uv": [5.246, 6.996, 5.129, 6.879], "texture": "#0"},
				"down": {"uv": [6.996, 5.504, 6.879, 5.621], "texture": "#0"}
			}
		},
		{
			"from": [8.432, 17.226, 6.056],
			"to": [9.296, 17.658, 6.488],
			"rotation": {"angle": 0, "axis": "y", "origin": [8, 18.098, 8.054]},
			"faces": {
				"north": {"uv": [8.879, 5.504, 9.371, 5.746], "texture": "#0"},
				"east": {"uv": [7.879, 9.254, 8.121, 9.496], "texture": "#0"},
				"south": {"uv": [8.879, 5.754, 9.371, 5.996], "texture": "#0"},
				"west": {"uv": [9.254, 7.879, 9.496, 8.121], "texture": "#0"},
				"up": {"uv": [9.371, 6.246, 8.879, 6.004], "texture": "#0"},
				"down": {"uv": [9.371, 6.254, 8.879, 6.496], "texture": "#0"}
			}
		},
		{
			"from": [9.512, 20.034, 8.216],
			"to": [9.728, 20.682, 9.512],
			"rotation": {"angle": 0, "axis": "y", "origin": [8, 18.098, 8.054]},
			"faces": {
				"north": {"uv": [8.379, 9.254, 8.496, 9.621], "texture": "#0"},
				"east": {"uv": [8.129, 6.254, 8.871, 6.621], "texture": "#0"},
				"south": {"uv": [0.004, 9.379, 0.121, 9.746], "texture": "#0"},
				"west": {"uv": [8.254, 1.379, 8.996, 1.746], "texture": "#0"},
				"up": {"uv": [8.621, 9.496, 8.504, 8.754], "texture": "#0"},
				"down": {"uv": [5.371, 9.004, 5.254, 9.746], "texture": "#0"}
			}
		},
		{
			"from": [9.728, 18.738, 7.784],
			"to": [10.16, 20.034, 9.728],
			"rotation": {"angle": 0, "axis": "y", "origin": [8, 18.098, 8.054]},
			"faces": {
				"north": {"uv": [5.379, 8.504, 5.621, 9.246], "texture": "#0"},
				"east": {"uv": [6.254, 6.129, 7.371, 6.871], "texture": "#0"},
				"south": {"uv": [4.254, 8.629, 4.496, 9.371], "texture": "#0"},
				"west": {"uv": [2.254, 6.504, 3.371, 7.246], "texture": "#0"},
				"up": {"uv": [0.496, 9.371, 0.254, 8.254], "texture": "#0"},
				"down": {"uv": [0.746, 8.254, 0.504, 9.371], "texture": "#0"}
			}
		},
		{
			"from": [5.84022, 17.87422, 6.48822],
			"to": [6.27178, 19.16978, 8.21578],
			"rotation": {"angle": 0, "axis": "y", "origin": [8, 18.098, 8.054]},
			"faces": {
				"north": {"uv": [4.504, 8.629, 4.746, 9.371], "texture": "#0"},
				"east": {"uv": [0.004, 6.754, 0.996, 7.496], "texture": "#0"},
				"south": {"uv": [4.754, 8.629, 4.996, 9.371], "texture": "#0"},
				"west": {"uv": [6.254, 6.879, 7.246, 7.621], "texture": "#0"},
				"up": {"uv": [2.996, 9.246, 2.754, 8.254], "texture": "#0"},
				"down": {"uv": [8.496, 4.004, 8.254, 4.996], "texture": "#0"}
			}
		},
		{
			"from": [8.648, 18.954, 9.728],
			"to": [9.944, 20.034, 10.16],
			"rotation": {"angle": 0, "axis": "y", "origin": [8, 18.098, 8.054]},
			"faces": {
				"north": {"uv": [8.004, 0.004, 8.746, 0.621], "texture": "#0"},
				"east": {"uv": [6.879, 8.754, 7.121, 9.371], "texture": "#0"},
				"south": {"uv": [4.254, 8.004, 4.996, 8.621], "texture": "#0"},
				"west": {"uv": [7.129, 8.754, 7.371, 9.371], "texture": "#0"},
				"up": {"uv": [9.371, 8.371, 8.629, 8.129], "texture": "#0"},
				"down": {"uv": [9.371, 8.379, 8.629, 8.621], "texture": "#0"}
			}
		},
		{
			"from": [6.488, 19.818, 6.488],
			"to": [9.512, 20.682, 9.512],
			"rotation": {"angle": 0, "axis": "y", "origin": [8, 19.818, 8]},
			"faces": {
				"north": {"uv": [5.254, 5.629, 6.996, 6.121], "texture": "#0"},
				"east": {"uv": [6.004, 1.754, 7.746, 2.246], "texture": "#0"},
				"south": {"uv": [6.004, 2.254, 7.746, 2.746], "texture": "#0"},
				"west": {"uv": [6.004, 2.754, 7.746, 3.246], "texture": "#0"},
				"up": {"uv": [1.746, 1.746, 0.004, 0.004], "texture": "#0"},
				"down": {"uv": [1.746, 1.754, 0.004, 3.496], "texture": "#0"}
			}
		},
		{
			"from": [6.488, 20.682, 6.488],
			"to": [9.512, 21.114, 9.512],
			"rotation": {"angle": 0, "axis": "y", "origin": [7.784, 20.682, 7.784]},
			"faces": {
				"north": {"uv": [8.004, 3.254, 9.746, 3.496], "texture": "#0"},
				"east": {"uv": [8.004, 6.879, 9.746, 7.121], "texture": "#0"},
				"south": {"uv": [8.004, 7.129, 9.746, 7.371], "texture": "#0"},
				"west": {"uv": [8.004, 7.379, 9.746, 7.621], "texture": "#0"},
				"up": {"uv": [3.496, 1.746, 1.754, 0.004], "texture": "#0"},
				"down": {"uv": [3.496, 1.754, 1.754, 3.496], "texture": "#0"}
			}
		},
		{
			"from": [6.704, 21.114, 6.704],
			"to": [9.296, 22.194, 9.296],
			"rotation": {"angle": 0, "axis": "y", "origin": [7.784, 20.898, 7.784]},
			"faces": {
				"north": {"uv": [5.004, 3.754, 6.496, 4.371], "texture": "#0"},
				"east": {"uv": [5.004, 4.379, 6.496, 4.996], "texture": "#0"},
				"south": {"uv": [5.004, 5.004, 6.496, 5.621], "texture": "#0"},
				"west": {"uv": [3.754, 5.629, 5.246, 6.246], "texture": "#0"},
				"up": {"uv": [1.496, 4.996, 0.004, 3.504], "texture": "#0"},
				"down": {"uv": [4.996, 0.004, 3.504, 1.496], "texture": "#0"}
			}
		},
		{
			"from": [6.92, 22.194, 6.92],
			"to": [9.08, 23.706, 9.08],
			"rotation": {"angle": 0, "axis": "y", "origin": [7.784, 22.41, 7.784]},
			"faces": {
				"north": {"uv": [2.254, 4.754, 3.496, 5.621], "texture": "#0"},
				"east": {"uv": [0.004, 5.004, 1.246, 5.871], "texture": "#0"},
				"south": {"uv": [5.004, 0.004, 6.246, 0.871], "texture": "#0"},
				"west": {"uv": [5.004, 0.879, 6.246, 1.746], "texture": "#0"},
				"up": {"uv": [4.996, 3.996, 3.754, 2.754], "texture": "#0"},
				"down": {"uv": [4.996, 4.004, 3.754, 5.246], "texture": "#0"}
			}
		},
		{
			"from": [7.136, 23.706, 7.136],
			"to": [8.864, 25.218, 8.864],
			"rotation": {"angle": 0, "axis": "y", "origin": [7.784, 23.706, 7.784]},
			"faces": {
				"north": {"uv": [2.254, 5.629, 3.246, 6.496], "texture": "#0"},
				"east": {"uv": [0.004, 5.879, 0.996, 6.746], "texture": "#0"},
				"south": {"uv": [5.254, 6.129, 6.246, 6.996], "texture": "#0"},
				"west": {"uv": [6.254, 0.004, 7.246, 0.871], "texture": "#0"},
				"up": {"uv": [5.996, 2.746, 5.004, 1.754], "texture": "#0"},
				"down": {"uv": [5.996, 2.754, 5.004, 3.746], "texture": "#0"}
			}
		},
		{
			"from": [7.352, 25.218, 7.352],
			"to": [8.648, 26.946, 8.648],
			"rotation": {"angle": 0, "axis": "y", "origin": [7.784, 25.218, 7.784]},
			"faces": {
				"north": {"uv": [3.754, 7.004, 4.496, 7.996], "texture": "#0"},
				"east": {"uv": [4.504, 7.004, 5.246, 7.996], "texture": "#0"},
				"south": {"uv": [5.254, 7.004, 5.996, 7.996], "texture": "#0"},
				"west": {"uv": [2.254, 7.254, 2.996, 8.246], "texture": "#0"},
				"up": {"uv": [8.246, 5.496, 7.504, 4.754], "texture": "#0"},
				"down": {"uv": [6.996, 7.629, 6.254, 8.371], "texture": "#0"}
			}
		},
		{
			"from": [7.568, 26.946, 7.568],
			"to": [8.432, 28.89, 8.432],
			"rotation": {"angle": 0, "axis": "y", "origin": [7.784, 26.946, 7.784]},
			"faces": {
				"north": {"uv": [7.004, 7.629, 7.496, 8.746], "texture": "#0"},
				"east": {"uv": [7.504, 7.629, 7.996, 8.746], "texture": "#0"},
				"south": {"uv": [7.754, 1.504, 8.246, 2.621], "texture": "#0"},
				"west": {"uv": [3.754, 8.004, 4.246, 9.121], "texture": "#0"},
				"up": {"uv": [8.746, 2.246, 8.254, 1.754], "texture": "#0"},
				"down": {"uv": [8.746, 5.004, 8.254, 5.496], "texture": "#0"}
			}
		},
		{
			"from": [7.784, 28.89, 7.784],
			"to": [8.216, 31.482, 8.216],
			"rotation": {"angle": 0, "axis": "y", "origin": [7.784, 28.89, 7.784]},
			"faces": {
				"north": {"uv": [3.254, 7.254, 3.496, 8.746], "texture": "#0"},
				"east": {"uv": [0.754, 7.504, 0.996, 8.996], "texture": "#0"},
				"south": {"uv": [1.254, 7.879, 1.496, 9.371], "texture": "#0"},
				"west": {"uv": [5.754, 8.004, 5.996, 9.496], "texture": "#0"},
				"up": {"uv": [8.371, 9.496, 8.129, 9.254], "texture": "#0"},
				"down": {"uv": [8.871, 9.254, 8.629, 9.496], "texture": "#0"}
			}
		}
	],
	"gui_light": "front",
	"display": {
		"thirdperson_righthand": {
			"rotation": [0, 36, 0],
			"translation": [0, -11.25, 0.75],
			"scale": [1.5, 1.5, 1.5]
		},
		"thirdperson_lefthand": {
			"rotation": [0, 36, 0],
			"translation": [0, -11.25, 0.75],
			"scale": [1.5, 1.5, 1.5]
		},
		"firstperson_righthand": {
			"rotation": [0, 107, 0],
			"translation": [1.25, -9, 0]
		},
		"firstperson_lefthand": {
			"rotation": [0, 107, 0],
			"translation": [1.25, -9, 0]
		},
		"ground": {
			"translation": [0, 2.25, 0],
			"scale": [0.4, 0.4, 0.4]
		},
		"gui": {
			"rotation": [169.06, 10.74, -133.99],
			"translation": [-3.5, -3.5, 0],
			"scale": [0.65, 0.65, 0.65]
		},
		"head": {
			"translation": [0, 0, 7]
		},
		"fixed": {
			"translation": [0, -5, -0.75],
			"scale": [0.7, 0.7, 0.7]
		}
	},
	"groups": [
		{
			"name": "automaton_assault",
			"origin": [8, 0, 8],
			"color": 0,
			"children": [
				{
					"name": "handlebottom",
					"origin": [8, 2.16, 8],
					"color": 0,
					"children": [0, 1, 2, 3, 4, 5, 6, 7, 8]
				},
				{
					"name": "tiptop",
					"origin": [8, 18.09, 8],
					"color": 0,
					"children": [
						{
							"name": "guard",
							"origin": [8, 18.09, 8],
							"color": 0,
							"children": [9, 10, 11, 12, 13, 14, 15, 16, 17, 18, 19, 20, 21, 22, 23, 24, 25, 26]
						},
						{
							"name": "pane",
							"origin": [8, 18.09, 8],
							"color": 0,
							"children": [27]
						},
						{
							"name": "tip",
							"origin": [8, 22.41, 8],
							"color": 0,
							"children": [28, 29, 30, 31, 32, 33, 34]
						}
					]
				}
			]
		}
	]
}