{
	"credit": "Made with Blockbench",
	"texture_size": [64, 64],
	"textures": {
		"0": "holocraft:item/beesechurger",
		"particle": "holocraft:item/beesechurger"
	},
	"elements": [
		{
			"name": "Cheese",
			"from": [4, 6.8, 4],
			"to": [12, 7, 12],
			"rotation": {"angle": -22.5, "axis": "y", "origin": [8, 6.9, 8]},
			"faces": {
				"north": {"uv": [7.75, 0, 9.75, 0.25], "texture": "#0"},
				"east": {"uv": [7.75, 0.25, 9.75, 0.5], "texture": "#0"},
				"south": {"uv": [7.75, 0.5, 9.75, 0.75], "texture": "#0"},
				"west": {"uv": [7.75, 0.75, 9.75, 1], "texture": "#0"},
				"up": {"uv": [4, 6, 2, 4], "texture": "#0"},
				"down": {"uv": [6, 2, 4, 4], "texture": "#0"}
			}
		},
		{
			"name": "bun",
			"from": [4, 4.8, 4],
			"to": [12, 6.8, 12],
			"rotation": {"angle": 0, "axis": "y", "origin": [7, 4.8, 7]},
			"faces": {
				"north": {"uv": [6, 3.25, 8, 3.75], "texture": "#0"},
				"east": {"uv": [1.75, 6.5, 3.75, 7], "texture": "#0"},
				"south": {"uv": [1.75, 7, 3.75, 7.5], "texture": "#0"},
				"west": {"uv": [1.75, 7.5, 3.75, 8], "texture": "#0"},
				"up": {"uv": [4, 2, 2, 0], "texture": "#0"},
				"down": {"uv": [4, 2, 2, 4], "texture": "#0"}
			}
		},
		{
			"name": "meat layer",
			"from": [4.6, 3.2, 4.6],
			"to": [11.4, 5, 11.4],
			"rotation": {"angle": 0, "axis": "y", "origin": [6.5, 3.1, 6.5]},
			"faces": {
				"north": {"uv": [3.75, 7.5, 5.5, 8], "texture": "#0"},
				"east": {"uv": [7.5, 3.75, 9.25, 4.25], "texture": "#0"},
				"south": {"uv": [7.5, 4.25, 9.25, 4.75], "texture": "#0"},
				"west": {"uv": [7.5, 4.75, 9.25, 5.25], "texture": "#0"},
				"up": {"uv": [5.75, 5.75, 4, 4], "texture": "#0"},
				"down": {"uv": [5.75, 5.75, 4, 7.5], "texture": "#0"}
			}
		},
		{
			"name": "meat",
			"from": [4.7, 3.3, 4.7],
			"to": [11.3, 4.9, 11.3],
			"rotation": {"angle": 0, "axis": "y", "origin": [6.5, 3.1, 6.5]},
			"faces": {
				"north": {"uv": [7.5, 5.25, 9.25, 5.75], "texture": "#0"},
				"east": {"uv": [5.5, 7.5, 7.25, 8], "texture": "#0"},
				"south": {"uv": [7.5, 5.75, 9.25, 6.25], "texture": "#0"},
				"west": {"uv": [7.5, 6.25, 9.25, 6.75], "texture": "#0"},
				"up": {"uv": [7.5, 5.75, 5.75, 4], "texture": "#0"},
				"down": {"uv": [7.5, 5.75, 5.75, 7.5], "texture": "#0"}
			}
		},
		{
			"name": "ketchup",
			"from": [4.4, 2.2, 4.4],
			"to": [11.6, 3.4, 11.6],
			"rotation": {"angle": 0, "axis": "y", "origin": [6.5, 2.3, 6.5]},
			"faces": {
				"north": {"uv": [0, 7.75, 1.75, 8], "texture": "#0"},
				"east": {"uv": [7.75, 1, 9.5, 1.25], "texture": "#0"},
				"south": {"uv": [7.75, 1.25, 9.5, 1.5], "texture": "#0"},
				"west": {"uv": [7.75, 1.5, 9.5, 1.75], "texture": "#0"},
				"up": {"uv": [1.75, 7.75, 0, 6], "texture": "#0"},
				"down": {"uv": [7.75, 0, 6, 1.75], "texture": "#0"}
			}
		},
		{
			"name": "bun",
			"from": [4, 0.3, 4],
			"to": [12, 2.3, 12],
			"rotation": {"angle": 0, "axis": "y", "origin": [7, 0.3, 7]},
			"faces": {
				"north": {"uv": [1.75, 6, 3.75, 6.5], "texture": "#0"},
				"east": {"uv": [6, 1.75, 8, 2.25], "texture": "#0"},
				"south": {"uv": [6, 2.25, 8, 2.75], "texture": "#0"},
				"west": {"uv": [6, 2.75, 8, 3.25], "texture": "#0"},
				"up": {"uv": [2, 2, 0, 0], "texture": "#0"},
				"down": {"uv": [2, 2, 0, 4], "texture": "#0"}
			}
		},
		{
			"name": "Cheese",
			"from": [4, 0.1, 4],
			"to": [12, 0.3, 12],
			"rotation": {"angle": 22.5, "axis": "y", "origin": [8, 0.2, 8]},
			"faces": {
				"north": {"uv": [7.5, 6.75, 9.5, 7], "texture": "#0"},
				"east": {"uv": [7.5, 7, 9.5, 7.25], "texture": "#0"},
				"south": {"uv": [7.25, 7.5, 9.25, 7.75], "texture": "#0"},
				"west": {"uv": [7.5, 7.25, 9.5, 7.5], "texture": "#0"},
				"up": {"uv": [2, 6, 0, 4], "texture": "#0"},
				"down": {"uv": [6, 0, 4, 2], "texture": "#0"}
			}
		}
	],
	"gui_light": "front",
	"display": {
		"thirdperson_righthand": {
			"rotation": [0, 63, 0],
			"translation": [-1, 3, 0],
			"scale": [0.5, 0.5, 0.5]
		},
		"thirdperson_lefthand": {
			"rotation": [0, 63, 0],
			"translation": [-1, 3, 0],
			"scale": [0.5, 0.5, 0.5]
		},
		"firstperson_righthand": {
			"rotation": [-3.14, 15.45, 11.68],
			"translation": [0, 5.5, 0],
			"scale": [0.6, 0.6, 0.6]
		},
		"firstperson_lefthand": {
			"rotation": [-3.14, 15.45, 11.68],
			"translation": [0, 5.5, 0],
			"scale": [0.6, 0.6, 0.6]
		},
		"ground": {
			"translation": [0, 2, 0],
			"scale": [0.5, 0.5, 0.5]
		},
		"gui": {
			"rotation": [17, 27.96, -4.51],
			"translation": [0.5, 5.25, 0],
			"scale": [1.2, 1.2, 1.2]
		},
		"head": {
			"translation": [0, 18, 0]
		},
		"fixed": {
			"rotation": [-90, 0, 0],
			"translation": [0, -0.5, -12.5],
			"scale": [1.7, 1.7, 1.7]
		}
	},
	"groups": [
		{
			"name": "beesechurger",
			"origin": [8, 8, 8],
			"color": 0,
			"children": [0, 1, 2, 3, 4, 5, 6]
		}
	]
}