{
	"credit": "Made with Blockbench",
	"texture_size": [128, 128],
	"textures": {
		"0": "holocraft:item/bookmark_of_memories"
	},
	"elements": [
		{
			"from": [0.3, 9.975, 8],
			"to": [11.5, 30.975, 8],
			"rotation": {"angle": 0, "axis": "y", "origin": [-1.45, 16.975, 8]},
			"faces": {
				"north": {"uv": [0.004, 0.004, 5.246, 8.746], "texture": "#0"},
				"east": {"uv": [0.004, 0.004, 0.004, 8.746], "texture": "#0"},
				"south": {"uv": [5.254, 0.004, 10.496, 8.746], "texture": "#0"},
				"west": {"uv": [5.254, 0.004, 5.254, 8.746], "texture": "#0"},
				"up": {"uv": [5.246, 0.004, 0.004, 0.004], "texture": "#0"},
				"down": {"uv": [10.496, 0.004, 5.254, 0.004], "texture": "#0"}
			}
		},
		{
			"from": [7.405, 1.855, 7.405],
			"to": [8.595, 6.195, 8.595],
			"rotation": {"angle": 0, "axis": "y", "origin": [7.65, 1.75, 7.65]},
			"faces": {
				"north": {"uv": [0.5, 9.625, 1, 11.25], "texture": "#0"},
				"east": {"uv": [0, 9.625, 0.5, 11.25], "texture": "#0"},
				"south": {"uv": [1.5, 9.625, 2, 11.25], "texture": "#0"},
				"west": {"uv": [1, 9.625, 1.5, 11.25], "texture": "#0"},
				"up": {"uv": [1, 9.625, 0.5, 9.125], "texture": "#0"},
				"down": {"uv": [1.5, 9.125, 1, 9.625], "texture": "#0"}
			}
		},
		{
			"from": [7.3, 1.995, 7.3],
			"to": [8.7, 3.745, 8.7],
			"rotation": {"angle": 0, "axis": "y", "origin": [7.65, 1.995, 7.65]},
			"faces": {
				"north": {"uv": [7.75, 9.625, 8.25, 10.25], "texture": "#0"},
				"east": {"uv": [7.25, 9.625, 7.75, 10.25], "texture": "#0"},
				"south": {"uv": [8.75, 9.625, 9.25, 10.25], "texture": "#0"},
				"west": {"uv": [8.25, 9.625, 8.75, 10.25], "texture": "#0"},
				"up": {"uv": [8.25, 9.625, 7.75, 9.125], "texture": "#0"},
				"down": {"uv": [8.75, 9.125, 8.25, 9.625], "texture": "#0"}
			}
		},
		{
			"from": [7.405, 7.105, 7.405],
			"to": [8.595, 9.695, 8.595],
			"rotation": {"angle": 0, "axis": "y", "origin": [7.65, 3.5, 7.65]},
			"faces": {
				"north": {"uv": [2.5, 9.625, 3, 10.625], "texture": "#0"},
				"east": {"uv": [2, 9.625, 2.5, 10.625], "texture": "#0"},
				"south": {"uv": [3.5, 9.625, 4, 10.625], "texture": "#0"},
				"west": {"uv": [3, 9.625, 3.5, 10.625], "texture": "#0"},
				"up": {"uv": [3, 9.625, 2.5, 9.125], "texture": "#0"},
				"down": {"uv": [3.5, 9.125, 3, 9.625], "texture": "#0"}
			}
		},
		{
			"from": [7.475, 6.125, 7.475],
			"to": [8.525, 7.175, 8.525],
			"rotation": {"angle": 0, "axis": "y", "origin": [7.65, 2.45, 7.65]},
			"faces": {
				"north": {"uv": [4.5, 9.875, 5, 10.375], "texture": "#0"},
				"east": {"uv": [4, 9.875, 4.5, 10.375], "texture": "#0"},
				"south": {"uv": [5.5, 9.875, 6, 10.375], "texture": "#0"},
				"west": {"uv": [5, 9.875, 5.5, 10.375], "texture": "#0"},
				"up": {"uv": [5, 9.875, 4.5, 9.375], "texture": "#0"},
				"down": {"uv": [5.5, 9.375, 5, 9.875], "texture": "#0"}
			}
		},
		{
			"from": [7.3, 6.3, 7.3],
			"to": [8.7, 7, 8.7],
			"rotation": {"angle": 0, "axis": "y", "origin": [7.65, 2.8, 7.65]},
			"faces": {
				"north": {"uv": [9.75, 10.625, 10.25, 10.875], "texture": "#0"},
				"east": {"uv": [9.25, 10.625, 9.75, 10.875], "texture": "#0"},
				"south": {"uv": [10.75, 10.625, 11.25, 10.875], "texture": "#0"},
				"west": {"uv": [10.25, 10.625, 10.75, 10.875], "texture": "#0"},
				"up": {"uv": [10.25, 10.625, 9.75, 10.125], "texture": "#0"},
				"down": {"uv": [10.75, 10.125, 10.25, 10.625], "texture": "#0"}
			}
		},
		{
			"from": [7.615, 1.575, 7.615],
			"to": [8.385, 1.995, 8.385],
			"rotation": {"angle": 0, "axis": "y", "origin": [7.65, 1.61, 7.65]},
			"faces": {
				"north": {"uv": [4.25, 10.625, 4.5, 10.75], "texture": "#0"},
				"east": {"uv": [4, 10.625, 4.25, 10.75], "texture": "#0"},
				"south": {"uv": [4.75, 10.625, 5, 10.75], "texture": "#0"},
				"west": {"uv": [4.5, 10.625, 4.75, 10.75], "texture": "#0"},
				"up": {"uv": [4.5, 10.625, 4.25, 10.375], "texture": "#0"},
				"down": {"uv": [4.75, 10.375, 4.5, 10.625], "texture": "#0"}
			}
		},
		{
			"from": [6.95, 9.1, 7.65],
			"to": [9.05, 11.2, 8.35],
			"rotation": {"angle": 45, "axis": "z", "origin": [8, 10.15, 8]},
			"faces": {
				"north": {"uv": [9.5, 9.375, 10.25, 10.125], "texture": "#0"},
				"east": {"uv": [9.25, 9.375, 9.5, 10.125], "texture": "#0"},
				"south": {"uv": [10.5, 9.375, 11.25, 10.125], "texture": "#0"},
				"west": {"uv": [10.25, 9.375, 10.5, 10.125], "texture": "#0"},
				"up": {"uv": [10.25, 9.375, 9.5, 9.125], "texture": "#0"},
				"down": {"uv": [11, 9.125, 10.25, 9.375], "texture": "#0"}
			}
		},
		{
			"from": [7.685, 11.935, 7.685],
			"to": [8.315, 12.565, 8.315],
			"rotation": {"angle": 45, "axis": "z", "origin": [8, 12.25, 8]},
			"faces": {
				"north": {"uv": [6.25, 10.125, 6.5, 10.375], "texture": "#0"},
				"east": {"uv": [6, 10.125, 6.25, 10.375], "texture": "#0"},
				"south": {"uv": [6.75, 10.125, 7, 10.375], "texture": "#0"},
				"west": {"uv": [6.5, 10.125, 6.75, 10.375], "texture": "#0"},
				"up": {"uv": [6.5, 10.125, 6.25, 9.875], "texture": "#0"},
				"down": {"uv": [6.75, 9.875, 6.5, 10.125], "texture": "#0"}
			}
		},
		{
			"from": [9.68, 9.905, 7.755],
			"to": [10.17, 10.395, 8.245],
			"rotation": {"angle": 45, "axis": "z", "origin": [9.925, 10.15, 8]},
			"faces": {
				"north": {"uv": [7.25, 10.5, 7.5, 10.75], "texture": "#0"},
				"east": {"uv": [7, 10.5, 7.25, 10.75], "texture": "#0"},
				"south": {"uv": [7.75, 10.5, 8, 10.75], "texture": "#0"},
				"west": {"uv": [7.5, 10.5, 7.75, 10.75], "texture": "#0"},
				"up": {"uv": [7.5, 10.5, 7.25, 10.25], "texture": "#0"},
				"down": {"uv": [7.75, 10.25, 7.5, 10.5], "texture": "#0"}
			}
		},
		{
			"from": [5.83, 9.905, 7.755],
			"to": [6.32, 10.395, 8.245],
			"rotation": {"angle": -45, "axis": "z", "origin": [6.075, 10.15, 8]},
			"faces": {
				"north": {"uv": [8.25, 10.5, 8.5, 10.75], "texture": "#0"},
				"east": {"uv": [8, 10.5, 8.25, 10.75], "texture": "#0"},
				"south": {"uv": [8.75, 10.5, 9, 10.75], "texture": "#0"},
				"west": {"uv": [8.5, 10.5, 8.75, 10.75], "texture": "#0"},
				"up": {"uv": [8.5, 10.5, 8.25, 10.25], "texture": "#0"},
				"down": {"uv": [8.75, 10.25, 8.5, 10.5], "texture": "#0"}
			}
		},
		{
			"from": [5.9, 9.975, 7.825],
			"to": [10.1, 10.325, 8.175],
			"rotation": {"angle": 0, "axis": "y", "origin": [8, 9.975, 7.825]},
			"faces": {
				"north": {"uv": [4.125, 9.25, 5.625, 9.375], "texture": "#0"},
				"east": {"uv": [4, 9.25, 4.125, 9.375], "texture": "#0"},
				"south": {"uv": [5.75, 9.25, 7.25, 9.375], "texture": "#0"},
				"west": {"uv": [5.625, 9.25, 5.75, 9.375], "texture": "#0"},
				"up": {"uv": [5.625, 9.25, 4.125, 9.125], "texture": "#0"},
				"down": {"uv": [7.125, 9.125, 5.625, 9.25], "texture": "#0"}
			}
		},
		{
			"from": [7.755, 10.955, 7.755],
			"to": [8.245, 12.145, 8.245],
			"rotation": {"angle": 0, "axis": "y", "origin": [7.825, 9.975, 7.825]},
			"faces": {
				"north": {"uv": [5.875, 10.5, 6, 10.875], "texture": "#0"},
				"east": {"uv": [5.75, 10.5, 5.875, 10.875], "texture": "#0"},
				"south": {"uv": [6.125, 10.5, 6.25, 10.875], "texture": "#0"},
				"west": {"uv": [6, 10.5, 6.125, 10.875], "texture": "#0"},
				"up": {"uv": [6, 10.5, 5.875, 10.375], "texture": "#0"},
				"down": {"uv": [6.125, 10.375, 6, 10.5], "texture": "#0"}
			}
		},
		{
			"from": [7.475, 0.525, 7.825],
			"to": [8.525, 1.575, 8.175],
			"rotation": {"angle": 0, "axis": "y", "origin": [7.825, 0.175, 7.825]},
			"faces": {
				"north": {"uv": [6.125, 9.5, 6.5, 9.875], "texture": "#0"},
				"east": {"uv": [6, 9.5, 6.125, 9.875], "texture": "#0"},
				"south": {"uv": [6.625, 9.5, 7, 9.875], "texture": "#0"},
				"west": {"uv": [6.5, 9.5, 6.625, 9.875], "texture": "#0"},
				"up": {"uv": [6.5, 9.5, 6.125, 9.375], "texture": "#0"},
				"down": {"uv": [6.875, 9.375, 6.5, 9.5], "texture": "#0"}
			}
		},
		{
			"from": [7.475, 0, 8],
			"to": [8.525, 0.7, 8],
			"rotation": {"angle": 0, "axis": "y", "origin": [7.825, 0, 7.65]},
			"faces": {
				"north": {"uv": [5, 10.375, 5.375, 10.625], "texture": "#0"},
				"east": {"uv": [5, 10.375, 5, 10.625], "texture": "#0"},
				"south": {"uv": [5.375, 10.375, 5.75, 10.625], "texture": "#0"},
				"west": {"uv": [5.375, 10.375, 5.375, 10.625], "texture": "#0"},
				"up": {"uv": [5.375, 10.375, 5, 10.375], "texture": "#0"},
				"down": {"uv": [5.75, 10.375, 5.375, 10.375], "texture": "#0"}
			}
		}
	],
	"gui_light": "front",
	"display": {
		"thirdperson_righthand": {
			"rotation": [-148.74, 27.57, -151.23],
			"translation": [0, 0.25, 0],
			"scale": [0.5, 0.5, 0.5]
		},
		"thirdperson_lefthand": {
			"rotation": [-148.74, 27.57, -151.23],
			"translation": [0, 0.25, 0],
			"scale": [-0.5, 0.5, -0.5]
		},
		"firstperson_righthand": {
			"rotation": [-155.25, 80.82, -171.83],
			"translation": [0, 2, 0],
			"scale": [0.5, 0.5, 0.5]
		},
		"firstperson_lefthand": {
			"rotation": [-155.25, 80.82, -171.83],
			"translation": [0, 2, 0],
			"scale": [-0.5, 0.5, 0.5]
		},
		"ground": {
			"translation": [0, 2.5, 0],
			"scale": [0.5, 0.5, 0.5]
		},
		"gui": {
			"rotation": [180, 0, -148.25],
			"translation": [-4, -3, -0.25],
			"scale": [0.6, 0.6, 0.6]
		},
		"head": {
			"translation": [0, 13.25, 0]
		},
		"fixed": {
			"translation": [0, -3, -0.25],
			"scale": [0.7, 0.7, 0.7]
		}
	},
	"groups": [
		{
			"name": "bom",
			"origin": [8, 0, 8],
			"color": 0,
			"children": [
				{
					"name": "feather",
					"origin": [-1.45, 4.375, 8],
					"color": 0,
					"children": [0]
				},
				{
					"name": "body",
					"origin": [8, 2.8, 8],
					"color": 0,
					"children": [1, 2, 3, 4, 5, 6]
				},
				{
					"name": "head",
					"origin": [8, 2.8, 8],
					"color": 0,
					"children": [7, 8, 9, 10, 11, 12]
				},
				{
					"name": "tip",
					"origin": [8, 2.8, 8],
					"color": 0,
					"children": [13, 14]
				}
			]
		}
	]
}