{
	"credit": "Made with Blockbench",
	"texture_size": [64, 64],
	"textures": {
		"0": "holocraft:item/burning_phoenix_sword"
	},
	"elements": [
		{
			"from": [7.36, 0.36, 7.36],
			"to": [8.64, 2.28, 8.64],
			"rotation": {"angle": 0, "axis": "y", "origin": [8, 1, 8]},
			"faces": {
				"north": {"uv": [0.008, 12.008, 0.492, 12.742], "texture": "#0"},
				"east": {"uv": [12.008, 0.008, 12.492, 0.742], "texture": "#0"},
				"south": {"uv": [0.508, 12.008, 0.992, 12.742], "texture": "#0"},
				"west": {"uv": [12.008, 0.758, 12.492, 1.492], "texture": "#0"},
				"up": {"uv": [1.992, 12.742, 1.508, 12.258], "texture": "#0"},
				"down": {"uv": [12.742, 2.008, 12.258, 2.492], "texture": "#0"}
			}
		},
		{
			"from": [7.232, 1.512, 7.232],
			"to": [8.768, 2.408, 8.768],
			"rotation": {"angle": 0, "axis": "y", "origin": [8, 1, 8]},
			"faces": {
				"north": {"uv": [11.758, 10.758, 12.242, 10.992], "texture": "#0"},
				"east": {"uv": [12.258, 6.758, 12.742, 6.992], "texture": "#0"},
				"south": {"uv": [12.258, 8.758, 12.742, 8.992], "texture": "#0"},
				"west": {"uv": [12.258, 11.258, 12.742, 11.492], "texture": "#0"},
				"up": {"uv": [12.742, 2.992, 12.258, 2.508], "texture": "#0"},
				"down": {"uv": [12.742, 3.008, 12.258, 3.492], "texture": "#0"}
			}
		},
		{
			"from": [7.296, 7.336, 7.296],
			"to": [8.704, 8.104, 8.704],
			"rotation": {"angle": 0, "axis": "y", "origin": [8, 6.76, 8]},
			"faces": {
				"north": {"uv": [12.508, 0.008, 12.992, 0.242], "texture": "#0"},
				"east": {"uv": [12.508, 0.258, 12.992, 0.492], "texture": "#0"},
				"south": {"uv": [12.508, 0.508, 12.992, 0.742], "texture": "#0"},
				"west": {"uv": [12.508, 0.758, 12.992, 0.992], "texture": "#0"},
				"up": {"uv": [12.742, 3.992, 12.258, 3.508], "texture": "#0"},
				"down": {"uv": [12.742, 4.008, 12.258, 4.492], "texture": "#0"}
			}
		},
		{
			"from": [7.552, 1.832, 7.552],
			"to": [8.448, 7.848, 8.448],
			"rotation": {"angle": 0, "axis": "y", "origin": [8, 2.28, 8]},
			"faces": {
				"north": {"uv": [8.258, 11.758, 8.742, 14.242], "texture": "#0"},
				"east": {"uv": [8.758, 11.758, 9.242, 14.242], "texture": "#0"},
				"south": {"uv": [9.258, 11.758, 9.742, 14.242], "texture": "#0"},
				"west": {"uv": [9.758, 11.758, 10.242, 14.242], "texture": "#0"},
				"up": {"uv": [12.742, 4.992, 12.258, 4.508], "texture": "#0"},
				"down": {"uv": [12.742, 5.008, 12.258, 5.492], "texture": "#0"}
			}
		},
		{
			"from": [6.71936, 8.03936, 7.03936],
			"to": [9.28064, 9.32064, 8.96064],
			"rotation": {"angle": 0, "axis": "y", "origin": [8, 8.04, 8.32]},
			"faces": {
				"north": {"uv": [11.758, 10.258, 12.742, 10.742], "texture": "#0"},
				"east": {"uv": [3.008, 12.008, 3.742, 12.492], "texture": "#0"},
				"south": {"uv": [11.008, 11.758, 11.992, 12.242], "texture": "#0"},
				"west": {"uv": [3.758, 12.008, 4.492, 12.492], "texture": "#0"},
				"up": {"uv": [12.742, 8.242, 11.758, 7.508], "texture": "#0"},
				"down": {"uv": [12.742, 9.008, 11.758, 9.742], "texture": "#0"}
			}
		},
		{
			"from": [7.36, 9.32, 7.04],
			"to": [8.64, 10.6, 8.96],
			"rotation": {"angle": 0, "axis": "y", "origin": [8, 9.32, 8.32]},
			"faces": {
				"north": {"uv": [12.258, 5.508, 12.742, 5.992], "texture": "#0"},
				"east": {"uv": [4.508, 12.008, 5.242, 12.492], "texture": "#0"},
				"south": {"uv": [12.258, 6.258, 12.742, 6.742], "texture": "#0"},
				"west": {"uv": [5.258, 12.008, 5.992, 12.492], "texture": "#0"},
				"up": {"uv": [1.492, 12.742, 1.008, 12.008], "texture": "#0"},
				"down": {"uv": [6.492, 12.008, 6.008, 12.742], "texture": "#0"}
			}
		},
		{
			"from": [8.64, 7.4, 7.04],
			"to": [9.92, 8.68, 8.96],
			"rotation": {"angle": 0, "axis": "y", "origin": [9.28, 7.4, 8.32]},
			"faces": {
				"north": {"uv": [12.258, 8.258, 12.742, 8.742], "texture": "#0"},
				"east": {"uv": [6.508, 12.008, 7.242, 12.492], "texture": "#0"},
				"south": {"uv": [10.758, 12.258, 11.242, 12.742], "texture": "#0"},
				"west": {"uv": [12.008, 7.008, 12.742, 7.492], "texture": "#0"},
				"up": {"uv": [7.742, 12.742, 7.258, 12.008], "texture": "#0"},
				"down": {"uv": [8.242, 12.008, 7.758, 12.742], "texture": "#0"}
			}
		},
		{
			"from": [6.08, 7.4, 7.04],
			"to": [7.36, 8.68, 8.96],
			"rotation": {"angle": 0, "axis": "y", "origin": [6.72, 7.4, 8.32]},
			"faces": {
				"north": {"uv": [12.258, 10.758, 12.742, 11.242], "texture": "#0"},
				"east": {"uv": [12.008, 9.758, 12.742, 10.242], "texture": "#0"},
				"south": {"uv": [11.258, 12.258, 11.742, 12.742], "texture": "#0"},
				"west": {"uv": [12.008, 11.508, 12.742, 11.992], "texture": "#0"},
				"up": {"uv": [10.742, 12.742, 10.258, 12.008], "texture": "#0"},
				"down": {"uv": [12.492, 12.008, 12.008, 12.742], "texture": "#0"}
			}
		},
		{
			"from": [5.12, 17.64, 7.936],
			"to": [10.88, 22.12, 8.064],
			"rotation": {"angle": 0, "axis": "y", "origin": [7.04, 11.88, 7.68]},
			"faces": {
				"north": {"uv": [0.008, 4.508, 2.242, 6.242], "texture": "#0"},
				"east": {"uv": [5.008, 5.258, 5.242, 6.992], "texture": "#0"},
				"south": {"uv": [4.508, 0.008, 6.742, 1.742], "texture": "#0"},
				"west": {"uv": [5.258, 5.258, 5.492, 6.992], "texture": "#0"},
				"up": {"uv": [6.742, 4.992, 4.508, 4.758], "texture": "#0"},
				"down": {"uv": [6.742, 5.008, 4.508, 5.242], "texture": "#0"}
			}
		},
		{
			"from": [4.48, 11.88, 7.936],
			"to": [11.52, 17.64, 8.064],
			"rotation": {"angle": 0, "axis": "y", "origin": [7.04, 7.4, 7.68]},
			"faces": {
				"north": {"uv": [0.008, 0.008, 2.742, 2.242], "texture": "#0"},
				"east": {"uv": [4.508, 5.258, 4.742, 7.492], "texture": "#0"},
				"south": {"uv": [0.008, 2.258, 2.742, 4.492], "texture": "#0"},
				"west": {"uv": [4.758, 5.258, 4.992, 7.492], "texture": "#0"},
				"up": {"uv": [7.242, 4.492, 4.508, 4.258], "texture": "#0"},
				"down": {"uv": [7.242, 4.508, 4.508, 4.742], "texture": "#0"}
			}
		},
		{
			"from": [3.83872, 9.31872, 7.93472],
			"to": [12.16128, 15.08128, 8.06528],
			"rotation": {"angle": 0, "axis": "y", "origin": [7.04, 4.84, 7.68]},
			"faces": {
				"north": {"uv": [5.758, 5.508, 8.992, 7.742], "texture": "#0"},
				"east": {"uv": [4.008, 5.758, 4.242, 7.992], "texture": "#0"},
				"south": {"uv": [6.758, 0.008, 9.992, 2.242], "texture": "#0"},
				"west": {"uv": [4.258, 5.758, 4.492, 7.992], "texture": "#0"},
				"up": {"uv": [8.992, 3.492, 5.758, 3.258], "texture": "#0"},
				"down": {"uv": [8.992, 3.508, 5.758, 3.742], "texture": "#0"}
			}
		},
		{
			"from": [5.76, 22.12, 7.936],
			"to": [10.24, 29.16, 8.064],
			"rotation": {"angle": 0, "axis": "y", "origin": [7.04, 18.92, 7.68]},
			"faces": {
				"north": {"uv": [2.758, 0.008, 4.492, 2.742], "texture": "#0"},
				"east": {"uv": [2.258, 4.508, 2.492, 7.242], "texture": "#0"},
				"south": {"uv": [2.758, 2.758, 4.492, 5.492], "texture": "#0"},
				"west": {"uv": [2.508, 4.508, 2.742, 7.242], "texture": "#0"},
				"up": {"uv": [4.492, 5.742, 2.758, 5.508], "texture": "#0"},
				"down": {"uv": [7.242, 5.258, 5.508, 5.492], "texture": "#0"}
			}
		},
		{
			"from": [5.75936, 27.81536, 7.93536],
			"to": [8.96064, 31.01664, 8.06464],
			"rotation": {"angle": 45, "axis": "z", "origin": [8, 30.056, 8]},
			"faces": {
				"north": {"uv": [4.508, 1.758, 5.742, 2.992], "texture": "#0"},
				"east": {"uv": [5.508, 5.508, 5.742, 6.742], "texture": "#0"},
				"south": {"uv": [4.508, 3.008, 5.742, 4.242], "texture": "#0"},
				"west": {"uv": [5.758, 1.758, 5.992, 2.992], "texture": "#0"},
				"up": {"uv": [3.992, 5.992, 2.758, 5.758], "texture": "#0"},
				"down": {"uv": [6.992, 3.008, 5.758, 3.242], "texture": "#0"}
			}
		},
		{
			"from": [7.68, 23.4, 7.68],
			"to": [8.32, 25.32, 8.32],
			"rotation": {"angle": 0, "axis": "y", "origin": [8.32, 15.08, 8]},
			"faces": {
				"north": {"uv": [5.258, 8.008, 5.492, 8.742], "texture": "#0"},
				"east": {"uv": [9.258, 5.758, 9.492, 6.492], "texture": "#0"},
				"south": {"uv": [6.008, 9.258, 6.242, 9.992], "texture": "#0"},
				"west": {"uv": [6.258, 9.258, 6.492, 9.992], "texture": "#0"},
				"up": {"uv": [5.742, 6.992, 5.508, 6.758], "texture": "#0"},
				"down": {"uv": [7.242, 3.008, 7.008, 3.242], "texture": "#0"}
			}
		},
		{
			"from": [7.04, 21.48, 7.68],
			"to": [8.96, 23.4, 8.32],
			"rotation": {"angle": 0, "axis": "y", "origin": [8.32, 13.16, 8]},
			"faces": {
				"north": {"uv": [0.008, 8.758, 0.742, 9.492], "texture": "#0"},
				"east": {"uv": [6.508, 9.258, 6.742, 9.992], "texture": "#0"},
				"south": {"uv": [0.758, 8.758, 1.492, 9.492], "texture": "#0"},
				"west": {"uv": [9.258, 9.008, 9.492, 9.742], "texture": "#0"},
				"up": {"uv": [9.992, 6.742, 9.258, 6.508], "texture": "#0"},
				"down": {"uv": [0.742, 9.508, 0.008, 9.742], "texture": "#0"}
			}
		},
		{
			"from": [6.4, 18.92, 7.68],
			"to": [9.6, 21.48, 8.32],
			"rotation": {"angle": 0, "axis": "y", "origin": [8.32, 11.24, 8]},
			"faces": {
				"north": {"uv": [8.008, 2.258, 9.242, 3.242], "texture": "#0"},
				"east": {"uv": [2.008, 8.758, 2.242, 9.742], "texture": "#0"},
				"south": {"uv": [8.008, 3.758, 9.242, 4.742], "texture": "#0"},
				"west": {"uv": [7.508, 8.758, 7.742, 9.742], "texture": "#0"},
				"up": {"uv": [6.742, 9.242, 5.508, 9.008], "texture": "#0"},
				"down": {"uv": [10.242, 5.508, 9.008, 5.742], "texture": "#0"}
			}
		},
		{
			"from": [5.76, 17, 7.68],
			"to": [10.24, 18.92, 8.32],
			"rotation": {"angle": 0, "axis": "y", "origin": [8.32, 8.68, 8]},
			"faces": {
				"north": {"uv": [2.258, 7.758, 3.992, 8.492], "texture": "#0"},
				"east": {"uv": [0.758, 9.508, 0.992, 10.242], "texture": "#0"},
				"south": {"uv": [7.758, 7.758, 9.492, 8.492], "texture": "#0"},
				"west": {"uv": [1.008, 9.508, 1.242, 10.242], "texture": "#0"},
				"up": {"uv": [10.742, 3.492, 9.008, 3.258], "texture": "#0"},
				"down": {"uv": [10.742, 3.508, 9.008, 3.742], "texture": "#0"}
			}
		},
		{
			"from": [5.12, 14.44, 7.68],
			"to": [10.88, 17, 8.32],
			"rotation": {"angle": 0, "axis": "y", "origin": [8.32, 6.76, 8]},
			"faces": {
				"north": {"uv": [0.008, 7.758, 2.242, 8.742], "texture": "#0"},
				"east": {"uv": [9.008, 5.758, 9.242, 6.742], "texture": "#0"},
				"south": {"uv": [5.508, 7.758, 7.742, 8.742], "texture": "#0"},
				"west": {"uv": [6.758, 9.008, 6.992, 9.992], "texture": "#0"},
				"up": {"uv": [9.492, 5.492, 7.258, 5.258], "texture": "#0"},
				"down": {"uv": [7.492, 8.758, 5.258, 8.992], "texture": "#0"}
			}
		},
		{
			"from": [6.4, 11.88, 7.424],
			"to": [9.6, 14.44, 8.576],
			"rotation": {"angle": 0, "axis": "y", "origin": [8.32, 4.2, 8]},
			"faces": {
				"north": {"uv": [4.008, 8.008, 5.242, 8.992], "texture": "#0"},
				"east": {"uv": [3.508, 8.508, 3.992, 9.492], "texture": "#0"},
				"south": {"uv": [2.258, 8.508, 3.492, 9.492], "texture": "#0"},
				"west": {"uv": [1.508, 8.758, 1.992, 9.742], "texture": "#0"},
				"up": {"uv": [9.742, 5.242, 8.508, 4.758], "texture": "#0"},
				"down": {"uv": [8.992, 8.508, 7.758, 8.992], "texture": "#0"}
			}
		},
		{
			"from": [5.76, 10.6, 7.424],
			"to": [7.04, 11.88, 8.576],
			"rotation": {"angle": 0, "axis": "y", "origin": [8.32, 2.92, 8]},
			"faces": {
				"north": {"uv": [9.008, 6.758, 9.492, 7.242], "texture": "#0"},
				"east": {"uv": [7.008, 9.008, 7.492, 9.492], "texture": "#0"},
				"south": {"uv": [9.008, 7.258, 9.492, 7.742], "texture": "#0"},
				"west": {"uv": [7.758, 9.008, 8.242, 9.492], "texture": "#0"},
				"up": {"uv": [8.742, 9.492, 8.258, 9.008], "texture": "#0"},
				"down": {"uv": [9.492, 8.508, 9.008, 8.992], "texture": "#0"}
			}
		},
		{
			"from": [8.96, 10.6, 7.424],
			"to": [10.24, 11.88, 8.576],
			"rotation": {"angle": 0, "axis": "y", "origin": [11.52, 2.92, 8]},
			"faces": {
				"north": {"uv": [8.758, 9.008, 9.242, 9.492], "texture": "#0"},
				"east": {"uv": [9.258, 2.258, 9.742, 2.742], "texture": "#0"},
				"south": {"uv": [9.258, 2.758, 9.742, 3.242], "texture": "#0"},
				"west": {"uv": [9.258, 3.758, 9.742, 4.242], "texture": "#0"},
				"up": {"uv": [9.742, 4.742, 9.258, 4.258], "texture": "#0"},
				"down": {"uv": [5.992, 9.258, 5.508, 9.742], "texture": "#0"}
			}
		},
		{
			"from": [7.04, 11.24, 7.424],
			"to": [8.96, 11.88, 8.576],
			"rotation": {"angle": 0, "axis": "y", "origin": [9.6, 2.92, 8]},
			"faces": {
				"north": {"uv": [2.258, 9.508, 2.992, 9.742], "texture": "#0"},
				"east": {"uv": [3.758, 9.508, 4.242, 9.742], "texture": "#0"},
				"south": {"uv": [3.008, 9.508, 3.742, 9.742], "texture": "#0"},
				"west": {"uv": [4.258, 9.508, 4.742, 9.742], "texture": "#0"},
				"up": {"uv": [4.742, 9.492, 4.008, 9.008], "texture": "#0"},
				"down": {"uv": [5.492, 9.008, 4.758, 9.492], "texture": "#0"}
			}
		},
		{
			"from": [5.75936, 14.43936, 7.42336],
			"to": [10.24064, 15.72064, 8.57664],
			"rotation": {"angle": 0, "axis": "y", "origin": [7.68, 14.44, 8]},
			"faces": {
				"north": {"uv": [5.758, 3.758, 7.492, 4.242], "texture": "#0"},
				"east": {"uv": [1.258, 7.258, 1.742, 7.742], "texture": "#0"},
				"south": {"uv": [0.008, 6.258, 1.742, 6.742], "texture": "#0"},
				"west": {"uv": [7.258, 2.758, 7.742, 3.242], "texture": "#0"},
				"up": {"uv": [1.742, 7.242, 0.008, 6.758], "texture": "#0"},
				"down": {"uv": [8.492, 4.758, 6.758, 5.242], "texture": "#0"}
			}
		},
		{
			"from": [6.4, 15.72, 7.424],
			"to": [9.6, 17.64, 8.576],
			"rotation": {"angle": 0, "axis": "y", "origin": [7.68, 15.72, 8]},
			"faces": {
				"north": {"uv": [6.008, 2.258, 7.242, 2.992], "texture": "#0"},
				"east": {"uv": [1.758, 6.258, 2.242, 6.992], "texture": "#0"},
				"south": {"uv": [2.758, 6.008, 3.992, 6.742], "texture": "#0"},
				"west": {"uv": [1.758, 7.008, 2.242, 7.742], "texture": "#0"},
				"up": {"uv": [3.992, 7.242, 2.758, 6.758], "texture": "#0"},
				"down": {"uv": [1.242, 7.258, 0.008, 7.742], "texture": "#0"}
			}
		},
		{
			"from": [7.04, 17.64, 7.424],
			"to": [8.96, 18.92, 8.576],
			"rotation": {"angle": 0, "axis": "y", "origin": [7.68, 17.64, 8]},
			"faces": {
				"north": {"uv": [6.008, 1.758, 6.742, 2.242], "texture": "#0"},
				"east": {"uv": [3.008, 7.258, 3.492, 7.742], "texture": "#0"},
				"south": {"uv": [5.008, 7.008, 5.742, 7.492], "texture": "#0"},
				"west": {"uv": [3.508, 7.258, 3.992, 7.742], "texture": "#0"},
				"up": {"uv": [2.992, 7.742, 2.258, 7.258], "texture": "#0"},
				"down": {"uv": [7.992, 2.258, 7.258, 2.742], "texture": "#0"}
			}
		},
		{
			"from": [7.68, 18.92, 7.424],
			"to": [8.32, 20.2, 8.576],
			"rotation": {"angle": 0, "axis": "y", "origin": [7.68, 19.56, 8]},
			"faces": {
				"north": {"uv": [4.508, 7.508, 4.742, 7.992], "texture": "#0"},
				"east": {"uv": [7.258, 4.258, 7.742, 4.742], "texture": "#0"},
				"south": {"uv": [4.758, 7.508, 4.992, 7.992], "texture": "#0"},
				"west": {"uv": [7.508, 3.758, 7.992, 4.242], "texture": "#0"},
				"up": {"uv": [5.242, 7.992, 5.008, 7.508], "texture": "#0"},
				"down": {"uv": [5.492, 7.508, 5.258, 7.992], "texture": "#0"}
			}
		},
		{
			"from": [4.79808, 9.31808, 7.03808],
			"to": [6.08192, 9.96192, 8.96192],
			"rotation": {"angle": 0, "axis": "y", "origin": [5.44, 8.68, 7.68]},
			"faces": {
				"north": {"uv": [5.508, 9.758, 5.992, 9.992], "texture": "#0"},
				"east": {"uv": [10.008, 3.008, 10.742, 3.242], "texture": "#0"},
				"south": {"uv": [0.758, 10.258, 1.242, 10.492], "texture": "#0"},
				"west": {"uv": [11.508, 2.008, 12.242, 2.242], "texture": "#0"},
				"up": {"uv": [6.992, 10.742, 6.508, 10.008], "texture": "#0"},
				"down": {"uv": [11.492, 8.258, 11.008, 8.992], "texture": "#0"}
			}
		},
		{
			"from": [2.24, 8.04, 7.04],
			"to": [4.8, 9.96, 8.96],
			"rotation": {"angle": 0, "axis": "y", "origin": [4.16, 8.68, 7.68]},
			"faces": {
				"north": {"uv": [3.008, 9.758, 3.992, 10.492], "texture": "#0"},
				"east": {"uv": [0.508, 10.758, 1.242, 11.492], "texture": "#0"},
				"south": {"uv": [9.758, 3.758, 10.742, 4.492], "texture": "#0"},
				"west": {"uv": [10.758, 0.758, 11.492, 1.492], "texture": "#0"},
				"up": {"uv": [10.742, 5.242, 9.758, 4.508], "texture": "#0"},
				"down": {"uv": [10.742, 5.758, 9.758, 6.492], "texture": "#0"}
			}
		},
		{
			"from": [2.24, 9.96, 7.04],
			"to": [4.16, 12.52, 8.96],
			"rotation": {"angle": 0, "axis": "y", "origin": [4.16, 10.6, 7.68]},
			"faces": {
				"north": {"uv": [4.008, 9.758, 4.742, 10.742], "texture": "#0"},
				"east": {"uv": [10.008, 0.008, 10.742, 0.992], "texture": "#0"},
				"south": {"uv": [10.008, 1.008, 10.742, 1.992], "texture": "#0"},
				"west": {"uv": [10.008, 2.008, 10.742, 2.992], "texture": "#0"},
				"up": {"uv": [2.242, 11.492, 1.508, 10.758], "texture": "#0"},
				"down": {"uv": [11.492, 1.508, 10.758, 2.242], "texture": "#0"}
			}
		},
		{
			"from": [2.24, 12.52, 7.04],
			"to": [4.8, 13.16, 8.96],
			"rotation": {"angle": 0, "axis": "y", "origin": [4.16, 12.52, 7.68]},
			"faces": {
				"north": {"uv": [9.508, 5.258, 10.492, 5.492], "texture": "#0"},
				"east": {"uv": [11.508, 2.258, 12.242, 2.492], "texture": "#0"},
				"south": {"uv": [11.008, 10.008, 11.992, 10.242], "texture": "#0"},
				"west": {"uv": [11.508, 2.508, 12.242, 2.742], "texture": "#0"},
				"up": {"uv": [6.492, 10.742, 5.508, 10.008], "texture": "#0"},
				"down": {"uv": [10.992, 6.508, 10.008, 7.242], "texture": "#0"}
			}
		},
		{
			"from": [2.88, 13.16, 7.04],
			"to": [4.8, 14.44, 8.96],
			"rotation": {"angle": 0, "axis": "y", "origin": [4.16, 13.16, 7.68]},
			"faces": {
				"north": {"uv": [11.008, 9.008, 11.742, 9.492], "texture": "#0"},
				"east": {"uv": [11.008, 9.508, 11.742, 9.992], "texture": "#0"},
				"south": {"uv": [10.758, 11.008, 11.492, 11.492], "texture": "#0"},
				"west": {"uv": [2.258, 11.258, 2.992, 11.742], "texture": "#0"},
				"up": {"uv": [11.492, 2.992, 10.758, 2.258], "texture": "#0"},
				"down": {"uv": [11.492, 3.008, 10.758, 3.742], "texture": "#0"}
			}
		},
		{
			"from": [2.87808, 14.43808, 7.03808],
			"to": [4.16192, 15.08192, 8.96192],
			"rotation": {"angle": 0, "axis": "y", "origin": [4.16, 13.8, 7.68]},
			"faces": {
				"north": {"uv": [10.258, 5.508, 10.742, 5.742], "texture": "#0"},
				"east": {"uv": [11.508, 2.758, 12.242, 2.992], "texture": "#0"},
				"south": {"uv": [0.758, 10.508, 1.242, 10.742], "texture": "#0"},
				"west": {"uv": [3.008, 11.508, 3.742, 11.742], "texture": "#0"},
				"up": {"uv": [4.992, 11.992, 4.508, 11.258], "texture": "#0"},
				"down": {"uv": [5.492, 11.258, 5.008, 11.992], "texture": "#0"}
			}
		},
		{
			"from": [2.88, 15.08, 7.04],
			"to": [3.52, 15.72, 8.96],
			"rotation": {"angle": 0, "axis": "y", "origin": [4.16, 14.44, 7.68]},
			"faces": {
				"north": {"uv": [5.508, 7.508, 5.742, 7.742], "texture": "#0"},
				"east": {"uv": [11.508, 3.008, 12.242, 3.242], "texture": "#0"},
				"south": {"uv": [9.508, 6.258, 9.742, 6.492], "texture": "#0"},
				"west": {"uv": [11.508, 3.258, 12.242, 3.492], "texture": "#0"},
				"up": {"uv": [7.742, 10.492, 7.508, 9.758], "texture": "#0"},
				"down": {"uv": [9.492, 9.758, 9.258, 10.492], "texture": "#0"}
			}
		},
		{
			"from": [3.52, 6.76, 7.04],
			"to": [4.16, 7.4, 8.96],
			"rotation": {"angle": 0, "axis": "y", "origin": [4.8, 6.12, 7.68]},
			"faces": {
				"north": {"uv": [3.758, 10.508, 3.992, 10.742], "texture": "#0"},
				"east": {"uv": [11.508, 3.508, 12.242, 3.742], "texture": "#0"},
				"south": {"uv": [10.508, 5.258, 10.742, 5.492], "texture": "#0"},
				"west": {"uv": [3.758, 11.508, 4.492, 11.742], "texture": "#0"},
				"up": {"uv": [7.742, 11.242, 7.508, 10.508], "texture": "#0"},
				"down": {"uv": [8.242, 11.258, 8.008, 11.992], "texture": "#0"}
			}
		},
		{
			"from": [4.8, 8.68, 7.04],
			"to": [5.44, 9.32, 8.96],
			"rotation": {"angle": 0, "axis": "y", "origin": [6.08, 8.04, 7.68]},
			"faces": {
				"north": {"uv": [4.508, 10.758, 4.742, 10.992], "texture": "#0"},
				"east": {"uv": [11.508, 3.758, 12.242, 3.992], "texture": "#0"},
				"south": {"uv": [10.758, 6.008, 10.992, 6.242], "texture": "#0"},
				"west": {"uv": [11.508, 4.008, 12.242, 4.242], "texture": "#0"},
				"up": {"uv": [10.742, 11.992, 10.508, 11.258], "texture": "#0"},
				"down": {"uv": [2.242, 11.508, 2.008, 12.242], "texture": "#0"}
			}
		},
		{
			"from": [2.88, 7.4, 7.04],
			"to": [4.8, 8.04, 8.96],
			"rotation": {"angle": 0, "axis": "y", "origin": [4.16, 8.04, 7.68]},
			"faces": {
				"north": {"uv": [11.508, 4.258, 12.242, 4.492], "texture": "#0"},
				"east": {"uv": [11.508, 4.508, 12.242, 4.742], "texture": "#0"},
				"south": {"uv": [11.508, 4.758, 12.242, 4.992], "texture": "#0"},
				"west": {"uv": [11.508, 5.008, 12.242, 5.242], "texture": "#0"},
				"up": {"uv": [4.492, 11.492, 3.758, 10.758], "texture": "#0"},
				"down": {"uv": [11.492, 3.758, 10.758, 4.492], "texture": "#0"}
			}
		},
		{
			"from": [9.91808, 9.31808, 7.03808],
			"to": [11.20192, 9.96192, 8.96192],
			"rotation": {"angle": 0, "axis": "y", "origin": [10.56, 8.68, 7.68]},
			"faces": {
				"north": {"uv": [6.258, 11.758, 6.742, 11.992], "texture": "#0"},
				"east": {"uv": [11.508, 5.258, 12.242, 5.492], "texture": "#0"},
				"south": {"uv": [11.758, 6.258, 12.242, 6.492], "texture": "#0"},
				"west": {"uv": [5.508, 11.508, 6.242, 11.742], "texture": "#0"},
				"up": {"uv": [7.492, 11.992, 7.008, 11.258], "texture": "#0"},
				"down": {"uv": [7.992, 11.258, 7.508, 11.992], "texture": "#0"}
			}
		},
		{
			"from": [11.2, 8.04, 7.04],
			"to": [13.76, 9.96, 8.96],
			"rotation": {"angle": 0, "axis": "y", "origin": [11.84, 8.68, 7.68]},
			"faces": {
				"north": {"uv": [10.008, 7.258, 10.992, 7.992], "texture": "#0"},
				"east": {"uv": [10.758, 4.508, 11.492, 5.242], "texture": "#0"},
				"south": {"uv": [10.008, 8.008, 10.992, 8.742], "texture": "#0"},
				"west": {"uv": [10.758, 5.258, 11.492, 5.992], "texture": "#0"},
				"up": {"uv": [10.992, 9.492, 10.008, 8.758], "texture": "#0"},
				"down": {"uv": [10.992, 9.508, 10.008, 10.242], "texture": "#0"}
			}
		},
		{
			"from": [11.84, 9.96, 7.04],
			"to": [13.76, 12.52, 8.96],
			"rotation": {"angle": 0, "axis": "y", "origin": [11.84, 10.6, 7.68]},
			"faces": {
				"north": {"uv": [2.258, 10.258, 2.992, 11.242], "texture": "#0"},
				"east": {"uv": [10.008, 10.258, 10.742, 11.242], "texture": "#0"},
				"south": {"uv": [3.008, 10.508, 3.742, 11.492], "texture": "#0"},
				"west": {"uv": [8.258, 10.508, 8.992, 11.492], "texture": "#0"},
				"up": {"uv": [6.242, 11.492, 5.508, 10.758], "texture": "#0"},
				"down": {"uv": [6.992, 10.758, 6.258, 11.492], "texture": "#0"}
			}
		},
		{
			"from": [11.2, 12.52, 7.04],
			"to": [13.76, 13.16, 8.96],
			"rotation": {"angle": 0, "axis": "y", "origin": [11.84, 12.52, 7.68]},
			"faces": {
				"north": {"uv": [11.508, 1.508, 12.492, 1.742], "texture": "#0"},
				"east": {"uv": [11.508, 5.508, 12.242, 5.742], "texture": "#0"},
				"south": {"uv": [11.508, 1.758, 12.492, 1.992], "texture": "#0"},
				"west": {"uv": [11.508, 5.758, 12.242, 5.992], "texture": "#0"},
				"up": {"uv": [9.992, 11.242, 9.008, 10.508], "texture": "#0"},
				"down": {"uv": [11.742, 0.008, 10.758, 0.742], "texture": "#0"}
			}
		},
		{
			"from": [11.2, 13.16, 7.04],
			"to": [13.12, 14.44, 8.96],
			"rotation": {"angle": 0, "axis": "y", "origin": [11.84, 13.16, 7.68]},
			"faces": {
				"north": {"uv": [9.008, 11.258, 9.742, 11.742], "texture": "#0"},
				"east": {"uv": [9.758, 11.258, 10.492, 11.742], "texture": "#0"},
				"south": {"uv": [0.008, 11.508, 0.742, 11.992], "texture": "#0"},
				"west": {"uv": [0.758, 11.508, 1.492, 11.992], "texture": "#0"},
				"up": {"uv": [11.492, 10.992, 10.758, 10.258], "texture": "#0"},
				"down": {"uv": [11.742, 6.008, 11.008, 6.742], "texture": "#0"}
			}
		},
		{
			"from": [11.83808, 14.43808, 7.03808],
			"to": [13.12192, 15.08192, 8.96192],
			"rotation": {"angle": 0, "axis": "y", "origin": [11.84, 13.8, 7.68]},
			"faces": {
				"north": {"uv": [11.758, 6.508, 12.242, 6.742], "texture": "#0"},
				"east": {"uv": [6.258, 11.508, 6.992, 11.742], "texture": "#0"},
				"south": {"uv": [11.758, 6.758, 12.242, 6.992], "texture": "#0"},
				"west": {"uv": [8.258, 11.508, 8.992, 11.742], "texture": "#0"},
				"up": {"uv": [11.992, 1.492, 11.508, 0.758], "texture": "#0"},
				"down": {"uv": [1.992, 11.508, 1.508, 12.242], "texture": "#0"}
			}
		},
		{
			"from": [12.48, 15.08, 7.04],
			"to": [13.12, 15.72, 8.96],
			"rotation": {"angle": 0, "axis": "y", "origin": [11.84, 14.44, 7.68]},
			"faces": {
				"north": {"uv": [10.758, 6.258, 10.992, 6.492], "texture": "#0"},
				"east": {"uv": [11.508, 8.258, 12.242, 8.492], "texture": "#0"},
				"south": {"uv": [4.508, 11.008, 4.742, 11.242], "texture": "#0"},
				"west": {"uv": [11.508, 8.508, 12.242, 8.742], "texture": "#0"},
				"up": {"uv": [11.742, 10.992, 11.508, 10.258], "texture": "#0"},
				"down": {"uv": [10.992, 11.508, 10.758, 12.242], "texture": "#0"}
			}
		},
		{
			"from": [11.84, 6.76, 7.04],
			"to": [12.48, 7.4, 8.96],
			"rotation": {"angle": 0, "axis": "y", "origin": [11.2, 6.12, 7.68]},
			"faces": {
				"north": {"uv": [1.258, 11.258, 1.492, 11.492], "texture": "#0"},
				"east": {"uv": [11.508, 8.758, 12.242, 8.992], "texture": "#0"},
				"south": {"uv": [6.758, 11.758, 6.992, 11.992], "texture": "#0"},
				"west": {"uv": [11.008, 11.508, 11.742, 11.742], "texture": "#0"},
				"up": {"uv": [11.992, 0.742, 11.758, 0.008], "texture": "#0"},
				"down": {"uv": [2.492, 11.758, 2.258, 12.492], "texture": "#0"}
			}
		},
		{
			"from": [10.56, 8.68, 7.04],
			"to": [11.2, 9.32, 8.96],
			"rotation": {"angle": 0, "axis": "y", "origin": [9.92, 8.04, 7.68]},
			"faces": {
				"north": {"uv": [11.758, 7.008, 11.992, 7.242], "texture": "#0"},
				"east": {"uv": [11.508, 11.008, 12.242, 11.242], "texture": "#0"},
				"south": {"uv": [11.758, 7.258, 11.992, 7.492], "texture": "#0"},
				"west": {"uv": [11.508, 11.258, 12.242, 11.492], "texture": "#0"},
				"up": {"uv": [2.742, 12.492, 2.508, 11.758], "texture": "#0"},
				"down": {"uv": [2.992, 11.758, 2.758, 12.492], "texture": "#0"}
			}
		},
		{
			"from": [11.2, 7.4, 7.04],
			"to": [13.12, 8.04, 8.96],
			"rotation": {"angle": 0, "axis": "y", "origin": [11.84, 8.04, 7.68]},
			"faces": {
				"north": {"uv": [3.008, 11.758, 3.742, 11.992], "texture": "#0"},
				"east": {"uv": [3.758, 11.758, 4.492, 11.992], "texture": "#0"},
				"south": {"uv": [5.508, 11.758, 6.242, 11.992], "texture": "#0"},
				"west": {"uv": [11.758, 6.008, 12.492, 6.242], "texture": "#0"},
				"up": {"uv": [11.742, 7.492, 11.008, 6.758], "texture": "#0"},
				"down": {"uv": [11.742, 7.508, 11.008, 8.242], "texture": "#0"}
			}
		},
		{
			"from": [11.2, 15.72, 7.36],
			"to": [11.84, 18.28, 8.64],
			"rotation": {"angle": 0, "axis": "y", "origin": [11.2, 15.72, 8]},
			"faces": {
				"north": {"uv": [0.508, 9.758, 0.742, 10.742], "texture": "#0"},
				"east": {"uv": [8.258, 9.508, 8.742, 10.492], "texture": "#0"},
				"south": {"uv": [1.508, 9.758, 1.742, 10.742], "texture": "#0"},
				"west": {"uv": [9.508, 8.508, 9.992, 9.492], "texture": "#0"},
				"up": {"uv": [7.992, 3.242, 7.758, 2.758], "texture": "#0"},
				"down": {"uv": [7.992, 4.258, 7.758, 4.742], "texture": "#0"}
			}
		},
		{
			"from": [10.55936, 17.63936, 7.35936],
			"to": [11.20064, 22.12064, 8.64064],
			"rotation": {"angle": 0, "axis": "y", "origin": [10.56, 17.64, 8]},
			"faces": {
				"north": {"uv": [1.258, 9.508, 1.492, 11.242], "texture": "#0"},
				"east": {"uv": [4.758, 9.508, 5.242, 11.242], "texture": "#0"},
				"south": {"uv": [5.258, 9.508, 5.492, 11.242], "texture": "#0"},
				"west": {"uv": [9.508, 6.758, 9.992, 8.492], "texture": "#0"},
				"up": {"uv": [9.742, 6.242, 9.508, 5.758], "texture": "#0"},
				"down": {"uv": [2.492, 9.758, 2.258, 10.242], "texture": "#0"}
			}
		},
		{
			"from": [4.16, 15.72, 7.36],
			"to": [4.8, 18.28, 8.64],
			"rotation": {"angle": 0, "axis": "y", "origin": [4.8, 15.72, 8]},
			"faces": {
				"north": {"uv": [1.758, 9.758, 1.992, 10.742], "texture": "#0"},
				"east": {"uv": [8.758, 9.508, 9.242, 10.492], "texture": "#0"},
				"south": {"uv": [2.008, 9.758, 2.242, 10.742], "texture": "#0"},
				"west": {"uv": [9.508, 9.508, 9.992, 10.492], "texture": "#0"},
				"up": {"uv": [9.992, 2.742, 9.758, 2.258], "texture": "#0"},
				"down": {"uv": [2.742, 9.758, 2.508, 10.242], "texture": "#0"}
			}
		},
		{
			"from": [4.79936, 17.63936, 7.35936],
			"to": [5.44064, 22.12064, 8.64064],
			"rotation": {"angle": 0, "axis": "y", "origin": [5.44, 17.64, 8]},
			"faces": {
				"north": {"uv": [0.008, 9.758, 0.242, 11.492], "texture": "#0"},
				"east": {"uv": [7.008, 9.508, 7.492, 11.242], "texture": "#0"},
				"south": {"uv": [0.258, 9.758, 0.492, 11.492], "texture": "#0"},
				"west": {"uv": [7.758, 9.508, 8.242, 11.242], "texture": "#0"},
				"up": {"uv": [2.992, 10.242, 2.758, 9.758], "texture": "#0"},
				"down": {"uv": [9.992, 2.758, 9.758, 3.242], "texture": "#0"}
			}
		}
	],
	"gui_light": "front",
	"display": {
		"thirdperson_righthand": {
			"rotation": [0, 90, 0],
			"translation": [0, 0.75, 0.75],
			"scale": [0.6, 0.6, 0.6]
		},
		"thirdperson_lefthand": {
			"rotation": [0, 90, 0],
			"translation": [0, 0.75, 0.75],
			"scale": [0.6, 0.6, 0.6]
		},
		"firstperson_righthand": {
			"rotation": [0, 90, 0],
			"translation": [1, -1, 0],
			"scale": [0.6, 0.6, 0.6]
		},
		"firstperson_lefthand": {
			"rotation": [0, 90, 0],
			"translation": [1, -1, 0],
			"scale": [0.6, 0.6, 0.6]
		},
		"ground": {
			"translation": [0, 1.75, 0],
			"scale": [0.4, 0.4, 0.4]
		},
		"gui": {
			"rotation": [0, 0, -45],
			"translation": [-3.5, -3.5, 0],
			"scale": [0.65, 0.65, 0.65]
		},
		"head": {
			"rotation": [-90, 0, 0],
			"translation": [0, 8.25, 6]
		},
		"fixed": {
			"translation": [0, -4.5, 0],
			"scale": [0.6, 0.6, 0.6]
		}
	},
	"groups": [
		{
			"name": "Phoenix Sword",
			"origin": [8, 1, 8],
			"color": 0,
			"children": [
				{
					"name": "handle",
					"origin": [8, 1, 8],
					"color": 0,
					"children": [0, 1, 2, 3, 4, 5, 6, 7]
				},
				{
					"name": "blade",
					"origin": [8, 17, 8],
					"color": 0,
					"children": [8, 9, 10, 11, 12]
				},
				{
					"name": "blade_layer1",
					"origin": [8, 0.36, 8],
					"color": 0,
					"children": [13, 14, 15, 16, 17, 18, 19, 20, 21]
				},
				{
					"name": "blade_layer2",
					"origin": [8, 0.36, 8],
					"color": 0,
					"children": [22, 23, 24, 25]
				},
				{
					"name": "guard",
					"origin": [8, 0.36, 8],
					"color": 0,
					"children": [
						{
							"name": "guardR",
							"origin": [8, 0.36, 8],
							"color": 0,
							"children": [26, 27, 28, 29, 30, 31, 32, 33, 34, 35]
						},
						{
							"name": "guardL",
							"origin": [8, 0.36, 8],
							"color": 0,
							"children": [36, 37, 38, 39, 40, 41, 42, 43, 44, 45]
						}
					]
				},
				{
					"name": "Bladeguard",
					"origin": [8, 0.36, 8],
					"color": 0,
					"children": [
						{
							"name": "BladeguardR",
							"origin": [8, 0.36, 8],
							"color": 0,
							"children": [46, 47]
						},
						{
							"name": "BladeguardL",
							"origin": [8, 0.36, 8],
							"color": 0,
							"children": [48, 49]
						}
					]
				}
			]
		},
		{
			"name": "group",
			"origin": [8, 8, 8],
			"color": 0,
			"children": []
		}
	]
}