{
	"credit": "Made with Blockbench",
	"texture_size": [64, 64],
	"textures": {
		"0": "holocraft:item/burning_phoenix_shield"
	},
	"elements": [
		{
			"from": [6.5, 0, 7],
			"to": [9.5, 1, 9],
			"rotation": {"angle": 0, "axis": "y", "origin": [8.5, 0, 8]},
			"faces": {
				"north": {"uv": [11.008, 0.258, 11.742, 0.492], "texture": "#0"},
				"east": {"uv": [10.008, 4.758, 10.492, 4.992], "texture": "#0"},
				"south": {"uv": [1.508, 11.008, 2.242, 11.242], "texture": "#0"},
				"west": {"uv": [11.258, 11.008, 11.742, 11.242], "texture": "#0"},
				"up": {"uv": [0.742, 10.492, 0.008, 10.008], "texture": "#0"},
				"down": {"uv": [9.992, 10.008, 9.258, 10.492], "texture": "#0"}
			}
		},
		{
			"from": [4.5, 1, 7],
			"to": [11.5, 2, 9],
			"rotation": {"angle": 0, "axis": "y", "origin": [8.5, 1, 8]},
			"faces": {
				"north": {"uv": [9.758, 6.758, 11.492, 6.992], "texture": "#0"},
				"east": {"uv": [11.258, 11.258, 11.742, 11.492], "texture": "#0"},
				"south": {"uv": [10.008, 4.508, 11.742, 4.742], "texture": "#0"},
				"west": {"uv": [2.758, 11.508, 3.242, 11.742], "texture": "#0"},
				"up": {"uv": [9.742, 0.492, 8.008, 0.008], "texture": "#0"},
				"down": {"uv": [9.742, 0.508, 8.008, 0.992], "texture": "#0"}
			}
		},
		{
			"from": [2.5, 2, 7],
			"to": [13.5, 3, 9],
			"rotation": {"angle": 0, "axis": "y", "origin": [8.5, 2, 8]},
			"faces": {
				"north": {"uv": [8.758, 7.008, 11.492, 7.242], "texture": "#0"},
				"east": {"uv": [11.508, 3.258, 11.992, 3.492], "texture": "#0"},
				"south": {"uv": [8.758, 7.258, 11.492, 7.492], "texture": "#0"},
				"west": {"uv": [11.508, 3.508, 11.992, 3.742], "texture": "#0"},
				"up": {"uv": [9.742, 5.492, 7.008, 5.008], "texture": "#0"},
				"down": {"uv": [9.742, 5.508, 7.008, 5.992], "texture": "#0"}
			}
		},
		{
			"from": [1.5, 3, 7],
			"to": [14.5, 4, 9],
			"rotation": {"angle": 0, "axis": "y", "origin": [8.5, 3, 8]},
			"faces": {
				"north": {"uv": [7.008, 2.758, 10.242, 2.992], "texture": "#0"},
				"east": {"uv": [11.508, 3.758, 11.992, 3.992], "texture": "#0"},
				"south": {"uv": [8.008, 1.008, 11.242, 1.242], "texture": "#0"},
				"west": {"uv": [4.008, 11.508, 4.492, 11.742], "texture": "#0"},
				"up": {"uv": [10.242, 2.242, 7.008, 1.758], "texture": "#0"},
				"down": {"uv": [10.242, 2.258, 7.008, 2.742], "texture": "#0"}
			}
		},
		{
			"from": [0.5, 4, 7],
			"to": [7, 8, 9],
			"rotation": {"angle": 0, "axis": "y", "origin": [8.5, 4, 8]},
			"faces": {
				"north": {"uv": [2.12393, 4.008, 3.742, 4.992], "texture": "#0"},
				"east": {"uv": [3.258, 9.508, 3.742, 10.492], "texture": "#0"},
				"south": {"uv": [3.758, 4.008, 5.37607, 4.992], "texture": "#0"},
				"west": {"uv": [9.758, 5.758, 10.242, 6.742], "texture": "#0"},
				"up": {"uv": [9.242, 3.492, 7.62393, 3.008], "texture": "#0"},
				"down": {"uv": [9.242, 3.508, 7.62393, 3.992], "texture": "#0"}
			}
		},
		{
			"from": [7, 4, 7],
			"to": [9, 6.5, 9],
			"rotation": {"angle": 0, "axis": "y", "origin": [8.5, 4, 8]},
			"faces": {
				"north": {"uv": [1.62607, 4.377, 2.12393, 4.992], "texture": "#0"},
				"east": {"uv": [3.258, 9.877, 3.742, 10.492], "texture": "#0"},
				"south": {"uv": [5.37607, 4.377, 5.87393, 4.992], "texture": "#0"},
				"west": {"uv": [9.758, 6.127, 10.242, 6.742], "texture": "#0"},
				"up": {"uv": [7.62393, 3.492, 7.12607, 3.008], "texture": "#0"},
				"down": {"uv": [7.62393, 3.508, 7.12607, 3.992], "texture": "#0"}
			}
		},
		{
			"from": [9, 4, 7],
			"to": [15.5, 8, 9],
			"rotation": {"angle": 0, "axis": "y", "origin": [8.5, 4, 8]},
			"faces": {
				"north": {"uv": [0.008, 4.008, 1.62607, 4.992], "texture": "#0"},
				"east": {"uv": [3.258, 9.508, 3.742, 10.492], "texture": "#0"},
				"south": {"uv": [5.87393, 4.008, 7.492, 4.992], "texture": "#0"},
				"west": {"uv": [9.758, 5.758, 10.242, 6.742], "texture": "#0"},
				"up": {"uv": [7.12607, 3.492, 5.508, 3.008], "texture": "#0"},
				"down": {"uv": [7.12607, 3.508, 5.508, 3.992], "texture": "#0"}
			}
		},
		{
			"from": [2.5, 8, 7],
			"to": [7, 9, 9],
			"rotation": {"angle": 0, "axis": "y", "origin": [8.5, 5, 8]},
			"faces": {
				"north": {"uv": [10.37355, 7.508, 11.492, 7.742], "texture": "#0"},
				"east": {"uv": [11.508, 6.508, 11.992, 6.742], "texture": "#0"},
				"south": {"uv": [8.758, 7.758, 9.87646, 7.992], "texture": "#0"},
				"west": {"uv": [11.508, 6.758, 11.992, 6.992], "texture": "#0"},
				"up": {"uv": [9.742, 6.492, 8.62355, 6.008], "texture": "#0"},
				"down": {"uv": [9.742, 6.508, 8.62355, 6.992], "texture": "#0"}
			}
		},
		{
			"from": [9, 8, 7],
			"to": [13.5, 9, 9],
			"rotation": {"angle": 0, "axis": "y", "origin": [8.5, 5, 8]},
			"faces": {
				"north": {"uv": [8.758, 7.508, 9.87646, 7.742], "texture": "#0"},
				"east": {"uv": [11.508, 6.508, 11.992, 6.742], "texture": "#0"},
				"south": {"uv": [10.37355, 7.758, 11.492, 7.992], "texture": "#0"},
				"west": {"uv": [11.508, 6.758, 11.992, 6.992], "texture": "#0"},
				"up": {"uv": [8.12646, 6.492, 7.008, 6.008], "texture": "#0"},
				"down": {"uv": [8.12646, 6.508, 7.008, 6.992], "texture": "#0"}
			}
		},
		{
			"from": [9.5, 9, 7],
			"to": [13.5, 16, 9],
			"rotation": {"angle": 0, "axis": "y", "origin": [8.5, 6, 8]},
			"faces": {
				"north": {"uv": [4.008, 6.508, 4.992, 8.242], "texture": "#0"},
				"east": {"uv": [3.258, 7.758, 3.742, 9.492], "texture": "#0"},
				"south": {"uv": [5.008, 6.508, 5.992, 8.242], "texture": "#0"},
				"west": {"uv": [7.758, 8.008, 8.242, 9.742], "texture": "#0"},
				"up": {"uv": [10.742, 0.992, 9.758, 0.508], "texture": "#0"},
				"down": {"uv": [10.742, 8.008, 9.758, 8.492], "texture": "#0"}
			}
		},
		{
			"from": [2.5, 9, 7],
			"to": [6.5, 16, 9],
			"rotation": {"angle": 0, "axis": "y", "origin": [1.5, 6, 8]},
			"faces": {
				"north": {"uv": [6.008, 6.508, 6.992, 8.242], "texture": "#0"},
				"east": {"uv": [3.758, 8.258, 4.242, 9.992], "texture": "#0"},
				"south": {"uv": [7.008, 0.008, 7.992, 1.742], "texture": "#0"},
				"west": {"uv": [4.258, 8.258, 4.742, 9.992], "texture": "#0"},
				"up": {"uv": [4.742, 10.492, 3.758, 10.008], "texture": "#0"},
				"down": {"uv": [10.992, 4.008, 10.008, 4.492], "texture": "#0"}
			}
		},
		{
			"from": [-0.501, 11.999, 6.999],
			"to": [5.501, 18.001, 9.001],
			"rotation": {"angle": 0, "axis": "y", "origin": [1.5, 9, 8]},
			"faces": {
				"north": {"uv": [4.008, 5.008, 5.492, 6.492], "texture": "#0"},
				"east": {"uv": [4.758, 8.258, 5.242, 9.742], "texture": "#0"},
				"south": {"uv": [5.508, 0.008, 6.992, 1.492], "texture": "#0"},
				"west": {"uv": [5.258, 8.258, 5.742, 9.742], "texture": "#0"},
				"up": {"uv": [9.492, 1.742, 8.008, 1.258], "texture": "#0"},
				"down": {"uv": [9.742, 8.008, 8.258, 8.492], "texture": "#0"}
			}
		},
		{
			"from": [0.5, 18, 7],
			"to": [5.5, 19, 9],
			"rotation": {"angle": 0, "axis": "y", "origin": [1.5, 11, 8]},
			"faces": {
				"north": {"uv": [10.258, 6.508, 11.492, 6.742], "texture": "#0"},
				"east": {"uv": [11.508, 7.008, 11.992, 7.242], "texture": "#0"},
				"south": {"uv": [10.508, 5.508, 11.742, 5.742], "texture": "#0"},
				"west": {"uv": [11.508, 7.258, 11.992, 7.492], "texture": "#0"},
				"up": {"uv": [10.492, 3.492, 9.258, 3.008], "texture": "#0"},
				"down": {"uv": [10.492, 3.508, 9.258, 3.992], "texture": "#0"}
			}
		},
		{
			"from": [1.499, 18.999, 6.999],
			"to": [4.501, 22.001, 9.001],
			"rotation": {"angle": 0, "axis": "y", "origin": [1.5, 11, 8]},
			"faces": {
				"north": {"uv": [0.008, 9.258, 0.742, 9.992], "texture": "#0"},
				"east": {"uv": [6.258, 9.758, 6.742, 10.492], "texture": "#0"},
				"south": {"uv": [6.758, 9.508, 7.492, 10.242], "texture": "#0"},
				"west": {"uv": [7.758, 9.758, 8.242, 10.492], "texture": "#0"},
				"up": {"uv": [10.742, 10.492, 10.008, 10.008], "texture": "#0"},
				"down": {"uv": [10.992, 1.758, 10.258, 2.242], "texture": "#0"}
			}
		},
		{
			"from": [2.5, 22, 7],
			"to": [4.5, 23, 9],
			"rotation": {"angle": 0, "axis": "y", "origin": [1.5, 12, 8]},
			"faces": {
				"north": {"uv": [11.508, 7.508, 11.992, 7.742], "texture": "#0"},
				"east": {"uv": [11.508, 7.758, 11.992, 7.992], "texture": "#0"},
				"south": {"uv": [11.258, 11.508, 11.742, 11.742], "texture": "#0"},
				"west": {"uv": [11.758, 0.258, 12.242, 0.492], "texture": "#0"},
				"up": {"uv": [8.242, 10.992, 7.758, 10.508], "texture": "#0"},
				"down": {"uv": [11.242, 2.258, 10.758, 2.742], "texture": "#0"}
			}
		},
		{
			"from": [11.5, 22, 7],
			"to": [13.5, 23, 9],
			"rotation": {"angle": 0, "axis": "y", "origin": [14.5, 12, 8]},
			"faces": {
				"north": {"uv": [0.758, 11.758, 1.242, 11.992], "texture": "#0"},
				"east": {"uv": [11.758, 1.758, 12.242, 1.992], "texture": "#0"},
				"south": {"uv": [11.758, 2.008, 12.242, 2.242], "texture": "#0"},
				"west": {"uv": [2.258, 11.758, 2.742, 11.992], "texture": "#0"},
				"up": {"uv": [11.242, 6.242, 10.758, 5.758], "texture": "#0"},
				"down": {"uv": [7.242, 10.758, 6.758, 11.242], "texture": "#0"}
			}
		},
		{
			"from": [11.499, 18.999, 6.999],
			"to": [14.501, 22.001, 9.001],
			"rotation": {"angle": 0, "axis": "y", "origin": [14.5, 11, 8]},
			"faces": {
				"north": {"uv": [8.258, 9.508, 8.992, 10.242], "texture": "#0"},
				"east": {"uv": [10.258, 2.258, 10.742, 2.992], "texture": "#0"},
				"south": {"uv": [1.258, 9.758, 1.992, 10.492], "texture": "#0"},
				"west": {"uv": [10.258, 5.758, 10.742, 6.492], "texture": "#0"},
				"up": {"uv": [7.492, 10.742, 6.758, 10.258], "texture": "#0"},
				"down": {"uv": [8.992, 10.258, 8.258, 10.742], "texture": "#0"}
			}
		},
		{
			"from": [10.5, 18, 7],
			"to": [15.5, 19, 9],
			"rotation": {"angle": 0, "axis": "y", "origin": [14.5, 11, 8]},
			"faces": {
				"north": {"uv": [9.258, 10.508, 10.492, 10.742], "texture": "#0"},
				"east": {"uv": [2.758, 11.758, 3.242, 11.992], "texture": "#0"},
				"south": {"uv": [10.508, 9.508, 11.742, 9.742], "texture": "#0"},
				"west": {"uv": [11.758, 2.758, 12.242, 2.992], "texture": "#0"},
				"up": {"uv": [10.492, 9.492, 9.258, 9.008], "texture": "#0"},
				"down": {"uv": [10.742, 1.258, 9.508, 1.742], "texture": "#0"}
			}
		},
		{
			"from": [10.499, 11.999, 6.999],
			"to": [16.501, 18.001, 9.001],
			"rotation": {"angle": 0, "axis": "y", "origin": [14.5, 9, 8]},
			"faces": {
				"north": {"uv": [5.508, 1.508, 6.992, 2.992], "texture": "#0"},
				"east": {"uv": [5.758, 8.258, 6.242, 9.742], "texture": "#0"},
				"south": {"uv": [5.508, 5.008, 6.992, 6.492], "texture": "#0"},
				"west": {"uv": [6.258, 8.258, 6.742, 9.742], "texture": "#0"},
				"up": {"uv": [9.992, 4.492, 8.508, 4.008], "texture": "#0"},
				"down": {"uv": [9.992, 4.508, 8.508, 4.992], "texture": "#0"}
			}
		},
		{
			"from": [2.501, 3.001, 8.001],
			"to": [13.499, 18.999, 8.999],
			"rotation": {"angle": 0, "axis": "y", "origin": [7.5, 3, 9.1]},
			"faces": {
				"north": {"uv": [0.008, 0.008, 2.742, 3.992], "texture": "#0"},
				"east": {"uv": [0.758, 7.758, 0.992, 11.742], "texture": "#0"},
				"south": {"uv": [2.758, 0.008, 5.492, 3.992], "texture": "#0"},
				"west": {"uv": [1.008, 7.758, 1.242, 11.742], "texture": "#0"},
				"up": {"uv": [11.742, 8.742, 9.008, 8.508], "texture": "#0"},
				"down": {"uv": [11.742, 8.758, 9.008, 8.992], "texture": "#0"}
			}
		},
		{
			"from": [2.501, 4.001, 8.401],
			"to": [6.499, 16.999, 9.399],
			"rotation": {"angle": 0, "axis": "y", "origin": [7.5, 3, 9.5]},
			"faces": {
				"north": {"uv": [0.008, 5.008, 0.992, 7.742], "texture": "#0"},
				"east": {"uv": [7.508, 8.508, 7.742, 11.242], "texture": "#0"},
				"south": {"uv": [1.008, 5.008, 1.992, 7.742], "texture": "#0"},
				"west": {"uv": [2.758, 8.758, 2.992, 11.492], "texture": "#0"},
				"up": {"uv": [11.742, 2.992, 10.758, 2.758], "texture": "#0"},
				"down": {"uv": [11.742, 6.258, 10.758, 6.492], "texture": "#0"}
			}
		},
		{
			"from": [3.501, 2.001, 8.401],
			"to": [6.499, 3.999, 9.399],
			"rotation": {"angle": 0, "axis": "y", "origin": [7.5, 1, 9.5]},
			"faces": {
				"north": {"uv": [0.008, 10.508, 0.742, 10.992], "texture": "#0"},
				"east": {"uv": [3.758, 7.758, 3.992, 8.242], "texture": "#0"},
				"south": {"uv": [1.258, 10.508, 1.992, 10.992], "texture": "#0"},
				"west": {"uv": [4.508, 11.508, 4.742, 11.992], "texture": "#0"},
				"up": {"uv": [11.742, 1.992, 11.008, 1.758], "texture": "#0"},
				"down": {"uv": [11.742, 2.008, 11.008, 2.242], "texture": "#0"}
			}
		},
		{
			"from": [9.501, 2.001, 8.401],
			"to": [12.499, 3.999, 9.399],
			"rotation": {"angle": 0, "axis": "y", "origin": [13.5, 1, 9.5]},
			"faces": {
				"north": {"uv": [2.008, 10.508, 2.742, 10.992], "texture": "#0"},
				"east": {"uv": [4.008, 11.758, 4.242, 12.242], "texture": "#0"},
				"south": {"uv": [10.508, 3.008, 11.242, 3.492], "texture": "#0"},
				"west": {"uv": [11.758, 4.008, 11.992, 4.492], "texture": "#0"},
				"up": {"uv": [11.742, 4.242, 11.008, 4.008], "texture": "#0"},
				"down": {"uv": [11.742, 4.258, 11.008, 4.492], "texture": "#0"}
			}
		},
		{
			"from": [9.501, 4.001, 8.401],
			"to": [13.499, 16.999, 9.399],
			"rotation": {"angle": 0, "axis": "y", "origin": [14.5, 3, 9.5]},
			"faces": {
				"north": {"uv": [2.008, 5.008, 2.992, 7.742], "texture": "#0"},
				"east": {"uv": [3.008, 8.758, 3.242, 11.492], "texture": "#0"},
				"south": {"uv": [3.008, 5.008, 3.992, 7.742], "texture": "#0"},
				"west": {"uv": [9.008, 9.008, 9.242, 11.742], "texture": "#0"},
				"up": {"uv": [11.742, 8.242, 10.758, 8.008], "texture": "#0"},
				"down": {"uv": [11.742, 8.258, 10.758, 8.492], "texture": "#0"}
			}
		},
		{
			"from": [6.501, 6.001, 8.401],
			"to": [9.499, 11.999, 9.399],
			"rotation": {"angle": 0, "axis": "y", "origin": [11.5, 3, 9.5]},
			"faces": {
				"north": {"uv": [7.008, 7.008, 7.742, 8.492], "texture": "#0"},
				"east": {"uv": [3.258, 10.508, 3.492, 11.992], "texture": "#0"},
				"south": {"uv": [0.008, 7.758, 0.742, 9.242], "texture": "#0"},
				"west": {"uv": [3.508, 10.508, 3.742, 11.992], "texture": "#0"},
				"up": {"uv": [11.742, 4.992, 11.008, 4.758], "texture": "#0"},
				"down": {"uv": [11.742, 5.008, 11.008, 5.242], "texture": "#0"}
			}
		},
		{
			"from": [7.5, 13, 7.5],
			"to": [8.5, 17, 8.5],
			"rotation": {"angle": 0, "axis": "y", "origin": [7.5, 15, 7.5]},
			"faces": {
				"north": {"uv": [7.258, 10.758, 7.492, 11.742], "texture": "#0"},
				"east": {"uv": [8.258, 10.758, 8.492, 11.742], "texture": "#0"},
				"south": {"uv": [8.508, 10.758, 8.742, 11.742], "texture": "#0"},
				"west": {"uv": [8.758, 10.758, 8.992, 11.742], "texture": "#0"},
				"up": {"uv": [6.992, 8.492, 6.758, 8.258], "texture": "#0"},
				"down": {"uv": [11.992, 8.758, 11.758, 8.992], "texture": "#0"}
			}
		},
		{
			"from": [7.75, 5.5, 7.5],
			"to": [8.25, 9, 8.5],
			"rotation": {"angle": 0, "axis": "y", "origin": [7.25, 7.5, 7.5]},
			"faces": {
				"north": {"uv": [7.258, 10.758, 7.492, 11.742], "texture": "#0"},
				"east": {"uv": [8.258, 10.758, 8.492, 11.742], "texture": "#0"},
				"south": {"uv": [8.508, 10.758, 8.742, 11.742], "texture": "#0"},
				"west": {"uv": [8.758, 10.758, 8.992, 11.742], "texture": "#0"},
				"up": {"uv": [6.992, 8.492, 6.758, 8.258], "texture": "#0"},
				"down": {"uv": [11.992, 8.758, 11.758, 8.992], "texture": "#0"}
			}
		},
		{
			"from": [2, 8.5, 7.5],
			"to": [3, 11.5, 8.5],
			"rotation": {"angle": 0, "axis": "y", "origin": [2, 9.5, 7.5]},
			"faces": {
				"north": {"uv": [2.258, 11.008, 2.492, 11.742], "texture": "#0"},
				"east": {"uv": [2.508, 11.008, 2.742, 11.742], "texture": "#0"},
				"south": {"uv": [5.258, 11.008, 5.492, 11.742], "texture": "#0"},
				"west": {"uv": [5.508, 11.008, 5.742, 11.742], "texture": "#0"},
				"up": {"uv": [9.742, 11.992, 9.508, 11.758], "texture": "#0"},
				"down": {"uv": [11.992, 9.508, 11.758, 9.742], "texture": "#0"}
			}
		},
		{
			"from": [13, 8.5, 7.5],
			"to": [14, 11.5, 8.5],
			"rotation": {"angle": 0, "axis": "y", "origin": [14, 9.5, 7.5]},
			"faces": {
				"north": {"uv": [5.758, 11.008, 5.992, 11.742], "texture": "#0"},
				"east": {"uv": [6.008, 11.008, 6.242, 11.742], "texture": "#0"},
				"south": {"uv": [6.258, 11.008, 6.492, 11.742], "texture": "#0"},
				"west": {"uv": [6.508, 11.008, 6.742, 11.742], "texture": "#0"},
				"up": {"uv": [9.992, 11.992, 9.758, 11.758], "texture": "#0"},
				"down": {"uv": [11.992, 9.758, 11.758, 9.992], "texture": "#0"}
			}
		},
		{
			"from": [2.5, 18, 8.6],
			"to": [4.5, 21, 9.6],
			"rotation": {"angle": 0, "axis": "y", "origin": [5.5, 8, 9.6]},
			"faces": {
				"north": {"uv": [3.758, 10.508, 4.242, 11.242], "texture": "#0"},
				"east": {"uv": [7.758, 11.008, 7.992, 11.742], "texture": "#0"},
				"south": {"uv": [4.258, 10.508, 4.742, 11.242], "texture": "#0"},
				"west": {"uv": [8.008, 11.008, 8.242, 11.742], "texture": "#0"},
				"up": {"uv": [12.242, 4.742, 11.758, 4.508], "texture": "#0"},
				"down": {"uv": [12.242, 4.758, 11.758, 4.992], "texture": "#0"}
			}
		},
		{
			"from": [1.5, 14, 8.6],
			"to": [4.5, 18, 9.6],
			"rotation": {"angle": 0, "axis": "y", "origin": [5.5, 4, 9.6]},
			"faces": {
				"north": {"uv": [6.758, 8.508, 7.492, 9.492], "texture": "#0"},
				"east": {"uv": [9.258, 10.758, 9.492, 11.742], "texture": "#0"},
				"south": {"uv": [8.258, 8.508, 8.992, 9.492], "texture": "#0"},
				"west": {"uv": [9.508, 10.758, 9.742, 11.742], "texture": "#0"},
				"up": {"uv": [11.742, 5.492, 11.008, 5.258], "texture": "#0"},
				"down": {"uv": [10.992, 11.008, 10.258, 11.242], "texture": "#0"}
			}
		},
		{
			"from": [0.501, 13.001, 8.601],
			"to": [4.499, 16.999, 9.599],
			"rotation": {"angle": 0, "axis": "y", "origin": [5.5, 3, 9.6]},
			"faces": {
				"north": {"uv": [7.508, 4.008, 8.492, 4.992], "texture": "#0"},
				"east": {"uv": [9.758, 10.758, 9.992, 11.742], "texture": "#0"},
				"south": {"uv": [1.258, 7.758, 2.242, 8.742], "texture": "#0"},
				"west": {"uv": [10.008, 10.758, 10.242, 11.742], "texture": "#0"},
				"up": {"uv": [11.742, 10.242, 10.758, 10.008], "texture": "#0"},
				"down": {"uv": [11.242, 10.758, 10.258, 10.992], "texture": "#0"}
			}
		},
		{
			"from": [11.5, 18, 8.6],
			"to": [13.5, 21, 9.6],
			"rotation": {"angle": 0, "axis": "y", "origin": [10.5, 8, 9.6]},
			"faces": {
				"north": {"uv": [4.758, 10.508, 5.242, 11.242], "texture": "#0"},
				"east": {"uv": [11.008, 11.008, 11.242, 11.742], "texture": "#0"},
				"south": {"uv": [10.508, 4.758, 10.992, 5.492], "texture": "#0"},
				"west": {"uv": [1.508, 11.258, 1.742, 11.992], "texture": "#0"},
				"up": {"uv": [12.242, 5.242, 11.758, 5.008], "texture": "#0"},
				"down": {"uv": [5.742, 11.758, 5.258, 11.992], "texture": "#0"}
			}
		},
		{
			"from": [11.5, 14, 8.6],
			"to": [14.5, 18, 9.6],
			"rotation": {"angle": 0, "axis": "y", "origin": [10.5, 4, 9.6]},
			"faces": {
				"north": {"uv": [1.258, 8.758, 1.992, 9.742], "texture": "#0"},
				"east": {"uv": [0.008, 11.008, 0.242, 11.992], "texture": "#0"},
				"south": {"uv": [2.008, 8.758, 2.742, 9.742], "texture": "#0"},
				"west": {"uv": [0.258, 11.008, 0.492, 11.992], "texture": "#0"},
				"up": {"uv": [11.992, 1.242, 11.258, 1.008], "texture": "#0"},
				"down": {"uv": [11.992, 2.258, 11.258, 2.492], "texture": "#0"}
			}
		},
		{
			"from": [11.501, 13.001, 8.601],
			"to": [15.499, 16.999, 9.599],
			"rotation": {"angle": 0, "axis": "y", "origin": [10.5, 3, 9.6]},
			"faces": {
				"north": {"uv": [2.258, 7.758, 3.242, 8.742], "texture": "#0"},
				"east": {"uv": [0.508, 11.008, 0.742, 11.992], "texture": "#0"},
				"south": {"uv": [7.758, 7.008, 8.742, 7.992], "texture": "#0"},
				"west": {"uv": [1.258, 11.008, 1.492, 11.992], "texture": "#0"},
				"up": {"uv": [11.742, 10.492, 10.758, 10.258], "texture": "#0"},
				"down": {"uv": [11.992, 0.008, 11.008, 0.242], "texture": "#0"}
			}
		},
		{
			"from": [1.501, 4.001, 8.601],
			"to": [4.499, 6.999, 9.599],
			"rotation": {"angle": 0, "axis": "y", "origin": [5.5, -6, 9.6]},
			"faces": {
				"north": {"uv": [2.008, 9.758, 2.742, 10.492], "texture": "#0"},
				"east": {"uv": [1.758, 11.258, 1.992, 11.992], "texture": "#0"},
				"south": {"uv": [4.758, 9.758, 5.492, 10.492], "texture": "#0"},
				"west": {"uv": [2.008, 11.258, 2.242, 11.992], "texture": "#0"},
				"up": {"uv": [11.992, 2.742, 11.258, 2.508], "texture": "#0"},
				"down": {"uv": [11.992, 3.008, 11.258, 3.242], "texture": "#0"}
			}
		},
		{
			"from": [2.501, 3.001, 8.601],
			"to": [4.499, 3.999, 9.599],
			"rotation": {"angle": 0, "axis": "y", "origin": [5.5, -6, 9.6]},
			"faces": {
				"north": {"uv": [11.758, 5.258, 12.242, 5.492], "texture": "#0"},
				"east": {"uv": [10.008, 11.758, 10.242, 11.992], "texture": "#0"},
				"south": {"uv": [11.758, 5.508, 12.242, 5.742], "texture": "#0"},
				"west": {"uv": [11.758, 10.008, 11.992, 10.242], "texture": "#0"},
				"up": {"uv": [6.242, 11.992, 5.758, 11.758], "texture": "#0"},
				"down": {"uv": [6.742, 11.758, 6.258, 11.992], "texture": "#0"}
			}
		},
		{
			"from": [11.501, 4.001, 8.601],
			"to": [14.499, 6.999, 9.599],
			"rotation": {"angle": 0, "axis": "y", "origin": [10.5, -6, 9.6]},
			"faces": {
				"north": {"uv": [9.758, 5.008, 10.492, 5.742], "texture": "#0"},
				"east": {"uv": [11.258, 3.258, 11.492, 3.992], "texture": "#0"},
				"south": {"uv": [5.508, 9.758, 6.242, 10.492], "texture": "#0"},
				"west": {"uv": [3.758, 11.258, 3.992, 11.992], "texture": "#0"},
				"up": {"uv": [4.742, 11.492, 4.008, 11.258], "texture": "#0"},
				"down": {"uv": [11.992, 5.758, 11.258, 5.992], "texture": "#0"}
			}
		},
		{
			"from": [11.501, 3.001, 8.601],
			"to": [13.499, 3.999, 9.599],
			"rotation": {"angle": 0, "axis": "y", "origin": [10.5, -6, 9.6]},
			"faces": {
				"north": {"uv": [11.758, 6.258, 12.242, 6.492], "texture": "#0"},
				"east": {"uv": [11.758, 10.258, 11.992, 10.492], "texture": "#0"},
				"south": {"uv": [7.758, 11.758, 8.242, 11.992], "texture": "#0"},
				"west": {"uv": [11.758, 10.508, 11.992, 10.742], "texture": "#0"},
				"up": {"uv": [12.242, 8.242, 11.758, 8.008], "texture": "#0"},
				"down": {"uv": [8.742, 11.758, 8.258, 11.992], "texture": "#0"}
			}
		},
		{
			"from": [3.5, 10, 15],
			"to": [12.5, 12, 16],
			"rotation": {"angle": 0, "axis": "y", "origin": [7.5, 11, 15]},
			"faces": {
				"north": {"uv": [9.258, 9.508, 10.492, 9.992], "texture": "#0"},
				"east": {"uv": [4.258, 11.758, 4.492, 12.242], "texture": "#0"},
				"south": {"uv": [9.758, 0.008, 10.992, 0.492], "texture": "#0"},
				"west": {"uv": [7.258, 11.758, 7.492, 12.242], "texture": "#0"},
				"up": {"uv": [11.742, 9.992, 10.508, 9.758], "texture": "#0"},
				"down": {"uv": [11.742, 10.508, 10.508, 10.742], "texture": "#0"}
			}
		},
		{
			"from": [3.5, 10, 9],
			"to": [4.5, 12, 15],
			"rotation": {"angle": 0, "axis": "y", "origin": [5.5, 11, 12]},
			"faces": {
				"north": {"uv": [11.758, 8.258, 11.992, 8.742], "texture": "#0"},
				"east": {"uv": [10.508, 3.508, 11.242, 3.992], "texture": "#0"},
				"south": {"uv": [8.758, 11.758, 8.992, 12.242], "texture": "#0"},
				"west": {"uv": [5.258, 10.508, 5.992, 10.992], "texture": "#0"},
				"up": {"uv": [4.992, 11.992, 4.758, 11.258], "texture": "#0"},
				"down": {"uv": [5.242, 11.258, 5.008, 11.992], "texture": "#0"}
			}
		},
		{
			"from": [11.5, 10, 9],
			"to": [12.5, 12, 15],
			"rotation": {"angle": 0, "axis": "y", "origin": [13.5, 11, 12]},
			"faces": {
				"north": {"uv": [9.008, 11.758, 9.242, 12.242], "texture": "#0"},
				"east": {"uv": [6.008, 10.508, 6.742, 10.992], "texture": "#0"},
				"south": {"uv": [9.258, 11.758, 9.492, 12.242], "texture": "#0"},
				"west": {"uv": [10.508, 9.008, 11.242, 9.492], "texture": "#0"},
				"up": {"uv": [6.992, 11.992, 6.758, 11.258], "texture": "#0"},
				"down": {"uv": [7.242, 11.258, 7.008, 11.992], "texture": "#0"}
			}
		},
		{
			"from": [3.5, 4, 15],
			"to": [12.5, 6, 16],
			"rotation": {"angle": 0, "axis": "y", "origin": [7.5, 5, 15]},
			"faces": {
				"north": {"uv": [9.258, 9.508, 10.492, 9.992], "texture": "#0"},
				"east": {"uv": [4.258, 11.758, 4.492, 12.242], "texture": "#0"},
				"south": {"uv": [9.758, 0.008, 10.992, 0.492], "texture": "#0"},
				"west": {"uv": [7.258, 11.758, 7.492, 12.242], "texture": "#0"},
				"up": {"uv": [11.742, 9.992, 10.508, 9.758], "texture": "#0"},
				"down": {"uv": [11.742, 10.508, 10.508, 10.742], "texture": "#0"}
			}
		},
		{
			"from": [3.5, 4, 9],
			"to": [4.5, 6, 15],
			"rotation": {"angle": 0, "axis": "y", "origin": [5.5, 5, 12]},
			"faces": {
				"north": {"uv": [11.758, 8.258, 11.992, 8.742], "texture": "#0"},
				"east": {"uv": [10.508, 3.508, 11.242, 3.992], "texture": "#0"},
				"south": {"uv": [8.758, 11.758, 8.992, 12.242], "texture": "#0"},
				"west": {"uv": [5.258, 10.508, 5.992, 10.992], "texture": "#0"},
				"up": {"uv": [4.992, 11.992, 4.758, 11.258], "texture": "#0"},
				"down": {"uv": [5.242, 11.258, 5.008, 11.992], "texture": "#0"}
			}
		},
		{
			"from": [11.5, 4, 9],
			"to": [12.5, 6, 15],
			"rotation": {"angle": 0, "axis": "y", "origin": [13.5, 5, 12]},
			"faces": {
				"north": {"uv": [9.008, 11.758, 9.242, 12.242], "texture": "#0"},
				"east": {"uv": [6.008, 10.508, 6.742, 10.992], "texture": "#0"},
				"south": {"uv": [9.258, 11.758, 9.492, 12.242], "texture": "#0"},
				"west": {"uv": [10.508, 9.008, 11.242, 9.492], "texture": "#0"},
				"up": {"uv": [6.992, 11.992, 6.758, 11.258], "texture": "#0"},
				"down": {"uv": [7.242, 11.258, 7.008, 11.992], "texture": "#0"}
			}
		}
	],
	"gui_light": "front",
	"display": {
		"thirdperson_righthand": {
			"rotation": [90, -90, 0],
			"translation": [2.25, -2, 2.5],
			"scale": [0.5, 0.5, 0.5]
		},
		"thirdperson_lefthand": {
			"rotation": [90, -90, 0],
			"translation": [2.25, -2, 2.5],
			"scale": [0.5, 0.5, 0.5]
		},
		"firstperson_righthand": {
			"rotation": [0, -8.5, 0],
			"translation": [1, -0.75, 1],
			"scale": [0.5, 0.5, 0.5]
		},
		"firstperson_lefthand": {
			"rotation": [0, -8.5, 0],
			"translation": [1, -0.75, 1],
			"scale": [0.5, 0.5, 0.5]
		},
		"ground": {
			"translation": [0, 1.5, 0],
			"scale": [0.3, 0.3, 0.3]
		},
		"gui": {
			"rotation": [-176, -25.25, 180],
			"translation": [0.25, -2.25, 0],
			"scale": [0.65, 0.65, 0.65]
		},
		"head": {
			"rotation": [90, 0, 0],
			"translation": [0, 8.5, -1.75]
		},
		"fixed": {
			"translation": [0, -2.75, 0],
			"scale": [0.8, 0.8, 0.8]
		}
	},
	"groups": [
		{
			"name": "bone",
			"origin": [8, 0, 8],
			"color": 2,
			"children": [0, 1, 2, 3, 4, 5, 6, 7, 8, 9, 10, 11, 12, 13, 14, 15, 16, 17, 18]
		},
		{
			"name": "bone2",
			"origin": [8, 0, 7.5],
			"color": 0,
			"children": [19, 20, 21, 22, 23, 24, 25, 26, 27, 28]
		},
		{
			"name": "ShieldLayer1",
			"origin": [5.5, 3, 9.6],
			"color": 0,
			"children": [
				{
					"name": "A",
					"origin": [5.5, 3, 9.6],
					"color": 0,
					"children": [29, 30, 31]
				},
				{
					"name": "B",
					"origin": [10.5, 3, 9.6],
					"color": 0,
					"children": [32, 33, 34]
				},
				{
					"name": "C",
					"origin": [5.5, -6, 9.6],
					"color": 0,
					"children": [35, 36]
				},
				{
					"name": "D",
					"origin": [10.5, -6, 9.6],
					"color": 0,
					"children": [37, 38]
				}
			]
		},
		{
			"name": "HANDLE",
			"origin": [8, 7, 8],
			"color": 0,
			"children": [
				{
					"name": "Handle1",
					"origin": [8, 7, 8],
					"color": 0,
					"children": [39, 40, 41]
				},
				{
					"name": "Handle1",
					"origin": [8, 7, 8],
					"color": 0,
					"children": [42, 43, 44]
				}
			]
		}
	]
}