{
	"credit": "Made with Blockbench",
	"texture_size": [32, 32],
	"textures": {
		"0": "holocraft:item/chaos_stampede",
		"particle": "holocraft:item/chaos_stampede"
	},
	"elements": [
		{
			"from": [4, 3, 4],
			"to": [12, 11, 12],
			"rotation": {"angle": 0, "axis": "y", "origin": [7, 3, 7]},
			"faces": {
				"north": {"uv": [0.016, 0.016, 3.984, 3.984], "texture": "#0"},
				"east": {"uv": [0.016, 4.016, 3.984, 7.984], "texture": "#0"},
				"south": {"uv": [4.016, 0.016, 7.984, 3.984], "texture": "#0"},
				"west": {"uv": [4.016, 4.016, 7.984, 7.984], "texture": "#0"},
				"up": {"uv": [3.984, 11.984, 0.016, 8.016], "texture": "#0"},
				"down": {"uv": [11.984, 0.016, 8.016, 3.984], "texture": "#0"}
			}
		},
		{
			"from": [7.4, 2.9, 7.4],
			"to": [8.6, 4.1, 8.6],
			"rotation": {"angle": 0, "axis": "y", "origin": [6.5, 3, 7.5]},
			"faces": {
				"north": {"uv": [4.016, 8.016, 4.484, 8.484], "texture": "#0"},
				"east": {"uv": [8.016, 4.016, 8.484, 4.484], "texture": "#0"},
				"south": {"uv": [4.516, 8.016, 4.984, 8.484], "texture": "#0"},
				"west": {"uv": [8.016, 4.516, 8.484, 4.984], "texture": "#0"},
				"up": {"uv": [5.484, 8.484, 5.016, 8.016], "texture": "#0"},
				"down": {"uv": [8.484, 5.016, 8.016, 5.484], "texture": "#0"}
			}
		},
		{
			"from": [9.4, 4.4, 3.9],
			"to": [10.6, 5.6, 5.1],
			"rotation": {"angle": 0, "axis": "y", "origin": [8, 8.5, 8]},
			"faces": {
				"north": {"uv": [5.516, 8.016, 5.984, 8.484], "texture": "#0"},
				"east": {"uv": [8.016, 5.516, 8.484, 5.984], "texture": "#0"},
				"south": {"uv": [6.016, 8.016, 6.484, 8.484], "texture": "#0"},
				"west": {"uv": [8.016, 6.016, 8.484, 6.484], "texture": "#0"},
				"up": {"uv": [6.984, 8.484, 6.516, 8.016], "texture": "#0"},
				"down": {"uv": [8.484, 6.516, 8.016, 6.984], "texture": "#0"}
			}
		},
		{
			"from": [5.4, 4.4, 3.9],
			"to": [6.6, 5.6, 5.1],
			"rotation": {"angle": 0, "axis": "y", "origin": [8, 8.5, 8]},
			"faces": {
				"north": {"uv": [7.016, 8.016, 7.484, 8.484], "texture": "#0"},
				"east": {"uv": [8.016, 7.016, 8.484, 7.484], "texture": "#0"},
				"south": {"uv": [7.516, 8.016, 7.984, 8.484], "texture": "#0"},
				"west": {"uv": [8.016, 7.516, 8.484, 7.984], "texture": "#0"},
				"up": {"uv": [8.484, 8.484, 8.016, 8.016], "texture": "#0"},
				"down": {"uv": [4.484, 8.516, 4.016, 8.984], "texture": "#0"}
			}
		},
		{
			"from": [5.4, 8.4, 3.9],
			"to": [6.6, 9.6, 5.1],
			"rotation": {"angle": 0, "axis": "y", "origin": [8, 8.5, 8]},
			"faces": {
				"north": {"uv": [8.516, 4.016, 8.984, 4.484], "texture": "#0"},
				"east": {"uv": [4.516, 8.516, 4.984, 8.984], "texture": "#0"},
				"south": {"uv": [8.516, 4.516, 8.984, 4.984], "texture": "#0"},
				"west": {"uv": [5.016, 8.516, 5.484, 8.984], "texture": "#0"},
				"up": {"uv": [8.984, 5.484, 8.516, 5.016], "texture": "#0"},
				"down": {"uv": [5.984, 8.516, 5.516, 8.984], "texture": "#0"}
			}
		},
		{
			"from": [3.9, 8.4, 5.4],
			"to": [5.1, 9.6, 6.6],
			"rotation": {"angle": 0, "axis": "y", "origin": [8, 9, 8]},
			"faces": {
				"north": {"uv": [8.516, 5.516, 8.984, 5.984], "texture": "#0"},
				"east": {"uv": [6.016, 8.516, 6.484, 8.984], "texture": "#0"},
				"south": {"uv": [8.516, 6.016, 8.984, 6.484], "texture": "#0"},
				"west": {"uv": [6.516, 8.516, 6.984, 8.984], "texture": "#0"},
				"up": {"uv": [8.984, 6.984, 8.516, 6.516], "texture": "#0"},
				"down": {"uv": [7.484, 8.516, 7.016, 8.984], "texture": "#0"}
			}
		},
		{
			"from": [3.9, 6.4, 7.4],
			"to": [5.1, 7.6, 8.6],
			"rotation": {"angle": 0, "axis": "y", "origin": [8, 7, 10]},
			"faces": {
				"north": {"uv": [8.516, 7.016, 8.984, 7.484], "texture": "#0"},
				"east": {"uv": [7.516, 8.516, 7.984, 8.984], "texture": "#0"},
				"south": {"uv": [8.516, 7.516, 8.984, 7.984], "texture": "#0"},
				"west": {"uv": [8.016, 8.516, 8.484, 8.984], "texture": "#0"},
				"up": {"uv": [8.984, 8.484, 8.516, 8.016], "texture": "#0"},
				"down": {"uv": [8.984, 8.516, 8.516, 8.984], "texture": "#0"}
			}
		},
		{
			"from": [3.9, 4.4, 9.4],
			"to": [5.1, 5.6, 10.6],
			"rotation": {"angle": 0, "axis": "y", "origin": [8, 5, 12]},
			"faces": {
				"north": {"uv": [4.016, 9.016, 4.484, 9.484], "texture": "#0"},
				"east": {"uv": [9.016, 4.016, 9.484, 4.484], "texture": "#0"},
				"south": {"uv": [4.516, 9.016, 4.984, 9.484], "texture": "#0"},
				"west": {"uv": [9.016, 4.516, 9.484, 4.984], "texture": "#0"},
				"up": {"uv": [5.484, 9.484, 5.016, 9.016], "texture": "#0"},
				"down": {"uv": [9.484, 5.016, 9.016, 5.484], "texture": "#0"}
			}
		},
		{
			"from": [7.4, 6.4, 3.9],
			"to": [8.6, 7.6, 5.1],
			"rotation": {"angle": 0, "axis": "y", "origin": [9.5, 6.5, 4]},
			"faces": {
				"north": {"uv": [5.516, 9.016, 5.984, 9.484], "texture": "#0"},
				"east": {"uv": [9.016, 5.516, 9.484, 5.984], "texture": "#0"},
				"south": {"uv": [6.016, 9.016, 6.484, 9.484], "texture": "#0"},
				"west": {"uv": [9.016, 6.016, 9.484, 6.484], "texture": "#0"},
				"up": {"uv": [6.984, 9.484, 6.516, 9.016], "texture": "#0"},
				"down": {"uv": [9.484, 6.516, 9.016, 6.984], "texture": "#0"}
			}
		},
		{
			"from": [5.4, 4.4, 10.9],
			"to": [6.6, 5.6, 12.1],
			"rotation": {"angle": 0, "axis": "y", "origin": [7.5, 4.5, 12]},
			"faces": {
				"north": {"uv": [7.016, 9.016, 7.484, 9.484], "texture": "#0"},
				"east": {"uv": [9.016, 7.016, 9.484, 7.484], "texture": "#0"},
				"south": {"uv": [7.516, 9.016, 7.984, 9.484], "texture": "#0"},
				"west": {"uv": [9.016, 7.516, 9.484, 7.984], "texture": "#0"},
				"up": {"uv": [8.484, 9.484, 8.016, 9.016], "texture": "#0"},
				"down": {"uv": [9.484, 8.016, 9.016, 8.484], "texture": "#0"}
			}
		},
		{
			"from": [9.4, 8.4, 10.9],
			"to": [10.6, 9.6, 12.1],
			"rotation": {"angle": 0, "axis": "y", "origin": [11.5, 8.5, 12]},
			"faces": {
				"north": {"uv": [8.516, 9.016, 8.984, 9.484], "texture": "#0"},
				"east": {"uv": [9.016, 8.516, 9.484, 8.984], "texture": "#0"},
				"south": {"uv": [9.016, 9.016, 9.484, 9.484], "texture": "#0"},
				"west": {"uv": [4.016, 9.516, 4.484, 9.984], "texture": "#0"},
				"up": {"uv": [9.984, 4.484, 9.516, 4.016], "texture": "#0"},
				"down": {"uv": [4.984, 9.516, 4.516, 9.984], "texture": "#0"}
			}
		},
		{
			"from": [9.4, 8.4, 3.9],
			"to": [10.6, 9.6, 5.1],
			"rotation": {"angle": 0, "axis": "y", "origin": [8, 8.5, 8]},
			"faces": {
				"north": {"uv": [9.516, 4.516, 9.984, 4.984], "texture": "#0"},
				"east": {"uv": [5.016, 9.516, 5.484, 9.984], "texture": "#0"},
				"south": {"uv": [9.516, 5.016, 9.984, 5.484], "texture": "#0"},
				"west": {"uv": [5.516, 9.516, 5.984, 9.984], "texture": "#0"},
				"up": {"uv": [9.984, 5.984, 9.516, 5.516], "texture": "#0"},
				"down": {"uv": [6.484, 9.516, 6.016, 9.984], "texture": "#0"}
			}
		},
		{
			"from": [10.9, 8.4, 5.4],
			"to": [12.1, 9.6, 6.6],
			"rotation": {"angle": 0, "axis": "y", "origin": [8, 8.5, 8]},
			"faces": {
				"north": {"uv": [9.516, 6.016, 9.984, 6.484], "texture": "#0"},
				"east": {"uv": [6.516, 9.516, 6.984, 9.984], "texture": "#0"},
				"south": {"uv": [9.516, 6.516, 9.984, 6.984], "texture": "#0"},
				"west": {"uv": [7.016, 9.516, 7.484, 9.984], "texture": "#0"},
				"up": {"uv": [9.984, 7.484, 9.516, 7.016], "texture": "#0"},
				"down": {"uv": [7.984, 9.516, 7.516, 9.984], "texture": "#0"}
			}
		},
		{
			"from": [10.9, 4.4, 9.4],
			"to": [12.1, 5.6, 10.6],
			"rotation": {"angle": 0, "axis": "y", "origin": [8, 8.5, 8]},
			"faces": {
				"north": {"uv": [9.516, 7.516, 9.984, 7.984], "texture": "#0"},
				"east": {"uv": [8.016, 9.516, 8.484, 9.984], "texture": "#0"},
				"south": {"uv": [9.516, 8.016, 9.984, 8.484], "texture": "#0"},
				"west": {"uv": [8.516, 9.516, 8.984, 9.984], "texture": "#0"},
				"up": {"uv": [9.984, 8.984, 9.516, 8.516], "texture": "#0"},
				"down": {"uv": [9.484, 9.516, 9.016, 9.984], "texture": "#0"}
			}
		},
		{
			"from": [10.9, 4.4, 5.4],
			"to": [12.1, 5.6, 6.6],
			"rotation": {"angle": 0, "axis": "y", "origin": [8, 8.5, 8]},
			"faces": {
				"north": {"uv": [9.516, 9.016, 9.984, 9.484], "texture": "#0"},
				"east": {"uv": [9.516, 9.516, 9.984, 9.984], "texture": "#0"},
				"south": {"uv": [4.016, 10.016, 4.484, 10.484], "texture": "#0"},
				"west": {"uv": [10.016, 4.016, 10.484, 4.484], "texture": "#0"},
				"up": {"uv": [4.984, 10.484, 4.516, 10.016], "texture": "#0"},
				"down": {"uv": [10.484, 4.516, 10.016, 4.984], "texture": "#0"}
			}
		},
		{
			"from": [10.9, 8.4, 9.4],
			"to": [12.1, 9.6, 10.6],
			"rotation": {"angle": 0, "axis": "y", "origin": [8, 8.5, 8]},
			"faces": {
				"north": {"uv": [5.016, 10.016, 5.484, 10.484], "texture": "#0"},
				"east": {"uv": [10.016, 5.016, 10.484, 5.484], "texture": "#0"},
				"south": {"uv": [5.516, 10.016, 5.984, 10.484], "texture": "#0"},
				"west": {"uv": [10.016, 5.516, 10.484, 5.984], "texture": "#0"},
				"up": {"uv": [6.484, 10.484, 6.016, 10.016], "texture": "#0"},
				"down": {"uv": [10.484, 6.016, 10.016, 6.484], "texture": "#0"}
			}
		},
		{
			"from": [5.4, 9.9, 9.4],
			"to": [6.6, 11.1, 10.6],
			"rotation": {"angle": 0, "axis": "y", "origin": [4.5, 10, 8.5]},
			"faces": {
				"north": {"uv": [6.516, 10.016, 6.984, 10.484], "texture": "#0"},
				"east": {"uv": [10.016, 6.516, 10.484, 6.984], "texture": "#0"},
				"south": {"uv": [7.016, 10.016, 7.484, 10.484], "texture": "#0"},
				"west": {"uv": [10.016, 7.016, 10.484, 7.484], "texture": "#0"},
				"up": {"uv": [7.984, 10.484, 7.516, 10.016], "texture": "#0"},
				"down": {"uv": [10.484, 7.516, 10.016, 7.984], "texture": "#0"}
			}
		},
		{
			"from": [9.4, 9.9, 9.4],
			"to": [10.6, 11.1, 10.6],
			"rotation": {"angle": 0, "axis": "y", "origin": [8.5, 10, 8.5]},
			"faces": {
				"north": {"uv": [8.016, 10.016, 8.484, 10.484], "texture": "#0"},
				"east": {"uv": [10.016, 8.016, 10.484, 8.484], "texture": "#0"},
				"south": {"uv": [8.516, 10.016, 8.984, 10.484], "texture": "#0"},
				"west": {"uv": [10.016, 8.516, 10.484, 8.984], "texture": "#0"},
				"up": {"uv": [9.484, 10.484, 9.016, 10.016], "texture": "#0"},
				"down": {"uv": [10.484, 9.016, 10.016, 9.484], "texture": "#0"}
			}
		},
		{
			"from": [5.4, 9.9, 5.4],
			"to": [6.6, 11.1, 6.6],
			"rotation": {"angle": 0, "axis": "y", "origin": [7.5, 10, 7.5]},
			"faces": {
				"north": {"uv": [9.516, 10.016, 9.984, 10.484], "texture": "#0"},
				"east": {"uv": [10.016, 9.516, 10.484, 9.984], "texture": "#0"},
				"south": {"uv": [10.016, 10.016, 10.484, 10.484], "texture": "#0"},
				"west": {"uv": [4.016, 10.516, 4.484, 10.984], "texture": "#0"},
				"up": {"uv": [10.984, 4.484, 10.516, 4.016], "texture": "#0"},
				"down": {"uv": [4.984, 10.516, 4.516, 10.984], "texture": "#0"}
			}
		},
		{
			"from": [9.4, 9.9, 5.4],
			"to": [10.6, 11.1, 6.6],
			"rotation": {"angle": 0, "axis": "y", "origin": [11.5, 10, 7.5]},
			"faces": {
				"north": {"uv": [10.516, 4.516, 10.984, 4.984], "texture": "#0"},
				"east": {"uv": [5.016, 10.516, 5.484, 10.984], "texture": "#0"},
				"south": {"uv": [10.516, 5.016, 10.984, 5.484], "texture": "#0"},
				"west": {"uv": [5.516, 10.516, 5.984, 10.984], "texture": "#0"},
				"up": {"uv": [10.984, 5.984, 10.516, 5.516], "texture": "#0"},
				"down": {"uv": [6.484, 10.516, 6.016, 10.984], "texture": "#0"}
			}
		},
		{
			"from": [9.4, 9.9, 7.4],
			"to": [10.6, 11.1, 8.6],
			"rotation": {"angle": 0, "axis": "y", "origin": [11.5, 10, 9.5]},
			"faces": {
				"north": {"uv": [10.516, 6.016, 10.984, 6.484], "texture": "#0"},
				"east": {"uv": [6.516, 10.516, 6.984, 10.984], "texture": "#0"},
				"south": {"uv": [10.516, 6.516, 10.984, 6.984], "texture": "#0"},
				"west": {"uv": [7.016, 10.516, 7.484, 10.984], "texture": "#0"},
				"up": {"uv": [10.984, 7.484, 10.516, 7.016], "texture": "#0"},
				"down": {"uv": [7.984, 10.516, 7.516, 10.984], "texture": "#0"}
			}
		},
		{
			"from": [5.4, 9.9, 7.4],
			"to": [6.6, 11.1, 8.6],
			"rotation": {"angle": 0, "axis": "y", "origin": [7.5, 10, 9.5]},
			"faces": {
				"north": {"uv": [10.516, 7.516, 10.984, 7.984], "texture": "#0"},
				"east": {"uv": [8.016, 10.516, 8.484, 10.984], "texture": "#0"},
				"south": {"uv": [10.516, 8.016, 10.984, 8.484], "texture": "#0"},
				"west": {"uv": [8.516, 10.516, 8.984, 10.984], "texture": "#0"},
				"up": {"uv": [10.984, 8.984, 10.516, 8.516], "texture": "#0"},
				"down": {"uv": [9.484, 10.516, 9.016, 10.984], "texture": "#0"}
			}
		}
	],
	"gui_light": "front",
	"display": {
		"thirdperson_righthand": {
			"rotation": [39.86, 25.36, 124.3],
			"translation": [-0.5, 3.25, 0],
			"scale": [0.4, 0.4, 0.4]
		},
		"thirdperson_lefthand": {
			"rotation": [39.86, 25.36, 124.3],
			"translation": [-0.5, 3.25, 0],
			"scale": [0.4, 0.4, 0.4]
		},
		"firstperson_righthand": {
			"rotation": [144.5, -11.88, -151.62],
			"translation": [0, 6.5, 0],
			"scale": [0.6, 0.6, 0.6]
		},
		"firstperson_lefthand": {
			"rotation": [144.5, -11.88, -151.62],
			"translation": [0, 6.5, 0],
			"scale": [0.6, 0.6, 0.6]
		},
		"ground": {
			"translation": [0, 1.75, 0],
			"scale": [0.4, 0.4, 0.4]
		},
		"gui": {
			"rotation": [-150.85, 56.68, 178.4],
			"translation": [0, 0.75, 0]
		},
		"head": {
			"translation": [0, 11.5, 0]
		}
	},
	"groups": [
		{
			"name": "group",
			"origin": [8, 8, 8],
			"color": 0,
			"children": [
				0,
				{
					"name": "group",
					"origin": [8, 8, 8],
					"color": 0,
					"children": [1, 2, 3, 4, 5, 6, 7, 8, 9, 10, 11, 12, 13, 14, 15, 16, 17, 18, 19, 20, 21]
				}
			]
		}
	]
}