{
	"credit": "Made with Blockbench",
	"texture_size": [128, 128],
	"textures": {
		"0": "holocraft:item/chrono_surge_tock"
	},
	"elements": [
		{
			"from": [6.45, -3.5, 8],
			"to": [9.55, 12.5, 8],
			"rotation": {"angle": 0, "axis": "y", "origin": [7.75, 5.5, 8]},
			"faces": {
				"north": {"uv": [0.004, 3.004, 0.621, 6.996], "texture": "#0"},
				"east": {"uv": [0.004, 3.004, 0.004, 6.996], "texture": "#0"},
				"south": {"uv": [0.629, 3.004, 1.246, 6.996], "texture": "#0"},
				"west": {"uv": [0.629, 3.004, 0.629, 6.996], "texture": "#0"},
				"up": {"uv": [0.621, 3.004, 0.004, 3.004], "texture": "#0"},
				"down": {"uv": [1.246, 3.004, 0.629, 3.004], "texture": "#0"}
			}
		},
		{
			"from": [6.5505, 7.8005, 7.9995],
			"to": [9.9495, 11.1995, 8.0095],
			"rotation": {"angle": 45, "axis": "z", "origin": [8, 9.25, 8]},
			"faces": {
				"north": {"uv": [1.254, 3.004, 1.996, 3.746], "texture": "#0"},
				"east": {"uv": [1.254, 3.004, 1.254, 3.746], "texture": "#0"},
				"south": {"uv": [2.004, 3.004, 2.746, 3.746], "texture": "#0"},
				"west": {"uv": [2.004, 3.004, 2.004, 3.746], "texture": "#0"},
				"up": {"uv": [1.996, 3.004, 1.254, 3.004], "texture": "#0"},
				"down": {"uv": [2.746, 3.004, 2.004, 3.004], "texture": "#0"}
			}
		},
		{
			"from": [7.75, 9.35, 7.75],
			"to": [8.25, 9.85, 8.25],
			"rotation": {"angle": 0, "axis": "y", "origin": [7.75, 8.85, 8.25]},
			"color": 4,
			"faces": {
				"north": {"uv": [0.254, 0.254, 0.371, 0.371], "texture": "#missing"},
				"east": {"uv": [0.129, 0.254, 0.246, 0.371], "texture": "#missing"},
				"south": {"uv": [0.504, 0.254, 0.621, 0.371], "texture": "#missing"},
				"west": {"uv": [0.379, 0.254, 0.496, 0.371], "texture": "#missing"},
				"up": {"uv": [0.371, 0.246, 0.254, 0.129], "texture": "#missing"},
				"down": {"uv": [0.496, 0.129, 0.379, 0.246], "texture": "#missing"}
			}
		},
		{
			"from": [6.7, 9.0125, 7.8],
			"to": [8.3, 10.6125, 8.2],
			"rotation": {"angle": 45, "axis": "z", "origin": [8, 10.3125, 8]},
			"faces": {
				"north": {"uv": [4.254, 0.004, 4.621, 0.371], "texture": "#0"},
				"east": {"uv": [2.129, 4.254, 2.246, 4.621], "texture": "#0"},
				"south": {"uv": [4.254, 0.754, 4.621, 1.121], "texture": "#0"},
				"west": {"uv": [4.254, 2.129, 4.371, 2.496], "texture": "#0"},
				"up": {"uv": [3.371, 4.246, 3.004, 4.129], "texture": "#0"},
				"down": {"uv": [4.371, 4.129, 4.004, 4.246], "texture": "#0"}
			}
		},
		{
			"from": [7, 9.3125, 7.675],
			"to": [8, 10.3125, 8.325],
			"rotation": {"angle": 45, "axis": "z", "origin": [8, 10.3125, 8]},
			"faces": {
				"north": {"uv": [2.754, 3.004, 2.871, 3.121], "texture": "#0"},
				"east": {"uv": [2.879, 3.004, 2.996, 3.121], "texture": "#0"},
				"south": {"uv": [2.754, 3.129, 2.871, 3.246], "texture": "#0"},
				"west": {"uv": [2.879, 3.129, 2.996, 3.246], "texture": "#0"},
				"up": {"uv": [2.871, 3.621, 2.754, 3.504], "texture": "#0"},
				"down": {"uv": [2.996, 3.504, 2.879, 3.621], "texture": "#0"}
			}
		},
		{
			"from": [7.275, 9.5875, 7.55],
			"to": [7.725, 10.0375, 8.45],
			"rotation": {"angle": 45, "axis": "z", "origin": [8, 10.3125, 8]},
			"faces": {
				"north": {"uv": [2.754, 3.629, 2.871, 3.746], "texture": "#0"},
				"east": {"uv": [2.879, 3.629, 2.996, 3.746], "texture": "#0"},
				"south": {"uv": [1.254, 3.754, 1.371, 3.871], "texture": "#0"},
				"west": {"uv": [2.129, 3.754, 2.246, 3.871], "texture": "#0"},
				"up": {"uv": [2.621, 3.871, 2.504, 3.754], "texture": "#0"},
				"down": {"uv": [2.746, 3.754, 2.629, 3.871], "texture": "#0"}
			}
		},
		{
			"from": [6.375, 8.325, 7.875],
			"to": [7.625, 9.575, 8.125],
			"rotation": {"angle": 45, "axis": "z", "origin": [8, 9.95, 8]},
			"faces": {
				"north": {"uv": [1.754, 4.254, 2.121, 4.621], "texture": "#0"},
				"east": {"uv": [4.254, 2.504, 4.371, 2.871], "texture": "#0"},
				"south": {"uv": [4.254, 1.754, 4.621, 2.121], "texture": "#0"},
				"west": {"uv": [4.254, 4.254, 4.371, 4.621], "texture": "#0"},
				"up": {"uv": [4.621, 2.996, 4.254, 2.879], "texture": "#0"},
				"down": {"uv": [4.746, 2.129, 4.379, 2.246], "texture": "#0"}
			}
		},
		{
			"from": [7.1, 12.5, 7.1],
			"to": [8.9, 13.1, 8.9],
			"rotation": {"angle": 45, "axis": "y", "origin": [8, 12.8, 8]},
			"faces": {
				"north": {"uv": [4.629, 1.129, 4.996, 1.246], "texture": "#0"},
				"east": {"uv": [4.254, 1.129, 4.621, 1.246], "texture": "#0"},
				"south": {"uv": [5.379, 1.129, 5.746, 1.246], "texture": "#0"},
				"west": {"uv": [5.004, 1.129, 5.371, 1.246], "texture": "#0"},
				"up": {"uv": [4.996, 1.121, 4.629, 0.754], "texture": "#0"},
				"down": {"uv": [5.371, 0.754, 5.004, 1.121], "texture": "#0"}
			}
		},
		{
			"from": [7.28, 12.08, 7.28],
			"to": [8.72, 13.52, 8.72],
			"rotation": {"angle": 45, "axis": "y", "origin": [8, 12.8, 8]},
			"faces": {
				"north": {"uv": [4.629, 0.379, 4.996, 0.746], "texture": "#0"},
				"east": {"uv": [4.254, 0.379, 4.621, 0.746], "texture": "#0"},
				"south": {"uv": [5.379, 0.379, 5.746, 0.746], "texture": "#0"},
				"west": {"uv": [5.004, 0.379, 5.371, 0.746], "texture": "#0"},
				"up": {"uv": [4.996, 0.371, 4.629, 0.004], "texture": "#0"},
				"down": {"uv": [5.371, 0.004, 5.004, 0.371], "texture": "#0"}
			}
		},
		{
			"from": [1.574, 11.064, 8],
			"to": [14.426, 23.916, 8],
			"rotation": {"angle": 0, "axis": "y", "origin": [8, 17.49, 8]},
			"faces": {
				"north": {"uv": [4.375, 4, 8.625, 8.25], "texture": "#0"},
				"east": {"uv": [0, 0, 0, 4.25], "texture": "#0"},
				"south": {"uv": [0, 7, 4.25, 11.25], "texture": "#0"},
				"west": {"uv": [0, 0, 0, 4.25], "texture": "#0"},
				"up": {"uv": [4.25, 0, 0, 0], "texture": "#0"},
				"down": {"uv": [4.25, 0, 0, 0], "texture": "#0"}
			}
		},
		{
			"from": [5.8985, 24.537, 7.466],
			"to": [9.9935, 25.707, 8.636],
			"rotation": {"angle": 0, "axis": "y", "origin": [8.8235, 24.537, 7.7585]},
			"faces": {
				"north": {"uv": [3.004, 3.254, 3.746, 3.496], "texture": "#0"},
				"east": {"uv": [2.754, 3.254, 2.996, 3.496], "texture": "#0"},
				"south": {"uv": [4.004, 3.254, 4.746, 3.496], "texture": "#0"},
				"west": {"uv": [3.754, 3.254, 3.996, 3.496], "texture": "#0"},
				"up": {"uv": [3.746, 3.246, 3.004, 3.004], "texture": "#0"},
				"down": {"uv": [4.496, 3.004, 3.754, 3.246], "texture": "#0"}
			}
		},
		{
			"from": [7.0685, 23.107, 7.7585],
			"to": [8.8235, 25.057, 8.3435],
			"rotation": {"angle": 0, "axis": "y", "origin": [8.2385, 24.277, 7.466]},
			"faces": {
				"north": {"uv": [1.379, 3.879, 1.746, 4.246], "texture": "#0"},
				"east": {"uv": [1.254, 3.879, 1.371, 4.246], "texture": "#0"},
				"south": {"uv": [1.879, 3.879, 2.246, 4.246], "texture": "#0"},
				"west": {"uv": [1.754, 3.879, 1.871, 4.246], "texture": "#0"},
				"up": {"uv": [1.746, 3.871, 1.379, 3.754], "texture": "#0"},
				"down": {"uv": [2.121, 3.754, 1.754, 3.871], "texture": "#0"}
			}
		},
		{
			"from": [5.8985, 27.462, 7.466],
			"to": [9.9935, 28.632, 8.636],
			"rotation": {"angle": 0, "axis": "y", "origin": [8.8235, 27.462, 7.7585]},
			"faces": {
				"north": {"uv": [3.004, 3.754, 3.746, 3.996], "texture": "#0"},
				"east": {"uv": [2.754, 3.754, 2.996, 3.996], "texture": "#0"},
				"south": {"uv": [4.004, 3.754, 4.746, 3.996], "texture": "#0"},
				"west": {"uv": [3.754, 3.754, 3.996, 3.996], "texture": "#0"},
				"up": {"uv": [3.746, 3.746, 3.004, 3.504], "texture": "#0"},
				"down": {"uv": [4.496, 3.504, 3.754, 3.746], "texture": "#0"}
			}
		},
		{
			"from": [8.8235, 25.707, 7.466],
			"to": [9.9935, 27.462, 8.636],
			"rotation": {"angle": 0, "axis": "y", "origin": [8.8235, 26.292, 7.7585]},
			"faces": {
				"north": {"uv": [2.504, 4.254, 2.746, 4.496], "texture": "#0"},
				"east": {"uv": [2.254, 4.254, 2.496, 4.496], "texture": "#0"},
				"south": {"uv": [3.004, 4.254, 3.246, 4.496], "texture": "#0"},
				"west": {"uv": [2.754, 4.254, 2.996, 4.496], "texture": "#0"},
				"up": {"uv": [2.746, 4.246, 2.504, 4.004], "texture": "#0"},
				"down": {"uv": [2.996, 4.004, 2.754, 4.246], "texture": "#0"}
			}
		},
		{
			"from": [5.8985, 25.707, 7.466],
			"to": [7.0685, 27.462, 8.636],
			"rotation": {"angle": 0, "axis": "y", "origin": [5.8985, 26.292, 7.7585]},
			"faces": {
				"north": {"uv": [3.504, 4.254, 3.746, 4.496], "texture": "#0"},
				"east": {"uv": [3.254, 4.254, 3.496, 4.496], "texture": "#0"},
				"south": {"uv": [4.004, 4.254, 4.246, 4.496], "texture": "#0"},
				"west": {"uv": [3.754, 4.254, 3.996, 4.496], "texture": "#0"},
				"up": {"uv": [3.746, 4.246, 3.504, 4.004], "texture": "#0"},
				"down": {"uv": [3.996, 4.004, 3.754, 4.246], "texture": "#0"}
			}
		}
	],
	"gui_light": "front",
	"display": {
		"thirdperson_righthand": {
			"rotation": [180, 90, 0],
			"translation": [0, 12.25, 0.25],
			"scale": [0.7, 0.7, 0.7]
		},
		"thirdperson_lefthand": {
			"rotation": [180, 90, 0],
			"translation": [0, 12.25, 0.25],
			"scale": [0.7, 0.7, 0.7]
		},
		"firstperson_righthand": {
			"rotation": [0, 81, 180],
			"translation": [0, 7.5, 0],
			"scale": [0.8, 0.8, 0.8]
		},
		"firstperson_lefthand": {
			"rotation": [0, 81, 180],
			"translation": [0, 7.5, 0],
			"scale": [0.8, 0.8, 0.8]
		},
		"ground": {
			"translation": [0, 3, 0],
			"scale": [0.6, 0.6, 0.6]
		},
		"gui": {
			"rotation": [0, 0, 135],
			"translation": [2.75, 3, 0],
			"scale": [0.65, 0.65, 0.65]
		},
		"head": {
			"rotation": [-90, 0, 62.25],
			"translation": [16.25, 7.75, 8.75]
		},
		"fixed": {
			"translation": [0, -4.5, 0],
			"scale": [0.7, 0.7, 0.7]
		}
	},
	"groups": [
		{
			"name": "Tock",
			"origin": [8, 7, 8],
			"color": 0,
			"children": [
				{
					"name": "Blade",
					"origin": [8, 11, 8.5],
					"color": 0,
					"children": [0]
				},
				1,
				{
					"name": "2",
					"origin": [8, 7, 8],
					"color": 0,
					"children": [2, 3, 4, 5, 6]
				},
				{
					"name": "1",
					"origin": [8, 7, 8],
					"color": 0,
					"children": [7, 8]
				},
				{
					"name": "Upper",
					"origin": [8, 7, 8],
					"color": 0,
					"children": [
						{
							"name": "Uhh",
							"origin": [7.9, 10, 8.5],
							"color": 0,
							"children": [9]
						},
						{
							"name": "Handle",
							"origin": [8.18, 27.45, 7.7],
							"color": 0,
							"children": [10, 11, 12, 13, 14]
						}
					]
				}
			]
		}
	]
}