{
	"credit": "Made with Blockbench",
	"texture_size": [64, 64],
	"textures": {
		"0": "holocraft:item/chrono_surge_tick"
	},
	"elements": [
		{
			"from": [6.75, -0.5, 8],
			"to": [9.25, 15.5, 8],
			"rotation": {"angle": 0, "axis": "y", "origin": [7.75, 8.5, 8]},
			"faces": {
				"north": {"uv": [0.008, 6.008, 1.242, 13.992], "texture": "#0"},
				"east": {"uv": [0.008, 6.008, 0.008, 13.992], "texture": "#0"},
				"south": {"uv": [1.258, 6.008, 2.492, 13.992], "texture": "#0"},
				"west": {"uv": [1.258, 6.008, 1.258, 13.992], "texture": "#0"},
				"up": {"uv": [1.242, 6.008, 0.008, 6.008], "texture": "#0"},
				"down": {"uv": [2.492, 6.008, 1.258, 6.008], "texture": "#0"}
			}
		},
		{
			"from": [6.7505, 11.0005, 7.9995],
			"to": [9.7495, 13.9995, 8.0095],
			"rotation": {"angle": 45, "axis": "z", "origin": [8, 12.25, 8]},
			"faces": {
				"north": {"uv": [2.508, 6.008, 3.992, 7.492], "texture": "#0"},
				"east": {"uv": [2.508, 6.008, 2.508, 7.492], "texture": "#0"},
				"south": {"uv": [4.008, 6.008, 5.492, 7.492], "texture": "#0"},
				"west": {"uv": [4.008, 6.008, 4.008, 7.492], "texture": "#0"},
				"up": {"uv": [3.992, 6.008, 2.508, 6.008], "texture": "#0"},
				"down": {"uv": [5.492, 6.008, 4.008, 6.008], "texture": "#0"}
			}
		},
		{
			"from": [7.75, 12.35, 7.75],
			"to": [8.25, 12.85, 8.25],
			"rotation": {"angle": 0, "axis": "y", "origin": [7.75, 11.85, 8.25]},
			"color": 4,
			"faces": {
				"north": {"uv": [0.508, 0.508, 0.742, 0.742], "texture": "#missing"},
				"east": {"uv": [0.258, 0.508, 0.492, 0.742], "texture": "#missing"},
				"south": {"uv": [1.008, 0.508, 1.242, 0.742], "texture": "#missing"},
				"west": {"uv": [0.758, 0.508, 0.992, 0.742], "texture": "#missing"},
				"up": {"uv": [0.742, 0.492, 0.508, 0.258], "texture": "#missing"},
				"down": {"uv": [0.992, 0.258, 0.758, 0.492], "texture": "#missing"}
			}
		},
		{
			"from": [6.7, 12.0125, 7.8],
			"to": [8.3, 13.6125, 8.2],
			"rotation": {"angle": 45, "axis": "z", "origin": [8, 13.3125, 8]},
			"faces": {
				"north": {"uv": [8.508, 0.008, 9.242, 0.742], "texture": "#0"},
				"east": {"uv": [4.258, 8.508, 4.492, 9.242], "texture": "#0"},
				"south": {"uv": [8.508, 1.508, 9.242, 2.242], "texture": "#0"},
				"west": {"uv": [8.508, 4.258, 8.742, 4.992], "texture": "#0"},
				"up": {"uv": [6.742, 8.492, 6.008, 8.258], "texture": "#0"},
				"down": {"uv": [8.742, 8.258, 8.008, 8.492], "texture": "#0"}
			}
		},
		{
			"from": [7, 12.3125, 7.675],
			"to": [8, 13.3125, 8.325],
			"rotation": {"angle": 45, "axis": "z", "origin": [8, 13.3125, 8]},
			"faces": {
				"north": {"uv": [5.508, 6.008, 5.742, 6.242], "texture": "#0"},
				"east": {"uv": [5.758, 6.008, 5.992, 6.242], "texture": "#0"},
				"south": {"uv": [5.508, 6.258, 5.742, 6.492], "texture": "#0"},
				"west": {"uv": [5.758, 6.258, 5.992, 6.492], "texture": "#0"},
				"up": {"uv": [5.742, 7.242, 5.508, 7.008], "texture": "#0"},
				"down": {"uv": [5.992, 7.008, 5.758, 7.242], "texture": "#0"}
			}
		},
		{
			"from": [7.275, 12.5875, 7.55],
			"to": [7.725, 13.0375, 8.45],
			"rotation": {"angle": 45, "axis": "z", "origin": [8, 13.3125, 8]},
			"faces": {
				"north": {"uv": [5.508, 7.258, 5.742, 7.492], "texture": "#0"},
				"east": {"uv": [5.758, 7.258, 5.992, 7.492], "texture": "#0"},
				"south": {"uv": [2.508, 7.508, 2.742, 7.742], "texture": "#0"},
				"west": {"uv": [4.258, 7.508, 4.492, 7.742], "texture": "#0"},
				"up": {"uv": [5.242, 7.742, 5.008, 7.508], "texture": "#0"},
				"down": {"uv": [5.492, 7.508, 5.258, 7.742], "texture": "#0"}
			}
		},
		{
			"from": [6.375, 11.325, 7.875],
			"to": [7.625, 12.575, 8.125],
			"rotation": {"angle": 45, "axis": "z", "origin": [8, 12.95, 8]},
			"faces": {
				"north": {"uv": [3.508, 8.508, 4.242, 9.242], "texture": "#0"},
				"east": {"uv": [8.508, 5.008, 8.742, 5.742], "texture": "#0"},
				"south": {"uv": [8.508, 3.508, 9.242, 4.242], "texture": "#0"},
				"west": {"uv": [8.508, 8.508, 8.742, 9.242], "texture": "#0"},
				"up": {"uv": [9.242, 5.992, 8.508, 5.758], "texture": "#0"},
				"down": {"uv": [9.492, 4.258, 8.758, 4.492], "texture": "#0"}
			}
		},
		{
			"from": [7.25, 15, 7.25],
			"to": [8.75, 15.5, 8.75],
			"rotation": {"angle": 45, "axis": "y", "origin": [8, 15.5, 8]},
			"faces": {
				"north": {"uv": [9.258, 2.258, 9.992, 2.492], "texture": "#0"},
				"east": {"uv": [8.508, 2.258, 9.242, 2.492], "texture": "#0"},
				"south": {"uv": [10.758, 2.258, 11.492, 2.492], "texture": "#0"},
				"west": {"uv": [10.008, 2.258, 10.742, 2.492], "texture": "#0"},
				"up": {"uv": [9.992, 2.242, 9.258, 1.508], "texture": "#0"},
				"down": {"uv": [10.742, 1.508, 10.008, 2.242], "texture": "#0"}
			}
		},
		{
			"from": [7.4, 14.65, 7.4],
			"to": [8.6, 15.85, 8.6],
			"rotation": {"angle": 45, "axis": "y", "origin": [8, 15.5, 8]},
			"faces": {
				"north": {"uv": [9.258, 0.758, 9.992, 1.492], "texture": "#0"},
				"east": {"uv": [8.508, 0.758, 9.242, 1.492], "texture": "#0"},
				"south": {"uv": [10.758, 0.758, 11.492, 1.492], "texture": "#0"},
				"west": {"uv": [10.008, 0.758, 10.742, 1.492], "texture": "#0"},
				"up": {"uv": [9.992, 0.742, 9.258, 0.008], "texture": "#0"},
				"down": {"uv": [10.742, 0.008, 10.008, 0.742], "texture": "#0"}
			}
		},
		{
			"from": [5.1, 15.5, 8],
			"to": [11.6, 25.5, 8],
			"rotation": {"angle": 0, "axis": "y", "origin": [4.1, 14.5, 8]},
			"faces": {
				"north": {"uv": [0.008, 0.008, 4.242, 5.992], "texture": "#0"},
				"east": {"uv": [0.008, 0.008, 0.008, 5.992], "texture": "#0"},
				"south": {"uv": [4.258, 0.008, 8.492, 5.992], "texture": "#0"},
				"west": {"uv": [4.258, 0.008, 4.258, 5.992], "texture": "#0"},
				"up": {"uv": [4.242, 0.008, 0.008, 0.008], "texture": "#0"},
				"down": {"uv": [8.492, 0.008, 4.258, 0.008], "texture": "#0"}
			}
		},
		{
			"from": [6.395, 25.74, 7.52],
			"to": [9.545, 26.64, 8.42],
			"rotation": {"angle": 0, "axis": "y", "origin": [8.645, 25.74, 7.745]},
			"faces": {
				"north": {"uv": [6.008, 6.508, 7.492, 6.992], "texture": "#0"},
				"east": {"uv": [5.508, 6.508, 5.992, 6.992], "texture": "#0"},
				"south": {"uv": [8.008, 6.508, 9.492, 6.992], "texture": "#0"},
				"west": {"uv": [7.508, 6.508, 7.992, 6.992], "texture": "#0"},
				"up": {"uv": [7.492, 6.492, 6.008, 6.008], "texture": "#0"},
				"down": {"uv": [8.992, 6.008, 7.508, 6.492], "texture": "#0"}
			}
		},
		{
			"from": [7.295, 24.64, 7.745],
			"to": [8.645, 26.14, 8.195],
			"rotation": {"angle": 0, "axis": "y", "origin": [8.195, 25.54, 7.52]},
			"faces": {
				"north": {"uv": [2.758, 7.758, 3.492, 8.492], "texture": "#0"},
				"east": {"uv": [2.508, 7.758, 2.742, 8.492], "texture": "#0"},
				"south": {"uv": [3.758, 7.758, 4.492, 8.492], "texture": "#0"},
				"west": {"uv": [3.508, 7.758, 3.742, 8.492], "texture": "#0"},
				"up": {"uv": [3.492, 7.742, 2.758, 7.508], "texture": "#0"},
				"down": {"uv": [4.242, 7.508, 3.508, 7.742], "texture": "#0"}
			}
		},
		{
			"from": [6.395, 27.99, 7.52],
			"to": [9.545, 28.89, 8.42],
			"rotation": {"angle": 0, "axis": "y", "origin": [8.645, 27.99, 7.745]},
			"faces": {
				"north": {"uv": [6.008, 7.508, 7.492, 7.992], "texture": "#0"},
				"east": {"uv": [5.508, 7.508, 5.992, 7.992], "texture": "#0"},
				"south": {"uv": [8.008, 7.508, 9.492, 7.992], "texture": "#0"},
				"west": {"uv": [7.508, 7.508, 7.992, 7.992], "texture": "#0"},
				"up": {"uv": [7.492, 7.492, 6.008, 7.008], "texture": "#0"},
				"down": {"uv": [8.992, 7.008, 7.508, 7.492], "texture": "#0"}
			}
		},
		{
			"from": [8.645, 26.64, 7.52],
			"to": [9.545, 27.99, 8.42],
			"rotation": {"angle": 0, "axis": "y", "origin": [8.645, 27.09, 7.745]},
			"faces": {
				"north": {"uv": [5.008, 8.508, 5.492, 8.992], "texture": "#0"},
				"east": {"uv": [4.508, 8.508, 4.992, 8.992], "texture": "#0"},
				"south": {"uv": [6.008, 8.508, 6.492, 8.992], "texture": "#0"},
				"west": {"uv": [5.508, 8.508, 5.992, 8.992], "texture": "#0"},
				"up": {"uv": [5.492, 8.492, 5.008, 8.008], "texture": "#0"},
				"down": {"uv": [5.992, 8.008, 5.508, 8.492], "texture": "#0"}
			}
		},
		{
			"from": [6.395, 26.64, 7.52],
			"to": [7.295, 27.99, 8.42],
			"rotation": {"angle": 0, "axis": "y", "origin": [6.395, 27.09, 7.745]},
			"faces": {
				"north": {"uv": [7.008, 8.508, 7.492, 8.992], "texture": "#0"},
				"east": {"uv": [6.508, 8.508, 6.992, 8.992], "texture": "#0"},
				"south": {"uv": [8.008, 8.508, 8.492, 8.992], "texture": "#0"},
				"west": {"uv": [7.508, 8.508, 7.992, 8.992], "texture": "#0"},
				"up": {"uv": [7.492, 8.492, 7.008, 8.008], "texture": "#0"},
				"down": {"uv": [7.992, 8.008, 7.508, 8.492], "texture": "#0"}
			}
		}
	],
	"gui_light": "front",
	"display": {
		"thirdperson_righthand": {
			"rotation": [180, 90, 0],
			"translation": [0, 18.75, -0.25]
		},
		"thirdperson_lefthand": {
			"rotation": [180, -90, 0],
			"translation": [0, 18.75, -0.25]
		},
		"firstperson_righthand": {
			"rotation": [0, 81, 180],
			"translation": [0, 11.5, 0]
		},
		"firstperson_lefthand": {
			"rotation": [0, -101, 180],
			"translation": [0, 11.5, 0]
		},
		"ground": {
			"translation": [0, 3, 0],
			"scale": [0.6, 0.6, 0.6]
		},
		"gui": {
			"rotation": [0, 0, 135],
			"translation": [3.25, 3.5, 0],
			"scale": [0.7, 0.7, 0.7]
		},
		"head": {
			"rotation": [-90, 0, -46.25],
			"translation": [-14, 7.5, 13.5]
		},
		"fixed": {
			"translation": [0, -4.5, 0],
			"scale": [0.7, 0.7, 0.7]
		}
	},
	"groups": [
		{
			"name": "Tick",
			"origin": [8, 7, 8],
			"color": 0,
			"children": [
				{
					"name": "Blade",
					"origin": [8, 11, 8.5],
					"color": 0,
					"children": [0, 1]
				},
				{
					"name": "2",
					"origin": [8, 7, 8],
					"color": 0,
					"children": [2, 3, 4, 5, 6]
				},
				{
					"name": "1",
					"origin": [8, 7, 8],
					"color": 0,
					"children": [7, 8]
				},
				{
					"name": "Upper",
					"origin": [8, 7, 8],
					"color": 0,
					"children": [
						{
							"name": "Uhh",
							"origin": [7.9, 10, 8.5],
							"color": 0,
							"children": [9]
						},
						{
							"name": "Handle",
							"origin": [8.15, 27.45, 7.7],
							"color": 0,
							"children": [10, 11, 12, 13, 14]
						}
					]
				}
			]
		}
	]
}