{
	"credit": "Made with Blockbench",
	"texture_size": [128, 128],
	"textures": {
		"0": "holocraft:item/doggrem_grem_bucket"
	},
	"elements": [
		{
			"from": [12.999, 10.999, 6.999],
			"to": [14.001, 20.001, 9.001],
			"rotation": {"angle": 0, "axis": "y", "origin": [2, 13, 7]},
			"faces": {
				"north": {"uv": [0.875, 2.125, 1, 3.25], "texture": "#0"},
				"east": {"uv": [5, 2.5, 5.25, 3.625], "texture": "#0"},
				"south": {"uv": [1.5, 6, 1.625, 7.125], "texture": "#0"},
				"west": {"uv": [3.125, 5.625, 3.375, 6.75], "texture": "#0"},
				"up": {"uv": [0.125, 0.625, 0, 0.375], "texture": "#0"},
				"down": {"uv": [0.125, 0.625, 0, 0.875], "texture": "#0"}
			}
		},
		{
			"from": [1.999, 10.999, 6.999],
			"to": [3.001, 20.001, 9.001],
			"rotation": {"angle": 0, "axis": "y", "origin": [-9, 13, 7]},
			"faces": {
				"north": {"uv": [0, 6.25, 0.125, 7.375], "texture": "#0"},
				"east": {"uv": [4.5, 5.625, 4.75, 6.75], "texture": "#0"},
				"south": {"uv": [0.125, 6.25, 0.25, 7.375], "texture": "#0"},
				"west": {"uv": [4.75, 5.75, 5, 6.875], "texture": "#0"},
				"up": {"uv": [0.125, 1.125, 0, 0.875], "texture": "#0"},
				"down": {"uv": [0.875, 2.125, 0.75, 2.375], "texture": "#0"}
			}
		},
		{
			"from": [2, 19, 7],
			"to": [14, 20, 9],
			"rotation": {"angle": 0, "axis": "y", "origin": [-9, 13, 7]},
			"faces": {
				"north": {"uv": [4.75, 4.5, 6.25, 4.625], "texture": "#0"},
				"east": {"uv": [0.375, 0, 0.625, 0.125], "texture": "#0"},
				"south": {"uv": [4.75, 4.75, 6.25, 4.875], "texture": "#0"},
				"west": {"uv": [0.625, 0, 0.875, 0.125], "texture": "#0"},
				"up": {"uv": [3.5, 2.375, 2, 2.125], "texture": "#0"},
				"down": {"uv": [5.375, 1.875, 3.875, 2.125], "texture": "#0"}
			}
		},
		{
			"from": [3, 0, 3],
			"to": [13, 1, 13],
			"rotation": {"angle": 0, "axis": "y", "origin": [7, 0, 7]},
			"faces": {
				"north": {"uv": [1.625, 5, 2.875, 5.125], "texture": "#0"},
				"east": {"uv": [5.125, 1.375, 6.375, 1.5], "texture": "#0"},
				"south": {"uv": [5.5, 3.375, 6.75, 3.5], "texture": "#0"},
				"west": {"uv": [6, 1.5, 7.25, 1.625], "texture": "#0"},
				"up": {"uv": [4.875, 4.375, 3.625, 3.125], "texture": "#0"},
				"down": {"uv": [2.75, 3.75, 1.5, 5], "texture": "#0"}
			}
		},
		{
			"from": [3, 1, 3],
			"to": [4, 9, 13],
			"rotation": {"angle": 0, "axis": "y", "origin": [7, 1, 7]},
			"faces": {
				"north": {"uv": [1.25, 4, 1.375, 5], "texture": "#0"},
				"east": {"uv": [3.75, 2.125, 5, 3.125], "texture": "#0"},
				"south": {"uv": [1.375, 4, 1.5, 5], "texture": "#0"},
				"west": {"uv": [3.875, 0.625, 5.125, 1.625], "texture": "#0"},
				"up": {"uv": [1.125, 2.375, 1, 1.125], "texture": "#0"},
				"down": {"uv": [5.25, 5.375, 5.125, 6.625], "texture": "#0"}
			}
		},
		{
			"from": [12, 9, 3],
			"to": [14, 12, 13],
			"rotation": {"angle": 0, "axis": "y", "origin": [17, 0, 7]},
			"faces": {
				"north": {"uv": [0, 2.125, 0.25, 2.5], "texture": "#0"},
				"east": {"uv": [5.125, 1, 6.375, 1.375], "texture": "#0"},
				"south": {"uv": [0.25, 2.125, 0.5, 2.5], "texture": "#0"},
				"west": {"uv": [1.625, 5.5, 2.875, 5.875], "texture": "#0"},
				"up": {"uv": [3, 4.875, 2.75, 3.625], "texture": "#0"},
				"down": {"uv": [3.25, 3.75, 3, 5], "texture": "#0"}
			}
		},
		{
			"from": [1.999, 8.999, 1.999],
			"to": [14.001, 12.001, 4.001],
			"rotation": {"angle": 0, "axis": "y", "origin": [8, 0, 7]},
			"faces": {
				"north": {"uv": [4.125, 0, 5.625, 0.375], "texture": "#0"},
				"east": {"uv": [0.5, 2.125, 0.75, 2.5], "texture": "#0"},
				"south": {"uv": [4.875, 3.625, 6.375, 4], "texture": "#0"},
				"west": {"uv": [0, 2.5, 0.25, 2.875], "texture": "#0"},
				"up": {"uv": [5.625, 0.625, 4.125, 0.375], "texture": "#0"},
				"down": {"uv": [7.125, 0.375, 5.625, 0.625], "texture": "#0"}
			}
		},
		{
			"from": [1.999, 8.999, 11.999],
			"to": [14.001, 12.001, 14.001],
			"rotation": {"angle": 0, "axis": "y", "origin": [8, 0, 17]},
			"faces": {
				"north": {"uv": [4.875, 4.125, 6.375, 4.5], "texture": "#0"},
				"east": {"uv": [0.25, 2.5, 0.5, 2.875], "texture": "#0"},
				"south": {"uv": [5, 2.125, 6.5, 2.5], "texture": "#0"},
				"west": {"uv": [0.5, 2.5, 0.75, 2.875], "texture": "#0"},
				"up": {"uv": [7.125, 2.75, 5.625, 2.5], "texture": "#0"},
				"down": {"uv": [1.5, 6, 0, 6.25], "texture": "#0"}
			}
		},
		{
			"from": [2, 9, 3],
			"to": [4, 12, 13],
			"rotation": {"angle": 0, "axis": "y", "origin": [7, 0, 7]},
			"faces": {
				"north": {"uv": [3, 3.125, 3.25, 3.5], "texture": "#0"},
				"east": {"uv": [5.5, 2.875, 6.75, 3.25], "texture": "#0"},
				"south": {"uv": [3.25, 0, 3.5, 0.375], "texture": "#0"},
				"west": {"uv": [1.625, 5.875, 2.875, 6.25], "texture": "#0"},
				"up": {"uv": [4.75, 5.625, 4.5, 4.375], "texture": "#0"},
				"down": {"uv": [3.125, 5.5, 2.875, 6.75], "texture": "#0"}
			}
		},
		{
			"from": [4, 1, 12],
			"to": [12, 9, 13],
			"rotation": {"angle": 0, "axis": "y", "origin": [7, 1, 16]},
			"faces": {
				"north": {"uv": [0.125, 0.125, 1.125, 1.125], "texture": "#0"},
				"east": {"uv": [0.25, 6.25, 0.375, 7.25], "texture": "#0"},
				"south": {"uv": [0, 1.125, 1, 2.125], "texture": "#0"},
				"west": {"uv": [0.375, 6.25, 0.5, 7.25], "texture": "#0"},
				"up": {"uv": [3, 1.625, 2, 1.5], "texture": "#0"},
				"down": {"uv": [3, 1.625, 2, 1.75], "texture": "#0"}
			}
		},
		{
			"from": [4, 1, 3],
			"to": [12, 9, 4],
			"rotation": {"angle": 0, "axis": "y", "origin": [7, 1, 7]},
			"faces": {
				"north": {"uv": [0.625, 5, 1.625, 6], "texture": "#0"},
				"east": {"uv": [0.5, 6.25, 0.625, 7.25], "texture": "#0"},
				"south": {"uv": [3.5, 5.375, 4.5, 6.375], "texture": "#0"},
				"west": {"uv": [0.625, 6.25, 0.75, 7.25], "texture": "#0"},
				"up": {"uv": [3, 1.875, 2, 1.75], "texture": "#0"},
				"down": {"uv": [3, 1.875, 2, 2], "texture": "#0"}
			}
		},
		{
			"from": [12, 1, 3],
			"to": [13, 9, 13],
			"rotation": {"angle": 0, "axis": "y", "origin": [16, 1, 7]},
			"faces": {
				"north": {"uv": [0.75, 6.25, 0.875, 7.25], "texture": "#0"},
				"east": {"uv": [0, 4, 1.25, 5], "texture": "#0"},
				"south": {"uv": [0.875, 6.25, 1, 7.25], "texture": "#0"},
				"west": {"uv": [3.25, 4.375, 4.5, 5.375], "texture": "#0"},
				"up": {"uv": [3.5, 6.875, 3.375, 5.625], "texture": "#0"},
				"down": {"uv": [5.125, 5.75, 5, 7], "texture": "#0"}
			}
		},
		{
			"from": [4, 2, 4],
			"to": [12, 10, 12],
			"rotation": {"angle": 0, "axis": "y", "origin": [6, 2, 7]},
			"faces": {
				"north": {"uv": [6.25, 6, 7.25, 7], "texture": "#0"},
				"east": {"uv": [5.25, 6, 6.25, 7], "texture": "#0"},
				"south": {"uv": [8.25, 6, 9.25, 7], "texture": "#0"},
				"west": {"uv": [7.25, 6, 8.25, 7], "texture": "#0"},
				"up": {"uv": [7.25, 6, 6.25, 5], "texture": "#0"},
				"down": {"uv": [8.25, 5, 7.25, 6], "texture": "#0"}
			}
		},
		{
			"name": "hhead",
			"from": [5.38028, 13.99413, 1.31607],
			"to": [10.61172, 17.48137, 5.96339],
			"rotation": {"angle": -45, "axis": "x", "origin": [8.02507, 16.6396, 3.99245]},
			"faces": {
				"north": {"uv": [2.746, 3.129, 1.879, 3.746], "rotation": 180, "texture": "#0"},
				"east": {"uv": [3.254, 0.629, 3.871, 1.371], "rotation": 270, "texture": "#0"},
				"south": {"uv": [3.871, 2.121, 3.004, 1.504], "texture": "#0"},
				"west": {"uv": [0.879, 3.254, 1.496, 3.996], "rotation": 90, "texture": "#0"},
				"up": {"uv": [2.004, 2.379, 2.871, 3.121], "rotation": 180, "texture": "#0"},
				"down": {"uv": [1.004, 2.504, 1.871, 3.246], "texture": "#0"}
			}
		},
		{
			"name": "normal_face",
			"from": [5.59288, 17.49702, 2.67848],
			"to": [10.39912, 17.49702, 3.60872],
			"rotation": {"angle": -45, "axis": "x", "origin": [8.02507, 16.6396, 3.99245]},
			"faces": {
				"north": {"uv": [9.496, 0.629, 7.504, 0.629], "rotation": 180, "texture": "#0"},
				"east": {"uv": [5.504, 0.629, 5.504, 0.996], "rotation": 270, "texture": "#0"},
				"south": {"uv": [7.496, 0.629, 5.504, 0.629], "texture": "#0"},
				"west": {"uv": [7.504, 0.629, 7.504, 0.996], "rotation": 90, "texture": "#0"},
				"up": {"uv": [5.504, 0.629, 7.496, 0.996], "rotation": 180, "texture": "#0"},
				"down": {"uv": [7.504, 0.629, 9.496, 0.996], "texture": "#0"}
			}
		},
		{
			"name": "normal_face",
			"from": [6.01827, 17.49555, 3.37616],
			"to": [7.06479, 17.49555, 4.42268],
			"rotation": {"angle": -45, "axis": "x", "origin": [8.02507, 16.6396, 3.99245]},
			"faces": {
				"north": {"uv": [0.371, 0.004, 0.004, 0.004], "rotation": 180, "texture": "#0"},
				"east": {"uv": [0.004, 0.004, 0.004, 0.371], "rotation": 270, "texture": "#0"},
				"south": {"uv": [0.371, 0.004, 0.004, 0.004], "texture": "#0"},
				"west": {"uv": [0.004, 0.004, 0.004, 0.371], "rotation": 90, "texture": "#0"},
				"up": {"uv": [3.754, 0.004, 4.121, 0.371], "rotation": 180, "texture": "#0"},
				"down": {"uv": [4.754, 5.379, 5.121, 5.746], "texture": "#0"}
			}
		},
		{
			"name": "normal_face",
			"from": [5.58319, 17.51734, 4.72501],
			"to": [5.81575, 17.51734, 4.95757],
			"rotation": {"angle": -45, "axis": "x", "origin": [8.02507, 16.6396, 3.99245]},
			"faces": {
				"north": {"uv": [0.004, 0.004, 0.004, 0.004], "rotation": 180, "texture": "#0"},
				"east": {"uv": [0.004, 0.004, 0.004, 0.004], "rotation": 270, "texture": "#0"},
				"south": {"uv": [0.004, 0.004, 0.004, 0.004], "texture": "#0"},
				"west": {"uv": [0.004, 0.004, 0.004, 0.004], "rotation": 90, "texture": "#0"},
				"up": {"uv": [0.004, 0.004, 0.004, 0.004], "rotation": 180, "texture": "#0"},
				"down": {"uv": [0.004, 0.004, 0.004, 0.004], "texture": "#0"}
			}
		},
		{
			"name": "normal_face",
			"from": [10.23439, 17.51734, 3.40717],
			"to": [10.46695, 17.51734, 3.63973],
			"rotation": {"angle": -45, "axis": "x", "origin": [8.02507, 16.6396, 3.99245]},
			"faces": {
				"north": {"uv": [0.004, 0.004, 0.004, 0.004], "rotation": 180, "texture": "#0"},
				"east": {"uv": [0.004, 0.004, 0.004, 0.004], "rotation": 270, "texture": "#0"},
				"south": {"uv": [0.004, 0.004, 0.004, 0.004], "texture": "#0"},
				"west": {"uv": [0.004, 0.004, 0.004, 0.004], "rotation": 90, "texture": "#0"},
				"up": {"uv": [0.004, 0.004, 0.004, 0.004], "rotation": 180, "texture": "#0"},
				"down": {"uv": [0.004, 0.004, 0.004, 0.004], "texture": "#0"}
			}
		},
		{
			"name": "bone13",
			"from": [8.79131, 6.58479, 7.33627],
			"to": [10.10915, 6.58479, 7.64635],
			"rotation": {"angle": -45, "axis": "x", "origin": [0.02907, 6.74032, -7.40219]},
			"faces": {
				"north": {"uv": [0.371, 0.004, 0.004, 0.004], "rotation": 180, "texture": "#0"},
				"east": {"uv": [0.004, 0.004, 0.004, 0.121], "rotation": 270, "texture": "#0"},
				"south": {"uv": [0.371, 0.004, 0.004, 0.004], "texture": "#0"},
				"west": {"uv": [0.004, 0.004, 0.004, 0.121], "rotation": 90, "texture": "#0"},
				"up": {"uv": [3.754, 0.379, 4.121, 0.496], "rotation": 180, "texture": "#0"},
				"down": {"uv": [3.754, 0.504, 4.121, 0.621], "texture": "#0"}
			}
		},
		{
			"name": "boddy",
			"from": [5.3797, 5.8992, 4.6892],
			"to": [10.6123, 13.6512, 9.3404],
			"rotation": {"angle": -22.5, "axis": "x", "origin": [7.996, 9.7752, 1.976]},
			"faces": {
				"north": {"uv": [1.996, 1.254, 1.129, 2.496], "rotation": 180, "texture": "#0"},
				"east": {"uv": [2.004, 0.004, 3.246, 0.746], "rotation": 270, "texture": "#0"},
				"south": {"uv": [1.996, 1.246, 1.129, 0.004], "texture": "#0"},
				"west": {"uv": [2.004, 0.754, 3.246, 1.496], "rotation": 90, "texture": "#0"},
				"up": {"uv": [0.004, 2.879, 0.871, 3.621], "rotation": 180, "texture": "#0"},
				"down": {"uv": [2.879, 2.379, 3.746, 3.121], "texture": "#0"}
			}
		},
		{
			"name": "bone7",
			"from": [10.3216, 9.49786, 8.06547],
			"to": [11.872, 9.49786, 11.94147],
			"rotation": {"angle": -22.5, "axis": "x", "origin": [0, 1.3488, -1.124]},
			"faces": {
				"north": {"uv": [5.875, 0.375, 6, 0.375], "texture": "#0"},
				"east": {"uv": [5.5, 0.375, 5.875, 0.375], "texture": "#0"},
				"south": {"uv": [6.375, 0.375, 6.5, 0.375], "texture": "#0"},
				"west": {"uv": [6, 0.375, 6.375, 0.375], "texture": "#0"},
				"up": {"uv": [6, 0.375, 5.875, 0], "texture": "#0"},
				"down": {"uv": [6.125, 0, 6, 0.375], "texture": "#0"}
			}
		},
		{
			"name": "bone8",
			"from": [10.3216, 7.94746, 8.06547],
			"to": [11.872, 7.94746, 11.94147],
			"rotation": {"angle": -22.5, "axis": "x", "origin": [0, 1.3488, -1.124]},
			"faces": {
				"north": {"uv": [5.875, 2.125, 6, 2.125], "texture": "#0"},
				"east": {"uv": [5.5, 2.125, 5.875, 2.125], "texture": "#0"},
				"south": {"uv": [6.375, 2.125, 6.5, 2.125], "texture": "#0"},
				"west": {"uv": [6, 2.125, 6.375, 2.125], "texture": "#0"},
				"up": {"uv": [6, 2.125, 5.875, 1.75], "texture": "#0"},
				"down": {"uv": [6.125, 1.75, 6, 2.125], "texture": "#0"}
			}
		},
		{
			"name": "bone17",
			"from": [5.2828, 9.2653, 7.91043],
			"to": [9.934, 10.8157, 7.91043],
			"rotation": {"angle": -22.5, "axis": "x", "origin": [0, 1.3488, -1.124]},
			"faces": {
				"north": {"uv": [5.5, 3.5, 6, 3.625], "texture": "#0"},
				"east": {"uv": [5.5, 3.5, 5.5, 3.625], "texture": "#0"},
				"south": {"uv": [6, 3.5, 6.5, 3.625], "texture": "#0"},
				"west": {"uv": [6, 3.5, 6, 3.625], "texture": "#0"},
				"up": {"uv": [6, 3.5, 5.5, 3.5], "texture": "#0"},
				"down": {"uv": [6.5, 3.5, 6, 3.5], "texture": "#0"}
			}
		},
		{
			"name": "bone15",
			"from": [5.6704, 6.1645, 12.09651],
			"to": [10.3216, 7.7149, 12.09651],
			"rotation": {"angle": -22.5, "axis": "x", "origin": [0, 1.3488, -1.124]},
			"faces": {
				"north": {"uv": [5.375, 4.625, 5.875, 4.75], "texture": "#0"},
				"east": {"uv": [5.375, 4.625, 5.375, 4.75], "texture": "#0"},
				"south": {"uv": [5.875, 4.625, 6.375, 4.75], "texture": "#0"},
				"west": {"uv": [5.875, 4.625, 5.875, 4.75], "texture": "#0"},
				"up": {"uv": [5.875, 4.625, 5.375, 4.625], "texture": "#0"},
				"down": {"uv": [6.375, 4.625, 5.875, 4.625], "texture": "#0"}
			}
		},
		{
			"name": "bone15",
			"from": [5.6704, 7.92039, 13.79846],
			"to": [10.3216, 9.47079, 13.79846],
			"rotation": {"angle": -45, "axis": "x", "origin": [0, 4.54556, 6.03177]},
			"faces": {
				"north": {"uv": [5.375, 4.875, 5.875, 5], "texture": "#0"},
				"east": {"uv": [5.375, 4.875, 5.375, 5], "texture": "#0"},
				"south": {"uv": [5.875, 4.875, 6.375, 5], "texture": "#0"},
				"west": {"uv": [5.875, 4.875, 5.875, 5], "texture": "#0"},
				"up": {"uv": [5.875, 4.875, 5.375, 4.875], "texture": "#0"},
				"down": {"uv": [6.375, 4.875, 5.875, 4.875], "texture": "#0"}
			}
		},
		{
			"name": "bone15",
			"from": [5.6704, 9.42937, 13.53159],
			"to": [10.3216, 10.97977, 13.53159],
			"rotation": {"angle": -45, "axis": "x", "origin": [0, 5.83527, 5.98416]},
			"faces": {
				"north": {"uv": [5.5, 2.75, 6, 2.875], "texture": "#0"},
				"east": {"uv": [5.5, 2.75, 5.5, 2.875], "texture": "#0"},
				"south": {"uv": [6, 2.75, 6.5, 2.875], "texture": "#0"},
				"west": {"uv": [6, 2.75, 6, 2.875], "texture": "#0"},
				"up": {"uv": [6, 2.75, 5.5, 2.75], "texture": "#0"},
				"down": {"uv": [6.5, 2.75, 6, 2.75], "texture": "#0"}
			}
		},
		{
			"name": "bone16",
			"from": [5.2828, 7.7149, 7.91043],
			"to": [9.934, 9.2653, 7.91043],
			"rotation": {"angle": -22.5, "axis": "x", "origin": [0, 1.3488, -1.124]},
			"faces": {
				"north": {"uv": [5.5, 3.25, 6, 3.375], "texture": "#0"},
				"east": {"uv": [5.5, 3.25, 5.5, 3.375], "texture": "#0"},
				"south": {"uv": [6, 3.25, 6.5, 3.375], "texture": "#0"},
				"west": {"uv": [6, 3.25, 6, 3.375], "texture": "#0"},
				"up": {"uv": [6, 3.25, 5.5, 3.25], "texture": "#0"},
				"down": {"uv": [6.5, 3.25, 6, 3.25], "texture": "#0"}
			}
		},
		{
			"name": "bone16",
			"from": [6.4456, 3.65382, 10.57395],
			"to": [9.5464, 5.20422, 10.57395],
			"rotation": {"angle": -22.5, "axis": "x", "origin": [0, 1.3488, -1.124]},
			"faces": {
				"north": {"uv": [5.5, 4, 5.875, 4.125], "texture": "#0"},
				"east": {"uv": [5.5, 4, 5.5, 4.125], "texture": "#0"},
				"south": {"uv": [5.875, 4, 6.25, 4.125], "texture": "#0"},
				"west": {"uv": [5.875, 4, 5.875, 4.125], "texture": "#0"},
				"up": {"uv": [5.875, 4, 5.5, 4], "texture": "#0"},
				"down": {"uv": [6.25, 4, 5.875, 4], "texture": "#0"}
			}
		},
		{
			"name": "legg4",
			"from": [4.78838, 11.95661, 2.22273],
			"to": [6.52095, 13.68919, 3.95531],
			"rotation": {"angle": 22.5, "axis": "y", "origin": [4.9921, 13.08918, 2.15139]},
			"faces": {
				"north": {"uv": [4.75, 5.125, 5, 5.375], "texture": "#0"},
				"east": {"uv": [5, 5.125, 5.25, 5.375], "texture": "#0"},
				"south": {"uv": [3.5, 2.125, 3.75, 2.375], "texture": "#0"},
				"west": {"uv": [4.5, 1.625, 4.75, 1.875], "texture": "#0"},
				"up": {"uv": [0.25, 5.5, 0, 5.25], "rotation": 180, "texture": "#0"},
				"down": {"uv": [0.5, 5.25, 0.25, 5.5], "rotation": 180, "texture": "#0"}
			}
		},
		{
			"name": "legg4",
			"from": [4.78063, 12.18142, 2.21498],
			"to": [6.5287, 13.9295, 2.99018],
			"rotation": {"angle": 22.5, "axis": "y", "origin": [4.9921, 13.08918, 2.15139]},
			"faces": {
				"north": {"uv": [2.75, 3.375, 3, 3.625], "texture": "#0"},
				"east": {"uv": [1.875, 2.75, 2, 3], "texture": "#0"},
				"south": {"uv": [3.25, 3.125, 3.5, 3.375], "texture": "#0"},
				"west": {"uv": [1.875, 2.5, 2, 2.75], "texture": "#0"},
				"up": {"uv": [3.25, 3.75, 3, 3.625], "rotation": 180, "texture": "#0"},
				"down": {"uv": [3.5, 3.625, 3.25, 3.75], "rotation": 180, "texture": "#0"}
			}
		},
		{
			"name": "legg4",
			"from": [5.09071, 12.4915, 2.1956],
			"to": [6.21862, 13.23182, 2.1956],
			"rotation": {"angle": 22.5, "axis": "y", "origin": [4.9921, 13.08918, 2.15139]},
			"faces": {
				"north": {"uv": [5.75, 1.5, 6, 1.75], "texture": "#0"},
				"east": {"uv": [5.75, 1.5, 5.75, 1.75], "texture": "#0"},
				"south": {"uv": [5.5, 1.5, 5.75, 1.75], "texture": "#0"},
				"west": {"uv": [5.5, 1.5, 5.5, 1.75], "texture": "#0"},
				"up": {"uv": [5.75, 1.5, 5.5, 1.5], "rotation": 180, "texture": "#0"},
				"down": {"uv": [6, 1.5, 5.75, 1.5], "rotation": 180, "texture": "#0"}
			}
		},
		{
			"name": "legg3",
			"from": [9.54539, 11.95661, 2.03139],
			"to": [11.27796, 13.68919, 3.76396],
			"rotation": {"angle": -22.5, "axis": "y", "origin": [10.6123, 13.08918, 2.1417]},
			"faces": {
				"north": {"uv": [5.25, 2.875, 5.5, 3.125], "texture": "#0"},
				"east": {"uv": [3, 5.25, 3.25, 5.5], "texture": "#0"},
				"south": {"uv": [2.5, 5.25, 2.75, 5.5], "texture": "#0"},
				"west": {"uv": [2.75, 5.25, 3, 5.5], "texture": "#0"},
				"up": {"uv": [5.5, 3.375, 5.25, 3.125], "rotation": 180, "texture": "#0"},
				"down": {"uv": [5.5, 3.375, 5.25, 3.625], "rotation": 180, "texture": "#0"}
			}
		},
		{
			"name": "legg3",
			"from": [9.53763, 12.18142, 2.02364],
			"to": [11.28571, 13.9295, 2.79884],
			"rotation": {"angle": -22.5, "axis": "y", "origin": [10.6123, 13.08918, 2.1417]},
			"faces": {
				"north": {"uv": [3.25, 5.375, 3.5, 5.625], "texture": "#0"},
				"east": {"uv": [0.75, 3.625, 0.875, 3.875], "texture": "#0"},
				"south": {"uv": [5.375, 2.5, 5.625, 2.75], "texture": "#0"},
				"west": {"uv": [3.5, 3.375, 3.625, 3.625], "texture": "#0"},
				"up": {"uv": [0.625, 5.25, 0.375, 5.125], "rotation": 180, "texture": "#0"},
				"down": {"uv": [2.5, 5.125, 2.25, 5.25], "rotation": 180, "texture": "#0"}
			}
		},
		{
			"name": "legg3",
			"from": [9.84771, 12.4915, 1.98488],
			"to": [10.97563, 13.23182, 1.98488],
			"rotation": {"angle": -22.5, "axis": "y", "origin": [10.6123, 13.08918, 2.1417]},
			"faces": {
				"north": {"uv": [5.75, 1.5, 6, 1.75], "texture": "#0"},
				"east": {"uv": [5.75, 1.5, 5.75, 1.75], "texture": "#0"},
				"south": {"uv": [5.5, 1.5, 5.75, 1.75], "texture": "#0"},
				"west": {"uv": [5.5, 1.5, 5.5, 1.75], "texture": "#0"},
				"up": {"uv": [5.75, 1.5, 5.5, 1.5], "rotation": 180, "texture": "#0"},
				"down": {"uv": [6, 1.5, 5.75, 1.5], "rotation": 180, "texture": "#0"}
			}
		}
	],
	"gui_light": "front",
	"display": {
		"thirdperson_righthand": {
			"rotation": [66.5, 0, 0],
			"translation": [0, -3, -5],
			"scale": [0.5, 0.5, 0.5]
		},
		"thirdperson_lefthand": {
			"rotation": [66.5, 0, 0],
			"translation": [0, -3, -5],
			"scale": [0.5, 0.5, 0.5]
		},
		"firstperson_righthand": {
			"rotation": [-157.46, 46.84, 163.91],
			"translation": [1.5, 1.25, 0],
			"scale": [0.5, 0.5, 0.5]
		},
		"firstperson_lefthand": {
			"rotation": [-157.46, 46.84, 163.91],
			"translation": [1.5, 1.25, 0],
			"scale": [0.5, 0.5, 0.5]
		},
		"ground": {
			"translation": [0, 3, 0],
			"scale": [0.7, 0.7, 0.7]
		},
		"gui": {
			"rotation": [-163, -13.5, -180],
			"translation": [0, -1, 0],
			"scale": [0.7, 0.7, 0.7]
		},
		"head": {
			"translation": [0, 14, 0]
		},
		"fixed": {
			"rotation": [-90, 0, 0],
			"translation": [0, 0, -11.75],
			"scale": [1.7, 1.7, 1.7]
		}
	},
	"groups": [
		{
			"name": "grem_bucket",
			"origin": [8, 8, 8],
			"color": 0,
			"children": [
				{
					"name": "handle",
					"origin": [8, 8, 8],
					"color": 0,
					"children": [
						0,
						1,
						2,
						{
							"name": "bucket",
							"origin": [8, 8, 8],
							"color": 0,
							"children": [3, 4, 5, 6, 7, 8, 9, 10, 11, 12]
						}
					]
				}
			]
		},
		{
			"name": "doggrem",
			"origin": [0, 6, -5],
			"color": 0,
			"children": [
				{
					"name": "head",
					"origin": [0, 6, -5],
					"color": 0,
					"children": [
						{
							"name": "hhead",
							"origin": [0, 6.5, -5.68543],
							"color": 0,
							"children": [
								13,
								{
									"name": "face",
									"origin": [0.375, 4.4, -4.76218],
									"color": 0,
									"children": [
										{
											"name": "normal_face",
											"origin": [0.375, 4.7, -4.76218],
											"color": 0,
											"children": [
												14,
												15,
												16,
												17,
												{
													"name": "bone13",
													"origin": [1.42594, 6.444, -4.76218],
													"rotation": [0, 0, 20],
													"color": 0,
													"children": [18]
												}
											]
										}
									]
								}
							]
						}
					]
				},
				{
					"name": "body",
					"origin": [0, 6, 4],
					"color": 0,
					"children": [
						{
							"name": "boddy",
							"origin": [0, 2, -1],
							"color": 0,
							"children": [
								19,
								{
									"name": "fur",
									"origin": [0, 2, -1],
									"color": 0,
									"children": [
										{
											"name": "bone3",
											"origin": [-3.4, 6.5, -4],
											"rotation": [0, 75, 0],
											"color": 0,
											"children": []
										},
										{
											"name": "bone4",
											"origin": [-3.4, 6.5, -2],
											"rotation": [0, 75, 0],
											"color": 0,
											"children": []
										},
										{
											"name": "bone5",
											"origin": [-3.4, 6.5, 0],
											"rotation": [0, 75, 0],
											"color": 0,
											"children": []
										},
										{
											"name": "fur2",
											"origin": [0, 2, -1],
											"color": 0,
											"children": [
												{
													"name": "bone6",
													"origin": [3.4, 6.5, -4],
													"rotation": [0, -75, 0],
													"color": 0,
													"children": []
												},
												{
													"name": "bone7",
													"origin": [3.4, 6.5, -2],
													"rotation": [0, -75, 0],
													"color": 0,
													"children": [20]
												},
												{
													"name": "bone8",
													"origin": [3.4, 6.5, 0],
													"rotation": [0, -75, 0],
													"color": 0,
													"children": [21]
												}
											]
										},
										{
											"name": "fur3",
											"origin": [0, 2, 8],
											"color": 0,
											"children": [
												{
													"name": "bone9",
													"origin": [3.4, 6.5, 5],
													"rotation": [0, -75, 0],
													"color": 0,
													"children": []
												},
												{
													"name": "bone10",
													"origin": [3.4, 6.5, 7],
													"rotation": [0, -75, 0],
													"color": 0,
													"children": []
												}
											]
										},
										{
											"name": "fur4",
											"origin": [0, 2, 8],
											"color": 0,
											"children": [
												{
													"name": "bone11",
													"origin": [-3.4, 6.5, 5],
													"rotation": [0, 75, 0],
													"color": 0,
													"children": []
												},
												{
													"name": "bone12",
													"origin": [-3.4, 6.5, 7],
													"rotation": [0, 75, 0],
													"color": 0,
													"children": []
												}
											]
										},
										{
											"name": "bone17",
											"origin": [0, 3.8, -3.7],
											"rotation": [25, 0, 0],
											"color": 0,
											"children": [22]
										},
										{
											"name": "bone15",
											"origin": [0, 9.2, 0.3],
											"rotation": [-25, 0, 0],
											"color": 0,
											"children": [23, 24, 25]
										},
										{
											"name": "bone16",
											"origin": [0, 3.8, -1.7],
											"rotation": [25, 0, 0],
											"color": 0,
											"children": [26, 27]
										}
									]
								}
							]
						}
					]
				},
				{
					"name": "leg4",
					"origin": [-3.5, 5, -4],
					"color": 0,
					"children": [
						{
							"name": "legg4",
							"origin": [-3.375, 4.14167, -4.28167],
							"rotation": [0, -90, 90],
							"color": 0,
							"children": [28, 29, 30]
						}
					]
				},
				{
					"name": "leg2",
					"origin": [-3.5, 5, 3],
					"color": 0,
					"children": [
						{
							"name": "legg2",
							"origin": [-3.375, 4.14167, 2.84333],
							"rotation": [0, -90, 90],
							"color": 0,
							"children": []
						}
					]
				},
				{
					"name": "leg3",
					"origin": [3.5, 5, -4],
					"color": 0,
					"children": [
						{
							"name": "legg3",
							"origin": [3.375, 4.14167, -4.27333],
							"rotation": [0, 90, -90],
							"color": 0,
							"children": [31, 32, 33]
						}
					]
				},
				{
					"name": "leg1",
					"origin": [3.5, 5, 3],
					"color": 0,
					"children": [
						{
							"name": "legg1",
							"origin": [3.375, 4.14167, 2.84333],
							"rotation": [0, 90, -90],
							"color": 0,
							"children": []
						}
					]
				}
			]
		}
	]
}