{
	"credit": "Made with Blockbench",
	"texture_size": [32, 32],
	"textures": {
		"0": "holocraft:item/eye_of_wisdom",
		"particle": "holocraft:item/eye_of_wisdom"
	},
	"elements": [
		{
			"from": [7, 0, 7],
			"to": [9, 1, 9],
			"rotation": {"angle": 0, "axis": "y", "origin": [7, 0, 7]},
			"faces": {
				"north": {"uv": [11.016, 9.516, 11.984, 9.984], "texture": "#0"},
				"east": {"uv": [11.016, 10.016, 11.984, 10.484], "texture": "#0"},
				"south": {"uv": [11.016, 10.516, 11.984, 10.984], "texture": "#0"},
				"west": {"uv": [11.016, 11.016, 11.984, 11.484], "texture": "#0"},
				"up": {"uv": [11.484, 8.984, 10.516, 8.016], "texture": "#0"},
				"down": {"uv": [9.984, 10.516, 9.016, 11.484], "texture": "#0"}
			}
		},
		{
			"from": [7.2, 0.2, 7.2],
			"to": [8.8, 11.8, 8.8],
			"rotation": {"angle": 0, "axis": "y", "origin": [7, 0, 7]},
			"faces": {
				"north": {"uv": [4.016, 0.016, 4.984, 5.984], "texture": "#0"},
				"east": {"uv": [5.016, 0.016, 5.984, 5.984], "texture": "#0"},
				"south": {"uv": [6.016, 0.016, 6.984, 5.984], "texture": "#0"},
				"west": {"uv": [4.016, 6.016, 4.984, 11.984], "texture": "#0"},
				"up": {"uv": [10.984, 11.484, 10.016, 10.516], "texture": "#0"},
				"down": {"uv": [3.984, 11.016, 3.016, 11.984], "texture": "#0"}
			}
		},
		{
			"from": [8, 10.5, 6.5],
			"to": [10, 12.5, 9.5],
			"rotation": {"angle": -22.5, "axis": "z", "origin": [9, 11.5, 8]},
			"faces": {
				"north": {"uv": [5.016, 11.016, 5.984, 11.984], "texture": "#0"},
				"east": {"uv": [7.016, 5.016, 8.484, 5.984], "texture": "#0"},
				"south": {"uv": [11.016, 5.016, 11.984, 5.984], "texture": "#0"},
				"west": {"uv": [8.016, 7.016, 9.484, 7.984], "texture": "#0"},
				"up": {"uv": [3.984, 9.484, 3.016, 8.016], "texture": "#0"},
				"down": {"uv": [8.984, 8.016, 8.016, 9.484], "texture": "#0"}
			}
		},
		{
			"from": [6.001, 10.501, 6.501],
			"to": [7.999, 12.499, 9.499],
			"rotation": {"angle": 22.5, "axis": "z", "origin": [7, 11.5, 8]},
			"faces": {
				"north": {"uv": [6.016, 11.016, 6.984, 11.984], "texture": "#0"},
				"east": {"uv": [8.516, 5.016, 9.984, 5.984], "texture": "#0"},
				"south": {"uv": [11.016, 6.016, 11.984, 6.984], "texture": "#0"},
				"west": {"uv": [9.016, 8.016, 10.484, 8.984], "texture": "#0"},
				"up": {"uv": [9.984, 10.484, 9.016, 9.016], "texture": "#0"},
				"down": {"uv": [3.984, 9.516, 3.016, 10.984], "texture": "#0"}
			}
		},
		{
			"from": [5.18821, 10.34672, 6.5],
			"to": [6.68821, 11.04672, 9.5],
			"rotation": {"angle": -22.5, "axis": "z", "origin": [6.18821, 10.84672, 8]},
			"faces": {
				"north": {"uv": [7.016, 11.516, 7.984, 11.984], "texture": "#0"},
				"east": {"uv": [7.016, 11.016, 8.484, 11.484], "texture": "#0"},
				"south": {"uv": [8.016, 11.516, 8.984, 11.984], "texture": "#0"},
				"west": {"uv": [11.016, 7.016, 12.484, 7.484], "texture": "#0"},
				"up": {"uv": [8.984, 10.984, 8.016, 9.516], "texture": "#0"},
				"down": {"uv": [10.984, 5.016, 10.016, 6.484], "texture": "#0"}
			}
		},
		{
			"from": [9.31279, 10.34772, 6.501],
			"to": [10.81079, 11.04572, 9.499],
			"rotation": {"angle": 22.5, "axis": "z", "origin": [9.81179, 10.84672, 8]},
			"faces": {
				"north": {"uv": [11.516, 8.016, 12.484, 8.484], "texture": "#0"},
				"east": {"uv": [11.016, 7.516, 12.484, 7.984], "texture": "#0"},
				"south": {"uv": [11.516, 8.516, 12.484, 8.984], "texture": "#0"},
				"west": {"uv": [11.016, 9.016, 12.484, 9.484], "texture": "#0"},
				"up": {"uv": [10.984, 7.984, 10.016, 6.516], "texture": "#0"},
				"down": {"uv": [10.984, 9.016, 10.016, 10.484], "texture": "#0"}
			}
		},
		{
			"from": [3, 11, 7],
			"to": [13, 12, 9],
			"rotation": {"angle": 0, "axis": "y", "origin": [7, 11, 7]},
			"faces": {
				"north": {"uv": [7.016, 3.016, 11.984, 3.484], "texture": "#0"},
				"east": {"uv": [9.016, 11.516, 9.984, 11.984], "texture": "#0"},
				"south": {"uv": [7.016, 3.516, 11.984, 3.984], "texture": "#0"},
				"west": {"uv": [10.016, 11.516, 10.984, 11.984], "texture": "#0"},
				"up": {"uv": [9.984, 6.984, 5.016, 6.016], "texture": "#0"},
				"down": {"uv": [11.984, 0.016, 7.016, 0.984], "texture": "#0"}
			}
		},
		{
			"from": [3, 20, 7],
			"to": [13, 21, 9],
			"rotation": {"angle": 0, "axis": "y", "origin": [7, 20, 7]},
			"faces": {
				"north": {"uv": [7.016, 4.016, 11.984, 4.484], "texture": "#0"},
				"east": {"uv": [11.016, 11.516, 11.984, 11.984], "texture": "#0"},
				"south": {"uv": [7.016, 4.516, 11.984, 4.984], "texture": "#0"},
				"west": {"uv": [0.016, 12.016, 0.984, 12.484], "texture": "#0"},
				"up": {"uv": [11.984, 1.984, 7.016, 1.016], "texture": "#0"},
				"down": {"uv": [11.984, 2.016, 7.016, 2.984], "texture": "#0"}
			}
		},
		{
			"from": [12, 12, 7],
			"to": [13, 20, 9],
			"rotation": {"angle": 0, "axis": "y", "origin": [7, 12, 7]},
			"faces": {
				"north": {"uv": [1.016, 8.016, 1.484, 11.984], "texture": "#0"},
				"east": {"uv": [5.016, 7.016, 5.984, 10.984], "texture": "#0"},
				"south": {"uv": [1.516, 8.016, 1.984, 11.984], "texture": "#0"},
				"west": {"uv": [6.016, 7.016, 6.984, 10.984], "texture": "#0"},
				"up": {"uv": [9.984, 7.984, 9.516, 7.016], "texture": "#0"},
				"down": {"uv": [12.484, 0.016, 12.016, 0.984], "texture": "#0"}
			}
		},
		{
			"from": [3, 12, 7],
			"to": [4, 20, 9],
			"rotation": {"angle": 0, "axis": "y", "origin": [-2, 12, 7]},
			"faces": {
				"north": {"uv": [2.016, 8.016, 2.484, 11.984], "texture": "#0"},
				"east": {"uv": [7.016, 7.016, 7.984, 10.984], "texture": "#0"},
				"south": {"uv": [2.516, 8.016, 2.984, 11.984], "texture": "#0"},
				"west": {"uv": [0.016, 8.016, 0.984, 11.984], "texture": "#0"},
				"up": {"uv": [1.484, 12.984, 1.016, 12.016], "texture": "#0"},
				"down": {"uv": [12.484, 1.016, 12.016, 1.984], "texture": "#0"}
			}
		},
		{
			"from": [4, 12, 8],
			"to": [12, 20, 8],
			"rotation": {"angle": 0, "axis": "y", "origin": [7, 12, 7]},
			"faces": {
				"north": {"uv": [0.016, 0.016, 3.984, 3.984], "texture": "#0"},
				"east": {"uv": [0.016, 0.016, 0.016, 3.984], "texture": "#0"},
				"south": {"uv": [0.016, 4.016, 3.984, 7.984], "texture": "#0"},
				"west": {"uv": [0.016, 0.016, 0.016, 3.984], "texture": "#0"},
				"up": {"uv": [3.984, 0.016, 0.016, 0.016], "texture": "#0"},
				"down": {"uv": [3.984, 0.016, 0.016, 0.016], "texture": "#0"}
			}
		}
	],
	"gui_light": "front",
	"display": {
		"thirdperson_righthand": {
			"translation": [0, -0.75, 0.75],
			"scale": [0.5, 0.5, 0.5]
		},
		"thirdperson_lefthand": {
			"translation": [0, -0.75, 0.75],
			"scale": [0.5, 0.5, 0.5]
		},
		"firstperson_righthand": {
			"rotation": [0, -15.25, 0],
			"translation": [0, -0.25, 0],
			"scale": [0.7, 0.7, 0.7]
		},
		"firstperson_lefthand": {
			"rotation": [0, -15.25, 0],
			"translation": [0, -0.25, 0],
			"scale": [0.7, 0.7, 0.7]
		},
		"ground": {
			"translation": [0, 2.5, 0],
			"scale": [0.5, 0.5, 0.5]
		},
		"gui": {
			"rotation": [-2.13, 13.84, -36.22],
			"translation": [-1.25, -2, 0],
			"scale": [0.7, 0.7, 0.7]
		},
		"head": {
			"rotation": [-90, 0, 0],
			"translation": [0, 7.75, 1.5]
		},
		"fixed": {
			"translation": [0, -2.25, 0],
			"scale": [0.8, 0.8, 0.8]
		}
	},
	"groups": [
		{
			"name": "Amegnifying Glass",
			"origin": [8, 8, 8],
			"color": 0,
			"children": [
				{
					"name": "handle",
					"origin": [7, 0, 7],
					"color": 6,
					"children": [
						0,
						1,
						{
							"name": "group",
							"origin": [7, 0, 7],
							"color": 1,
							"children": [2, 3, 4, 5]
						}
					]
				},
				{
					"name": "head",
					"origin": [8, 8, 8],
					"color": 0,
					"children": [6, 7, 8, 9, 10]
				}
			]
		}
	]
}