{
	"credit": "Made with Blockbench",
	"texture_size": [64, 64],
	"textures": {
		"0": "holocraft:item/fuchsia_claw",
		"particle": "holocraft:item/fuchsia_claw"
	},
	"elements": [
		{
			"from": [11.9, 2.3, 5],
			"to": [13.9, 7.3, 16],
			"rotation": {"angle": -22.5, "axis": "z", "origin": [14.4, 4.3, 9]},
			"faces": {
				"north": {"uv": [6.25, 7.75, 6.75, 9], "texture": "#0"},
				"east": {"uv": [0, 0, 2.75, 1.25], "texture": "#0"},
				"south": {"uv": [6.75, 8.75, 7.25, 10], "texture": "#0"},
				"west": {"uv": [0, 1.25, 2.75, 2.5], "texture": "#0"},
				"up": {"uv": [1.5, 8, 1, 5.25], "texture": "#0"},
				"down": {"uv": [2, 5.75, 1.5, 8.5], "texture": "#0"}
			}
		},
		{
			"from": [11.599, 2.299, 7.699],
			"to": [14.601, 8.301, 14.701],
			"rotation": {"angle": -22.5, "axis": "z", "origin": [14.4, 4.3, 9]},
			"faces": {
				"north": {"uv": [5.5, 7.75, 6.25, 9.25], "texture": "#0"},
				"east": {"uv": [2.75, 1.25, 4.5, 2.75], "texture": "#0"},
				"south": {"uv": [7.5, 8, 8.25, 9.5], "texture": "#0"},
				"west": {"uv": [2.75, 2.75, 4.5, 4.25], "texture": "#0"},
				"up": {"uv": [5.25, 7.5, 4.5, 5.75], "texture": "#0"},
				"down": {"uv": [6, 6, 5.25, 7.75], "texture": "#0"}
			}
		},
		{
			"from": [11.9, 7.3, 9],
			"to": [13.9, 9.3, 13],
			"rotation": {"angle": -22.5, "axis": "z", "origin": [14.4, 4.3, 9]},
			"faces": {
				"north": {"uv": [1, 8, 1.5, 8.5], "texture": "#0"},
				"east": {"uv": [1.75, 3.75, 2.75, 4.25], "texture": "#0"},
				"south": {"uv": [10.5, 7.75, 11, 8.25], "texture": "#0"},
				"west": {"uv": [9.75, 1.5, 10.75, 2], "texture": "#0"},
				"up": {"uv": [9.25, 8, 8.75, 7], "texture": "#0"},
				"down": {"uv": [10.25, 8.5, 9.75, 9.5], "texture": "#0"}
			}
		},
		{
			"from": [12.4, 3.3, 2],
			"to": [13.4, 6.3, 5],
			"rotation": {"angle": -22.5, "axis": "z", "origin": [14.4, 4.3, 9]},
			"faces": {
				"north": {"uv": [7.25, 8.75, 7.5, 9.5], "texture": "#0"},
				"east": {"uv": [2.25, 9.5, 3, 10.25], "texture": "#0"},
				"south": {"uv": [6, 9.25, 6.25, 10], "texture": "#0"},
				"west": {"uv": [9.5, 2.5, 10.25, 3.25], "texture": "#0"},
				"up": {"uv": [8.25, 10.25, 8, 9.5], "texture": "#0"},
				"down": {"uv": [6.75, 10.25, 6.5, 11], "texture": "#0"}
			}
		},
		{
			"from": [12.6, 3.8, -1],
			"to": [13, 5.8, 2],
			"rotation": {"angle": -22.5, "axis": "z", "origin": [14.4, 4.3, 9]},
			"faces": {
				"north": {"uv": [1.5, 5.25, 1.75, 5.75], "texture": "#0"},
				"east": {"uv": [8.75, 10.25, 9.5, 10.75], "texture": "#0"},
				"south": {"uv": [10.75, 11, 11, 11.5], "texture": "#0"},
				"west": {"uv": [0, 10.5, 0.75, 11], "texture": "#0"},
				"up": {"uv": [2.75, 11.5, 2.5, 10.75], "texture": "#0"},
				"down": {"uv": [5.5, 10.75, 5.25, 11.5], "texture": "#0"}
			}
		},
		{
			"from": [12.6, 3.8, -3],
			"to": [13, 4.8, -1],
			"rotation": {"angle": -22.5, "axis": "z", "origin": [14.2, 4.3, 9]},
			"faces": {
				"north": {"uv": [5.25, 5.75, 5.5, 6], "texture": "#0"},
				"east": {"uv": [1.75, 10, 2.25, 10.25], "texture": "#0"},
				"south": {"uv": [0.75, 9.75, 1, 10], "texture": "#0"},
				"west": {"uv": [11, 8.75, 11.5, 9], "texture": "#0"},
				"up": {"uv": [11.25, 11.5, 11, 11], "texture": "#0"},
				"down": {"uv": [0.25, 11.25, 0, 11.75], "texture": "#0"}
			}
		},
		{
			"from": [12.6, 2.8, -3],
			"to": [13, 3.8, -2],
			"rotation": {"angle": -22.5, "axis": "z", "origin": [14.2, 4.3, 9]},
			"faces": {
				"north": {"uv": [6, 10, 6.25, 10.25], "texture": "#0"},
				"east": {"uv": [2.75, 10.25, 3, 10.5], "texture": "#0"},
				"south": {"uv": [1.5, 10.5, 1.75, 10.75], "texture": "#0"},
				"west": {"uv": [4.25, 10.5, 4.5, 10.75], "texture": "#0"},
				"up": {"uv": [10.75, 8.5, 10.5, 8.25], "texture": "#0"},
				"down": {"uv": [11.5, 8.5, 11.25, 8.75], "texture": "#0"}
			}
		},
		{
			"from": [12.4, 3.3, 15],
			"to": [13.4, 6.3, 18],
			"rotation": {"angle": -22.5, "axis": "z", "origin": [14.4, 4.3, 9]},
			"faces": {
				"north": {"uv": [10.75, 8.25, 11, 9], "texture": "#0"},
				"east": {"uv": [9.5, 3.25, 10.25, 4], "texture": "#0"},
				"south": {"uv": [8.75, 10.75, 9, 11.5], "texture": "#0"},
				"west": {"uv": [9.5, 4, 10.25, 4.75], "texture": "#0"},
				"up": {"uv": [9.25, 11.5, 9, 10.75], "texture": "#0"},
				"down": {"uv": [9.5, 10.75, 9.25, 11.5], "texture": "#0"}
			}
		},
		{
			"from": [12.9, 4.3, 18],
			"to": [13.3, 5.3, 19],
			"rotation": {"angle": -22.5, "axis": "z", "origin": [14.4, 4.3, 9]},
			"faces": {
				"north": {"uv": [0.25, 11.5, 0.5, 11.75], "texture": "#0"},
				"east": {"uv": [0.5, 11.5, 0.75, 11.75], "texture": "#0"},
				"south": {"uv": [11.5, 0.75, 11.75, 1], "texture": "#0"},
				"west": {"uv": [11.5, 1, 11.75, 1.25], "texture": "#0"},
				"up": {"uv": [11.75, 1.5, 11.5, 1.25], "texture": "#0"},
				"down": {"uv": [11.75, 1.5, 11.5, 1.75], "texture": "#0"}
			}
		},
		{
			"from": [10.9, 2.3, 10],
			"to": [15.9, 6.3, 14],
			"rotation": {"angle": -22.5, "axis": "z", "origin": [14.4, 4.3, 9]},
			"faces": {
				"north": {"uv": [7.5, 0, 8.75, 1], "texture": "#0"},
				"east": {"uv": [8.25, 8, 9.25, 9], "texture": "#0"},
				"south": {"uv": [7.5, 1, 8.75, 2], "texture": "#0"},
				"west": {"uv": [1, 8.5, 2, 9.5], "texture": "#0"},
				"up": {"uv": [8.75, 3, 7.5, 2], "texture": "#0"},
				"down": {"uv": [8.75, 3, 7.5, 4], "texture": "#0"}
			}
		},
		{
			"from": [11.9, 1.3, 10],
			"to": [14.9, 2.3, 13],
			"rotation": {"angle": -22.5, "axis": "z", "origin": [14.4, 4.3, 9]},
			"faces": {
				"north": {"uv": [4.5, 7.5, 5.25, 7.75], "texture": "#0"},
				"east": {"uv": [10.75, 9, 11.5, 9.25], "texture": "#0"},
				"south": {"uv": [10.75, 9.25, 11.5, 9.5], "texture": "#0"},
				"west": {"uv": [0, 11, 0.75, 11.25], "texture": "#0"},
				"up": {"uv": [10.25, 5.5, 9.5, 4.75], "texture": "#0"},
				"down": {"uv": [10.25, 5.5, 9.5, 6.25], "texture": "#0"}
			}
		},
		{
			"from": [12.898, 2.298, 11.498],
			"to": [16.902, 4.302, 13.502],
			"rotation": {"angle": -22.5, "axis": "z", "origin": [14.4, 4.3, 9]},
			"faces": {
				"north": {"uv": [0.75, 10, 1.75, 10.5], "texture": "#0"},
				"east": {"uv": [10, 10.5, 10.5, 11], "texture": "#0"},
				"south": {"uv": [10, 9.5, 11, 10], "texture": "#0"},
				"west": {"uv": [10.5, 10.5, 11, 11], "texture": "#0"},
				"up": {"uv": [11, 10.5, 10, 10], "texture": "#0"},
				"down": {"uv": [2.75, 10.25, 1.75, 10.75], "texture": "#0"}
			}
		},
		{
			"from": [12.4, 0.3, 10],
			"to": [14.4, 1.3, 12],
			"rotation": {"angle": -22.5, "axis": "z", "origin": [14.4, 4.3, 9]},
			"faces": {
				"north": {"uv": [11.25, 0, 11.75, 0.25], "texture": "#0"},
				"east": {"uv": [0.25, 11.25, 0.75, 11.5], "texture": "#0"},
				"south": {"uv": [11.25, 0.25, 11.75, 0.5], "texture": "#0"},
				"west": {"uv": [11.25, 0.5, 11.75, 0.75], "texture": "#0"},
				"up": {"uv": [2, 11.25, 1.5, 10.75], "texture": "#0"},
				"down": {"uv": [11.25, 1.5, 10.75, 2], "texture": "#0"}
			}
		},
		{
			"from": [12.9, -0.7, 10.5],
			"to": [13.3, 1.3, 11.5],
			"rotation": {"angle": -22.5, "axis": "z", "origin": [14.4, 4.3, 9]},
			"faces": {
				"north": {"uv": [11.25, 0.75, 11.5, 1.25], "texture": "#0"},
				"east": {"uv": [11.25, 1.25, 11.5, 1.75], "texture": "#0"},
				"south": {"uv": [1.5, 11.25, 1.75, 11.75], "texture": "#0"},
				"west": {"uv": [1.75, 11.25, 2, 11.75], "texture": "#0"},
				"up": {"uv": [11.75, 2, 11.5, 1.75], "texture": "#0"},
				"down": {"uv": [11.75, 2, 11.5, 2.25], "texture": "#0"}
			}
		},
		{
			"from": [2.1, 2.3, 5],
			"to": [4.1, 7.3, 16],
			"rotation": {"angle": 22.5, "axis": "z", "origin": [1.6, 4.3, 9]},
			"faces": {
				"north": {"uv": [4.5, 9, 5, 10.25], "texture": "#0"},
				"east": {"uv": [0, 2.5, 2.75, 3.75], "texture": "#0"},
				"south": {"uv": [5, 9, 5.5, 10.25], "texture": "#0"},
				"west": {"uv": [2.75, 0, 5.5, 1.25], "texture": "#0"},
				"up": {"uv": [2.5, 8.5, 2, 5.75], "texture": "#0"},
				"down": {"uv": [3, 5.75, 2.5, 8.5], "texture": "#0"}
			}
		},
		{
			"from": [1.399, 2.299, 7.699],
			"to": [4.401, 8.301, 14.701],
			"rotation": {"angle": 22.5, "axis": "z", "origin": [1.6, 4.3, 9]},
			"faces": {
				"north": {"uv": [3, 8.25, 3.75, 9.75], "texture": "#0"},
				"east": {"uv": [0, 3.75, 1.75, 5.25], "texture": "#0"},
				"south": {"uv": [3.75, 8.25, 4.5, 9.75], "texture": "#0"},
				"west": {"uv": [1.75, 4.25, 3.5, 5.75], "texture": "#0"},
				"up": {"uv": [6.75, 7.75, 6, 6], "texture": "#0"},
				"down": {"uv": [3.75, 6.5, 3, 8.25], "texture": "#0"}
			}
		},
		{
			"from": [2.1, 7.3, 9],
			"to": [4.1, 9.3, 13],
			"rotation": {"angle": 22.5, "axis": "z", "origin": [1.6, 4.3, 9]},
			"faces": {
				"north": {"uv": [2, 10.75, 2.5, 11.25], "texture": "#0"},
				"east": {"uv": [10.25, 2.5, 11.25, 3], "texture": "#0"},
				"south": {"uv": [10.75, 2, 11.25, 2.5], "texture": "#0"},
				"west": {"uv": [10.25, 3, 11.25, 3.5], "texture": "#0"},
				"up": {"uv": [7.25, 11, 6.75, 10], "texture": "#0"},
				"down": {"uv": [10.75, 3.5, 10.25, 4.5], "texture": "#0"}
			}
		},
		{
			"from": [2.6, 3.3, 2],
			"to": [3.6, 6.3, 5],
			"rotation": {"angle": 22.5, "axis": "z", "origin": [1.6, 4.3, 9]},
			"faces": {
				"north": {"uv": [0.75, 11, 1, 11.75], "texture": "#0"},
				"east": {"uv": [9.5, 6.25, 10.25, 7], "texture": "#0"},
				"south": {"uv": [1, 11, 1.25, 11.75], "texture": "#0"},
				"west": {"uv": [7.25, 9.5, 8, 10.25], "texture": "#0"},
				"up": {"uv": [1.5, 11.75, 1.25, 11], "texture": "#0"},
				"down": {"uv": [3, 11, 2.75, 11.75], "texture": "#0"}
			}
		},
		{
			"from": [3, 3.8, -1],
			"to": [3.4, 5.8, 2],
			"rotation": {"angle": 22.5, "axis": "z", "origin": [1.6, 4.3, 9]},
			"faces": {
				"north": {"uv": [11.25, 1.75, 11.5, 2.25], "texture": "#0"},
				"east": {"uv": [10.5, 0, 11.25, 0.5], "texture": "#0"},
				"south": {"uv": [2, 11.25, 2.25, 11.75], "texture": "#0"},
				"west": {"uv": [10.5, 0.5, 11.25, 1], "texture": "#0"},
				"up": {"uv": [3.25, 11.75, 3, 11], "texture": "#0"},
				"down": {"uv": [3.5, 11, 3.25, 11.75], "texture": "#0"}
			}
		},
		{
			"from": [3, 3.8, -3],
			"to": [3.4, 4.8, -1],
			"rotation": {"angle": 22.5, "axis": "z", "origin": [1.8, 4.3, 9]},
			"faces": {
				"north": {"uv": [2.5, 11.5, 2.75, 11.75], "texture": "#0"},
				"east": {"uv": [11.25, 2.25, 11.75, 2.5], "texture": "#0"},
				"south": {"uv": [11.5, 2.75, 11.75, 3], "texture": "#0"},
				"west": {"uv": [11.25, 2.5, 11.75, 2.75], "texture": "#0"},
				"up": {"uv": [2.5, 11.75, 2.25, 11.25], "texture": "#0"},
				"down": {"uv": [11.5, 2.75, 11.25, 3.25], "texture": "#0"}
			}
		},
		{
			"from": [3, 2.8, -3],
			"to": [3.4, 3.8, -2],
			"rotation": {"angle": 22.5, "axis": "z", "origin": [1.8, 4.3, 9]},
			"faces": {
				"north": {"uv": [11.5, 3, 11.75, 3.25], "texture": "#0"},
				"east": {"uv": [11.5, 4.25, 11.75, 4.5], "texture": "#0"},
				"south": {"uv": [11.5, 4.5, 11.75, 4.75], "texture": "#0"},
				"west": {"uv": [11.5, 4.75, 11.75, 5], "texture": "#0"},
				"up": {"uv": [11.75, 5.25, 11.5, 5], "texture": "#0"},
				"down": {"uv": [5.5, 11.5, 5.25, 11.75], "texture": "#0"}
			}
		},
		{
			"from": [2.6, 3.3, 15],
			"to": [3.6, 6.3, 18],
			"rotation": {"angle": 22.5, "axis": "z", "origin": [1.6, 4.3, 9]},
			"faces": {
				"north": {"uv": [3.5, 11, 3.75, 11.75], "texture": "#0"},
				"east": {"uv": [9.25, 9.5, 10, 10.25], "texture": "#0"},
				"south": {"uv": [3.75, 11, 4, 11.75], "texture": "#0"},
				"west": {"uv": [0, 9.75, 0.75, 10.5], "texture": "#0"},
				"up": {"uv": [4.25, 11.75, 4, 11], "texture": "#0"},
				"down": {"uv": [6.75, 11, 6.5, 11.75], "texture": "#0"}
			}
		},
		{
			"from": [2.7, 4.3, 18],
			"to": [3.1, 5.3, 19],
			"rotation": {"angle": 22.5, "axis": "z", "origin": [1.6, 4.3, 9]},
			"faces": {
				"north": {"uv": [11.5, 5.25, 11.75, 5.5], "texture": "#0"},
				"east": {"uv": [11.5, 5.5, 11.75, 5.75], "texture": "#0"},
				"south": {"uv": [5.75, 11.5, 6, 11.75], "texture": "#0"},
				"west": {"uv": [6, 11.5, 6.25, 11.75], "texture": "#0"},
				"up": {"uv": [11.75, 6.25, 11.5, 6], "texture": "#0"},
				"down": {"uv": [11.75, 6.25, 11.5, 6.5], "texture": "#0"}
			}
		},
		{
			"from": [0.1, 2.3, 10],
			"to": [5.1, 6.3, 14],
			"rotation": {"angle": 22.5, "axis": "z", "origin": [1.6, 4.3, 9]},
			"faces": {
				"north": {"uv": [7.5, 4, 8.75, 5], "texture": "#0"},
				"east": {"uv": [2, 8.5, 3, 9.5], "texture": "#0"},
				"south": {"uv": [7.5, 5, 8.75, 6], "texture": "#0"},
				"west": {"uv": [0, 8.75, 1, 9.75], "texture": "#0"},
				"up": {"uv": [8.75, 7, 7.5, 6], "texture": "#0"},
				"down": {"uv": [8.75, 7, 7.5, 8], "texture": "#0"}
			}
		},
		{
			"from": [1.1, 1.3, 10],
			"to": [4.1, 2.3, 13],
			"rotation": {"angle": 22.5, "axis": "z", "origin": [1.6, 4.3, 9]},
			"faces": {
				"north": {"uv": [11, 7, 11.75, 7.25], "texture": "#0"},
				"east": {"uv": [11, 7.25, 11.75, 7.5], "texture": "#0"},
				"south": {"uv": [11, 7.5, 11.75, 7.75], "texture": "#0"},
				"west": {"uv": [11, 7.75, 11.75, 8], "texture": "#0"},
				"up": {"uv": [10.5, 0.75, 9.75, 0], "texture": "#0"},
				"down": {"uv": [10.5, 0.75, 9.75, 1.5], "texture": "#0"}
			}
		},
		{
			"from": [-0.902, 2.298, 11.498],
			"to": [3.102, 4.302, 13.502],
			"rotation": {"angle": 22.5, "axis": "z", "origin": [1.6, 4.3, 9]},
			"faces": {
				"north": {"uv": [4.5, 10.25, 5.5, 10.75], "texture": "#0"},
				"east": {"uv": [10.75, 3.5, 11.25, 4], "texture": "#0"},
				"south": {"uv": [10.25, 4.5, 11.25, 5], "texture": "#0"},
				"west": {"uv": [10.75, 4, 11.25, 4.5], "texture": "#0"},
				"up": {"uv": [11.25, 5.5, 10.25, 5], "texture": "#0"},
				"down": {"uv": [11.25, 5.5, 10.25, 6], "texture": "#0"}
			}
		},
		{
			"from": [1.6, 0.3, 10],
			"to": [3.6, 1.3, 12],
			"rotation": {"angle": 22.5, "axis": "z", "origin": [1.6, 4.3, 9]},
			"faces": {
				"north": {"uv": [11.25, 3.25, 11.75, 3.5], "texture": "#0"},
				"east": {"uv": [11.25, 3.5, 11.75, 3.75], "texture": "#0"},
				"south": {"uv": [11.25, 3.75, 11.75, 4], "texture": "#0"},
				"west": {"uv": [11.25, 4, 11.75, 4.25], "texture": "#0"},
				"up": {"uv": [4.75, 11.25, 4.25, 10.75], "texture": "#0"},
				"down": {"uv": [5.25, 10.75, 4.75, 11.25], "texture": "#0"}
			}
		},
		{
			"from": [2.7, -0.7, 10.5],
			"to": [3.1, 1.3, 11.5],
			"rotation": {"angle": 22.5, "axis": "z", "origin": [1.6, 4.3, 9]},
			"faces": {
				"north": {"uv": [4.25, 11.25, 4.5, 11.75], "texture": "#0"},
				"east": {"uv": [11.25, 4.25, 11.5, 4.75], "texture": "#0"},
				"south": {"uv": [4.5, 11.25, 4.75, 11.75], "texture": "#0"},
				"west": {"uv": [4.75, 11.25, 5, 11.75], "texture": "#0"},
				"up": {"uv": [11.75, 6.75, 11.5, 6.5], "texture": "#0"},
				"down": {"uv": [11.75, 6.75, 11.5, 7], "texture": "#0"}
			}
		},
		{
			"from": [6.5, 4, 5],
			"to": [9.5, 11, 10],
			"rotation": {"angle": 0, "axis": "y", "origin": [8.5, 2, 7]},
			"faces": {
				"north": {"uv": [3.75, 6.5, 4.5, 8.25], "texture": "#0"},
				"east": {"uv": [5.5, 0, 6.75, 1.75], "texture": "#0"},
				"south": {"uv": [6.75, 0, 7.5, 1.75], "texture": "#0"},
				"west": {"uv": [5.5, 1.75, 6.75, 3.5], "texture": "#0"},
				"up": {"uv": [9.5, 3.25, 8.75, 2], "texture": "#0"},
				"down": {"uv": [9.5, 3.25, 8.75, 4.5], "texture": "#0"}
			}
		},
		{
			"from": [6.5, 4, 12],
			"to": [9.5, 11, 15],
			"rotation": {"angle": 0, "axis": "y", "origin": [8.5, 2, 12]},
			"faces": {
				"north": {"uv": [6.75, 1.75, 7.5, 3.5], "texture": "#0"},
				"east": {"uv": [6.75, 3.5, 7.5, 5.25], "texture": "#0"},
				"south": {"uv": [6.75, 5.25, 7.5, 7], "texture": "#0"},
				"west": {"uv": [6.75, 7, 7.5, 8.75], "texture": "#0"},
				"up": {"uv": [3.75, 10.5, 3, 9.75], "texture": "#0"},
				"down": {"uv": [4.5, 9.75, 3.75, 10.5], "texture": "#0"}
			}
		},
		{
			"from": [7, 5, 1],
			"to": [9, 10, 5],
			"rotation": {"angle": 0, "axis": "y", "origin": [8, 3, 7]},
			"faces": {
				"north": {"uv": [6.25, 9, 6.75, 10.25], "texture": "#0"},
				"east": {"uv": [0, 7.5, 1, 8.75], "texture": "#0"},
				"south": {"uv": [8.25, 9, 8.75, 10.25], "texture": "#0"},
				"west": {"uv": [4.5, 7.75, 5.5, 9], "texture": "#0"},
				"up": {"uv": [6.5, 11.25, 6, 10.25], "texture": "#0"},
				"down": {"uv": [10.75, 6, 10.25, 7], "texture": "#0"}
			}
		},
		{
			"from": [7.5, 6, -2],
			"to": [8.5, 9, 1],
			"rotation": {"angle": 0, "axis": "y", "origin": [7.5, 3, 3]},
			"faces": {
				"north": {"uv": [6.75, 11, 7, 11.75], "texture": "#0"},
				"east": {"uv": [9.75, 7, 10.5, 7.75], "texture": "#0"},
				"south": {"uv": [7, 11, 7.25, 11.75], "texture": "#0"},
				"west": {"uv": [9.75, 7.75, 10.5, 8.5], "texture": "#0"},
				"up": {"uv": [11.25, 8.75, 11, 8], "texture": "#0"},
				"down": {"uv": [9.75, 11, 9.5, 11.75], "texture": "#0"}
			}
		},
		{
			"from": [7.7, 6, -5],
			"to": [8.3, 8, -2],
			"rotation": {"angle": 0, "axis": "y", "origin": [7.5, 3, 0]},
			"faces": {
				"north": {"uv": [11.25, 4.75, 11.5, 5.25], "texture": "#0"},
				"east": {"uv": [0.75, 10.5, 1.5, 11], "texture": "#0"},
				"south": {"uv": [5, 11.25, 5.25, 11.75], "texture": "#0"},
				"west": {"uv": [10.5, 1, 11.25, 1.5], "texture": "#0"},
				"up": {"uv": [11.25, 10.25, 11, 9.5], "texture": "#0"},
				"down": {"uv": [10, 11, 9.75, 11.75], "texture": "#0"}
			}
		},
		{
			"from": [7.8, 5, -7],
			"to": [8.2, 7, -4],
			"rotation": {"angle": 0, "axis": "y", "origin": [7.5, 3, -3]},
			"faces": {
				"north": {"uv": [11.25, 5.25, 11.5, 5.75], "texture": "#0"},
				"east": {"uv": [2.75, 10.5, 3.5, 11], "texture": "#0"},
				"south": {"uv": [5.5, 11.25, 5.75, 11.75], "texture": "#0"},
				"west": {"uv": [3.5, 10.5, 4.25, 11], "texture": "#0"},
				"up": {"uv": [10.25, 11.75, 10, 11], "texture": "#0"},
				"down": {"uv": [10.5, 11, 10.25, 11.75], "texture": "#0"}
			}
		},
		{
			"from": [7.9, 5, -9],
			"to": [8.1, 6, -7],
			"rotation": {"angle": 0, "axis": "y", "origin": [7.5, 3, -5]},
			"faces": {
				"north": {"uv": [7.5, 11.5, 7.75, 11.75], "texture": "#0"},
				"east": {"uv": [5.75, 11.25, 6.25, 11.5], "texture": "#0"},
				"south": {"uv": [7.75, 11.5, 8, 11.75], "texture": "#0"},
				"west": {"uv": [11.25, 5.75, 11.75, 6], "texture": "#0"},
				"up": {"uv": [11.5, 6.5, 11.25, 6], "texture": "#0"},
				"down": {"uv": [6.5, 11.25, 6.25, 11.75], "texture": "#0"}
			}
		},
		{
			"from": [7.9, 4, -9],
			"to": [8.1, 5, -8],
			"rotation": {"angle": 0, "axis": "y", "origin": [7.5, 3, -6]},
			"faces": {
				"north": {"uv": [8, 11.5, 8.25, 11.75], "texture": "#0"},
				"east": {"uv": [11.5, 8, 11.75, 8.25], "texture": "#0"},
				"south": {"uv": [8.25, 11.5, 8.5, 11.75], "texture": "#0"},
				"west": {"uv": [11.5, 8.25, 11.75, 8.5], "texture": "#0"},
				"up": {"uv": [11.75, 8.75, 11.5, 8.5], "texture": "#0"},
				"down": {"uv": [9, 11.5, 8.75, 11.75], "texture": "#0"}
			}
		},
		{
			"from": [7, 5, 15],
			"to": [9, 10, 18],
			"rotation": {"angle": 0, "axis": "y", "origin": [8, 3, 18]},
			"faces": {
				"north": {"uv": [8.75, 9, 9.25, 10.25], "texture": "#0"},
				"east": {"uv": [8.75, 4.5, 9.5, 5.75], "texture": "#0"},
				"south": {"uv": [5.5, 9.25, 6, 10.5], "texture": "#0"},
				"west": {"uv": [8.75, 5.75, 9.5, 7], "texture": "#0"},
				"up": {"uv": [3.5, 6.5, 3, 5.75], "texture": "#0"},
				"down": {"uv": [10, 10.25, 9.5, 11], "texture": "#0"}
			}
		},
		{
			"from": [7.5, 6, 18],
			"to": [8.5, 9, 20],
			"rotation": {"angle": 0, "axis": "y", "origin": [7.5, 3, 12]},
			"faces": {
				"north": {"uv": [11, 10.25, 11.25, 11], "texture": "#0"},
				"east": {"uv": [5.5, 10.5, 6, 11.25], "texture": "#0"},
				"south": {"uv": [10.5, 11, 10.75, 11.75], "texture": "#0"},
				"west": {"uv": [10.5, 7, 11, 7.75], "texture": "#0"},
				"up": {"uv": [11.5, 7, 11.25, 6.5], "texture": "#0"},
				"down": {"uv": [7.5, 11.25, 7.25, 11.75], "texture": "#0"}
			}
		},
		{
			"from": [7.7, 7, 20],
			"to": [8.3, 8, 22],
			"rotation": {"angle": 0, "axis": "y", "origin": [7.5, 5, 14]},
			"faces": {
				"north": {"uv": [11.5, 8.75, 11.75, 9], "texture": "#0"},
				"east": {"uv": [7.5, 11.25, 8, 11.5], "texture": "#0"},
				"south": {"uv": [9, 11.5, 9.25, 11.75], "texture": "#0"},
				"west": {"uv": [8, 11.25, 8.5, 11.5], "texture": "#0"},
				"up": {"uv": [11.5, 8.5, 11.25, 8], "texture": "#0"},
				"down": {"uv": [8.75, 11.25, 8.5, 11.75], "texture": "#0"}
			}
		},
		{
			"from": [6, 3, 9],
			"to": [10, 12, 13],
			"rotation": {"angle": 0, "axis": "y", "origin": [8, 2, 7]},
			"faces": {
				"north": {"uv": [3.5, 4.25, 4.5, 6.5], "texture": "#0"},
				"east": {"uv": [4.5, 1.25, 5.5, 3.5], "texture": "#0"},
				"south": {"uv": [4.5, 3.5, 5.5, 5.75], "texture": "#0"},
				"west": {"uv": [0, 5.25, 1, 7.5], "texture": "#0"},
				"up": {"uv": [9.75, 1, 8.75, 0], "texture": "#0"},
				"down": {"uv": [9.75, 1, 8.75, 2], "texture": "#0"}
			}
		},
		{
			"from": [5.5, 4, 10],
			"to": [10.5, 9, 12],
			"rotation": {"angle": 0, "axis": "y", "origin": [6.5, 2, 7]},
			"faces": {
				"north": {"uv": [5.5, 3.5, 6.75, 4.75], "texture": "#0"},
				"east": {"uv": [9.25, 7, 9.75, 8.25], "texture": "#0"},
				"south": {"uv": [5.5, 4.75, 6.75, 6], "texture": "#0"},
				"west": {"uv": [9.25, 8.25, 9.75, 9.5], "texture": "#0"},
				"up": {"uv": [2.25, 10, 1, 9.5], "texture": "#0"},
				"down": {"uv": [10.75, 2, 9.5, 2.5], "texture": "#0"}
			}
		},
		{
			"from": [7, 1, 10],
			"to": [9, 5, 12],
			"rotation": {"angle": 0, "axis": "y", "origin": [7, -4, 7]},
			"faces": {
				"north": {"uv": [7.25, 10.25, 7.75, 11.25], "texture": "#0"},
				"east": {"uv": [7.75, 10.25, 8.25, 11.25], "texture": "#0"},
				"south": {"uv": [8.25, 10.25, 8.75, 11.25], "texture": "#0"},
				"west": {"uv": [10.25, 8.5, 10.75, 9.5], "texture": "#0"},
				"up": {"uv": [11.25, 6.5, 10.75, 6], "texture": "#0"},
				"down": {"uv": [11.25, 6.5, 10.75, 7], "texture": "#0"}
			}
		},
		{
			"from": [7.5, -1, 10.5],
			"to": [8.5, 1, 11.5],
			"rotation": {"angle": 0, "axis": "y", "origin": [7.5, -7, 6.5]},
			"faces": {
				"north": {"uv": [11.25, 9.5, 11.5, 10], "texture": "#0"},
				"east": {"uv": [11.25, 10, 11.5, 10.5], "texture": "#0"},
				"south": {"uv": [11.25, 10.5, 11.5, 11], "texture": "#0"},
				"west": {"uv": [11.25, 11, 11.5, 11.5], "texture": "#0"},
				"up": {"uv": [11.75, 9.25, 11.5, 9], "texture": "#0"},
				"down": {"uv": [9.5, 11.5, 9.25, 11.75], "texture": "#0"}
			}
		},
		{
			"from": [7.1, 12.05, 9.5],
			"to": [8.9, 12.05, 12.5],
			"rotation": {"angle": 0, "axis": "y", "origin": [-0.5, 0.05, 0]},
			"faces": {
				"north": {"uv": [0, 0, 1.25, 0], "texture": "#0"},
				"east": {"uv": [0, 0, 1.25, 0], "texture": "#0"},
				"south": {"uv": [0, 0, 1.25, 0], "texture": "#0"},
				"west": {"uv": [0, 0, 1.25, 0], "texture": "#0"},
				"up": {"uv": [12.75, 10.5, 11.5, 9.25], "texture": "#0"},
				"down": {"uv": [12.75, 10.5, 11.5, 11.75], "texture": "#0"}
			}
		}
	],
	"gui_light": "front",
	"display": {
		"thirdperson_righthand": {
			"rotation": [0, 0, -90],
			"translation": [3.75, -2.25, 0],
			"scale": [0.3, 0.3, 0.3]
		},
		"thirdperson_lefthand": {
			"rotation": [0, 0, -90],
			"translation": [3.75, -2.25, 0],
			"scale": [0.3, 0.3, 0.3]
		},
		"firstperson_righthand": {
			"rotation": [16.39, -1.2, 22.88],
			"translation": [1.5, 1.5, 0],
			"scale": [0.5, 0.5, 0.5]
		},
		"firstperson_lefthand": {
			"rotation": [16.39, -1.2, 22.88],
			"translation": [1.5, 1.5, 0],
			"scale": [0.5, 0.5, 0.5]
		},
		"ground": {
			"translation": [0, 2, 0],
			"scale": [0.4, 0.4, 0.4]
		},
		"gui": {
			"rotation": [81.19, -43.32, -2.53],
			"translation": [0, 0, -4.75],
			"scale": [0.6, 0.6, 0.6]
		},
		"head": {
			"rotation": [88.47, 0.81, -180],
			"translation": [0, 1, -8.75]
		},
		"fixed": {
			"rotation": [90, 0, 180],
			"translation": [0, 0, -4.75]
		}
	},
	"groups": [
		{
			"name": "Claw",
			"origin": [8, 8, 8],
			"color": 0,
			"children": [
				{
					"name": "Side Claw",
					"origin": [8, 8, 8],
					"color": 0,
					"children": [
						{
							"name": "group",
							"origin": [8.5, 8, 8],
							"color": 0,
							"children": [0, 1, 2, 3, 4, 5, 6, 7, 8]
						},
						{
							"name": "group",
							"origin": [8.5, 8, 8],
							"color": 0,
							"children": [9, 10, 11, 12, 13]
						}
					]
				},
				{
					"name": "Side Claw",
					"origin": [8, 8, 8],
					"color": 0,
					"children": [
						{
							"name": "group",
							"origin": [8.5, 8, 8],
							"color": 0,
							"children": [14, 15, 16, 17, 18, 19, 20, 21, 22]
						},
						{
							"name": "group",
							"origin": [8.5, 8, 8],
							"color": 0,
							"children": [23, 24, 25, 26, 27]
						}
					]
				},
				{
					"name": "Middle Claw",
					"origin": [8, 8, 8],
					"color": 0,
					"children": [
						{
							"name": "group",
							"origin": [8.5, 8, 8],
							"color": 0,
							"children": [28, 29, 30, 31, 32, 33, 34, 35, 36, 37, 38]
						},
						{
							"name": "group",
							"origin": [8.5, 8, 8],
							"color": 0,
							"children": [39, 40, 41, 42]
						}
					]
				},
				43
			]
		}
	]
}