{
	"credit": "Made with Blockbench",
	"texture_size": [128, 128],
	"textures": {
		"0": "holocraft:item/gremlin_grenade"
	},
	"elements": [
		{
			"from": [3, 7, 6],
			"to": [13, 14, 11],
			"rotation": {"angle": 0, "axis": "y", "origin": [8, 3, 8]},
			"faces": {
				"north": {"uv": [3.129, 0.004, 4.371, 0.871], "texture": "#0"},
				"east": {"uv": [1.504, 5.004, 2.121, 5.871], "texture": "#0"},
				"south": {"uv": [3.129, 0.879, 4.371, 1.746], "texture": "#0"},
				"west": {"uv": [2.129, 5.004, 2.746, 5.871], "texture": "#0"},
				"up": {"uv": [5.621, 0.621, 4.379, 0.004], "texture": "#0"},
				"down": {"uv": [5.621, 0.629, 4.379, 1.246], "texture": "#0"}
			}
		},
		{
			"from": [2.76, 8.76, 5.76],
			"to": [13.24, 15.24, 10.24],
			"rotation": {"angle": 0, "axis": "y", "origin": [8, 3, 8]},
			"faces": {
				"north": {"uv": [0.004, 4.004, 1.246, 4.746], "texture": "#0"},
				"east": {"uv": [0.879, 2.504, 1.371, 3.246], "texture": "#0"},
				"south": {"uv": [3.129, 4.254, 4.371, 4.996], "texture": "#0"},
				"west": {"uv": [5.629, 2.379, 6.121, 3.121], "texture": "#0"},
				"up": {"uv": [5.621, 2.621, 4.379, 2.129], "texture": "#0"},
				"down": {"uv": [5.621, 2.629, 4.379, 3.121], "texture": "#0"}
			}
		},
		{
			"from": [2.5, 8, 4],
			"to": [13.5, 18, 6],
			"rotation": {"angle": 0, "axis": "y", "origin": [8.5, 3, 8]},
			"faces": {
				"north": {"uv": [0.004, 0.004, 1.371, 1.246], "texture": "#0"},
				"east": {"uv": [0.879, 5.879, 1.121, 7.121], "texture": "#0"},
				"south": {"uv": [0.004, 1.254, 1.371, 2.496], "texture": "#0"},
				"west": {"uv": [2.754, 5.879, 2.996, 7.121], "texture": "#0"},
				"up": {"uv": [2.746, 6.121, 1.379, 5.879], "texture": "#0"},
				"down": {"uv": [7.246, 4.629, 5.879, 4.871], "texture": "#0"}
			}
		},
		{
			"from": [2.501, 7.001, 3.501],
			"to": [13.499, 12.999, 3.999],
			"rotation": {"angle": 0, "axis": "y", "origin": [9.5, 3, 8]},
			"faces": {
				"north": {"uv": [0.879, 3.254, 2.246, 3.996], "texture": "#0"},
				"east": {"uv": [3.254, 7.379, 3.3125, 8.121], "texture": "#0"},
				"south": {"uv": [3.129, 3.504, 4.496, 4.246], "texture": "#0"},
				"west": {"uv": [5.629, 7.504, 5.6875, 8.246], "texture": "#0"},
				"up": {"uv": [8.621, 3.3125, 7.254, 3.254], "texture": "#0"},
				"down": {"uv": [8.621, 6.629, 7.254, 6.6875], "texture": "#0"}
			}
		},
		{
			"from": [3, 13, 3],
			"to": [13, 14, 4],
			"rotation": {"angle": 0, "axis": "y", "origin": [9, 3, 8]},
			"faces": {
				"north": {"uv": [0.004, 4.754, 1.246, 4.871], "texture": "#0"},
				"east": {"uv": [6.754, 3.004, 6.871, 3.121], "texture": "#0"},
				"south": {"uv": [6.254, 1.129, 7.496, 1.246], "texture": "#0"},
				"west": {"uv": [1.004, 7.129, 1.121, 7.246], "texture": "#0"},
				"up": {"uv": [7.496, 2.246, 6.254, 2.129], "texture": "#0"},
				"down": {"uv": [7.496, 2.254, 6.254, 2.371], "texture": "#0"}
			}
		},
		{
			"from": [2, 8, 3],
			"to": [14, 10, 4],
			"rotation": {"angle": 0, "axis": "y", "origin": [9, 3, 8]},
			"faces": {
				"north": {"uv": [5.629, 3.629, 7.121, 3.871], "texture": "#0"},
				"east": {"uv": [3.504, 6.254, 3.621, 6.496], "texture": "#0"},
				"south": {"uv": [5.629, 3.879, 7.121, 4.121], "texture": "#0"},
				"west": {"uv": [0.754, 6.879, 0.871, 7.121], "texture": "#0"},
				"up": {"uv": [7.496, 1.746, 6.004, 1.629], "texture": "#0"},
				"down": {"uv": [7.746, 0.754, 6.254, 0.871], "texture": "#0"}
			}
		},
		{
			"from": [8.4, 9.9, 2.7],
			"to": [11.6, 13.1, 4.9],
			"rotation": {"angle": 0, "axis": "y", "origin": [10, 11.5, 3.3]},
			"faces": {
				"north": {"uv": [6.379, 4.129, 6.746, 4.496], "texture": "#0"},
				"east": {"uv": [0.754, 7.129, 0.996, 7.496], "texture": "#0"},
				"south": {"uv": [6.504, 3.129, 6.871, 3.496], "texture": "#0"},
				"west": {"uv": [7.129, 1.754, 7.371, 2.121], "texture": "#0"},
				"up": {"uv": [2.996, 7.371, 2.629, 7.129], "texture": "#0"},
				"down": {"uv": [3.371, 7.129, 3.004, 7.371], "texture": "#0"}
			}
		},
		{
			"from": [4.3, 9.9, 2.7],
			"to": [7.5, 13.1, 4.9],
			"rotation": {"angle": 0, "axis": "y", "origin": [5.9, 11.5, 3.3]},
			"faces": {
				"north": {"uv": [6.629, 1.254, 6.996, 1.621], "texture": "#0"},
				"east": {"uv": [7.129, 3.629, 7.371, 3.996], "texture": "#0"},
				"south": {"uv": [6.754, 1.754, 7.121, 2.121], "texture": "#0"},
				"west": {"uv": [7.129, 4.004, 7.371, 4.371], "texture": "#0"},
				"up": {"uv": [5.246, 7.371, 4.879, 7.129], "texture": "#0"},
				"down": {"uv": [7.496, 4.879, 7.129, 5.121], "texture": "#0"}
			}
		},
		{
			"from": [13, 10, 3],
			"to": [14, 13, 4],
			"rotation": {"angle": 0, "axis": "y", "origin": [9, 3, 8]},
			"faces": {
				"north": {"uv": [4.379, 3.129, 4.496, 3.496], "texture": "#0"},
				"east": {"uv": [2.629, 6.754, 2.746, 7.121], "texture": "#0"},
				"south": {"uv": [4.879, 6.754, 4.996, 7.121], "texture": "#0"},
				"west": {"uv": [6.254, 7.504, 6.371, 7.871], "texture": "#0"},
				"up": {"uv": [3.496, 7.246, 3.379, 7.129], "texture": "#0"},
				"down": {"uv": [1.121, 7.254, 1.004, 7.371], "texture": "#0"}
			}
		},
		{
			"from": [12, 12, 3],
			"to": [13, 13, 4],
			"rotation": {"angle": 0, "axis": "y", "origin": [9, 4, 8]},
			"faces": {
				"north": {"uv": [4.379, 7.254, 4.496, 7.371], "texture": "#0"},
				"east": {"uv": [5.129, 7.379, 5.246, 7.496], "texture": "#0"},
				"south": {"uv": [7.754, 5.004, 7.871, 5.121], "texture": "#0"},
				"west": {"uv": [5.129, 7.754, 5.246, 7.871], "texture": "#0"},
				"up": {"uv": [5.371, 7.871, 5.254, 7.754], "texture": "#0"},
				"down": {"uv": [5.496, 7.754, 5.379, 7.871], "texture": "#0"}
			}
		},
		{
			"from": [3, 12, 3],
			"to": [4, 13, 4],
			"rotation": {"angle": 0, "axis": "y", "origin": [8, 4, 8]},
			"faces": {
				"north": {"uv": [5.504, 7.754, 5.621, 7.871], "texture": "#0"},
				"east": {"uv": [5.754, 7.754, 5.871, 7.871], "texture": "#0"},
				"south": {"uv": [5.879, 7.754, 5.996, 7.871], "texture": "#0"},
				"west": {"uv": [6.004, 7.754, 6.121, 7.871], "texture": "#0"},
				"up": {"uv": [6.246, 7.871, 6.129, 7.754], "texture": "#0"},
				"down": {"uv": [6.621, 7.754, 6.504, 7.871], "texture": "#0"}
			}
		},
		{
			"from": [2, 10, 3],
			"to": [3, 13, 4],
			"rotation": {"angle": 0, "axis": "y", "origin": [8, 3, 8]},
			"faces": {
				"north": {"uv": [6.379, 7.504, 6.496, 7.871], "texture": "#0"},
				"east": {"uv": [6.629, 7.504, 6.746, 7.871], "texture": "#0"},
				"south": {"uv": [6.754, 7.504, 6.871, 7.871], "texture": "#0"},
				"west": {"uv": [6.879, 7.504, 6.996, 7.871], "texture": "#0"},
				"up": {"uv": [7.871, 7.246, 7.754, 7.129], "texture": "#0"},
				"down": {"uv": [7.871, 7.254, 7.754, 7.371], "texture": "#0"}
			}
		},
		{
			"from": [1, 9.3, 3.6],
			"to": [3, 12.3, 5.6],
			"rotation": {"angle": 22.5, "axis": "z", "origin": [3, 10.8, 4.1]},
			"faces": {
				"north": {"uv": [7.129, 5.129, 7.371, 5.496], "texture": "#0"},
				"east": {"uv": [5.254, 7.129, 5.496, 7.496], "texture": "#0"},
				"south": {"uv": [5.504, 7.129, 5.746, 7.496], "texture": "#0"},
				"west": {"uv": [6.004, 7.129, 6.246, 7.496], "texture": "#0"},
				"up": {"uv": [7.621, 2.121, 7.379, 1.879], "texture": "#0"},
				"down": {"uv": [2.496, 7.379, 2.254, 7.621], "texture": "#0"}
			}
		},
		{
			"from": [13, 9.3, 3.6],
			"to": [15, 12.3, 5.6],
			"rotation": {"angle": -22.5, "axis": "z", "origin": [13, 10.8, 4.1]},
			"faces": {
				"north": {"uv": [6.254, 7.129, 6.496, 7.496], "texture": "#0"},
				"east": {"uv": [6.879, 7.129, 7.121, 7.496], "texture": "#0"},
				"south": {"uv": [7.129, 7.129, 7.371, 7.496], "texture": "#0"},
				"west": {"uv": [0.004, 7.254, 0.246, 7.621], "texture": "#0"},
				"up": {"uv": [7.621, 2.621, 7.379, 2.379], "texture": "#0"},
				"down": {"uv": [2.746, 7.379, 2.504, 7.621], "texture": "#0"}
			}
		},
		{
			"from": [3.5, 14.5, 3],
			"to": [12.5, 18.5, 4],
			"rotation": {"angle": 0, "axis": "y", "origin": [8.5, 2.5, 8]},
			"faces": {
				"north": {"uv": [2.004, 4.504, 3.121, 4.996], "texture": "#0"},
				"east": {"uv": [2.254, 6.504, 2.371, 6.996], "texture": "#0"},
				"south": {"uv": [4.504, 3.629, 5.621, 4.121], "texture": "#0"},
				"west": {"uv": [4.504, 6.504, 4.621, 6.996], "texture": "#0"},
				"up": {"uv": [5.621, 4.246, 4.504, 4.129], "texture": "#0"},
				"down": {"uv": [7.496, 4.504, 6.379, 4.621], "texture": "#0"}
			}
		},
		{
			"from": [1.999, 14.999, 3.499],
			"to": [14.001, 18.001, 4.501],
			"rotation": {"angle": 0, "axis": "y", "origin": [9, 3, 8.5]},
			"faces": {
				"north": {"uv": [4.379, 4.754, 5.871, 5.121], "texture": "#0"},
				"east": {"uv": [7.004, 7.504, 7.121, 7.871], "texture": "#0"},
				"south": {"uv": [0.004, 4.879, 1.496, 5.246], "texture": "#0"},
				"west": {"uv": [7.129, 7.504, 7.246, 7.871], "texture": "#0"},
				"up": {"uv": [7.746, 0.996, 6.254, 0.879], "texture": "#0"},
				"down": {"uv": [7.746, 1.004, 6.254, 1.121], "texture": "#0"}
			}
		},
		{
			"from": [6.5, 9, 6.4],
			"to": [9.5, 12, 11.4],
			"rotation": {"angle": 0, "axis": "y", "origin": [8.5, 4, 8.4]},
			"faces": {
				"north": {"uv": [6.754, 4.129, 7.121, 4.496], "texture": "#0"},
				"east": {"uv": [3.004, 5.879, 3.621, 6.246], "texture": "#0"},
				"south": {"uv": [6.754, 4.879, 7.121, 5.246], "texture": "#0"},
				"west": {"uv": [5.879, 4.879, 6.496, 5.246], "texture": "#0"},
				"up": {"uv": [3.996, 6.496, 3.629, 5.879], "texture": "#0"},
				"down": {"uv": [1.746, 6.129, 1.379, 6.746], "texture": "#0"}
			}
		},
		{
			"from": [5.5, 12, 6.7],
			"to": [10.5, 13, 11.7],
			"rotation": {"angle": 0, "axis": "y", "origin": [8.5, 5, 8.7]},
			"faces": {
				"north": {"uv": [7.254, 6.754, 7.871, 6.871], "texture": "#0"},
				"east": {"uv": [7.254, 6.879, 7.871, 6.996], "texture": "#0"},
				"south": {"uv": [7.254, 7.004, 7.871, 7.121], "texture": "#0"},
				"west": {"uv": [1.004, 7.379, 1.621, 7.496], "texture": "#0"},
				"up": {"uv": [1.121, 5.871, 0.504, 5.254], "texture": "#0"},
				"down": {"uv": [6.246, 0.004, 5.629, 0.621], "texture": "#0"}
			}
		},
		{
			"from": [5.5, 8, 6.7],
			"to": [10.5, 9, 11.7],
			"rotation": {"angle": 0, "axis": "y", "origin": [8.5, 1, 8.7]},
			"faces": {
				"north": {"uv": [7.379, 1.254, 7.996, 1.371], "texture": "#0"},
				"east": {"uv": [7.379, 1.379, 7.996, 1.496], "texture": "#0"},
				"south": {"uv": [7.379, 1.504, 7.996, 1.621], "texture": "#0"},
				"west": {"uv": [7.379, 1.754, 7.996, 1.871], "texture": "#0"},
				"up": {"uv": [6.246, 1.246, 5.629, 0.629], "texture": "#0"},
				"down": {"uv": [6.246, 1.754, 5.629, 2.371], "texture": "#0"}
			}
		},
		{
			"from": [5.5, 9, 6.7],
			"to": [6.5, 12, 11.7],
			"rotation": {"angle": 0, "axis": "y", "origin": [8.5, 2, 8.7]},
			"faces": {
				"north": {"uv": [7.254, 7.504, 7.371, 7.871], "texture": "#0"},
				"east": {"uv": [5.879, 5.254, 6.496, 5.621], "texture": "#0"},
				"south": {"uv": [0.004, 7.629, 0.121, 7.996], "texture": "#0"},
				"west": {"uv": [6.004, 1.254, 6.621, 1.621], "texture": "#0"},
				"up": {"uv": [1.496, 5.871, 1.379, 5.254], "texture": "#0"},
				"down": {"uv": [2.746, 6.129, 2.629, 6.746], "texture": "#0"}
			}
		},
		{
			"from": [9.5, 9, 6.7],
			"to": [10.5, 12, 11.7],
			"rotation": {"angle": 0, "axis": "y", "origin": [12.5, 2, 8.7]},
			"faces": {
				"north": {"uv": [0.129, 7.629, 0.246, 7.996], "texture": "#0"},
				"east": {"uv": [1.754, 6.129, 2.371, 6.496], "texture": "#0"},
				"south": {"uv": [0.254, 7.629, 0.371, 7.996], "texture": "#0"},
				"west": {"uv": [6.129, 2.379, 6.746, 2.746], "texture": "#0"},
				"up": {"uv": [4.996, 6.746, 4.879, 6.129], "texture": "#0"},
				"down": {"uv": [6.621, 7.129, 6.504, 7.746], "texture": "#0"}
			}
		},
		{
			"from": [2.699, 13.999, 4.999],
			"to": [13.301, 18.001, 12.001],
			"rotation": {"angle": 0, "axis": "y", "origin": [8, 6, 8]},
			"faces": {
				"north": {"uv": [4.379, 4.254, 5.621, 4.746], "texture": "#0"},
				"east": {"uv": [5.129, 1.254, 5.996, 1.746], "texture": "#0"},
				"south": {"uv": [4.504, 3.129, 5.746, 3.621], "texture": "#0"},
				"west": {"uv": [5.004, 5.129, 5.871, 5.621], "texture": "#0"},
				"up": {"uv": [4.371, 2.621, 3.129, 1.754], "texture": "#0"},
				"down": {"uv": [4.371, 2.629, 3.129, 3.496], "texture": "#0"}
			}
		},
		{
			"from": [4.5, 17, 4.9],
			"to": [11.5, 30, 6.9],
			"rotation": {"angle": 0, "axis": "y", "origin": [8.5, 17, 5.9]},
			"faces": {
				"north": {"uv": [1.379, 0.004, 2.246, 1.621], "texture": "#0"},
				"east": {"uv": [0.004, 5.254, 0.246, 6.871], "texture": "#0"},
				"south": {"uv": [1.379, 1.629, 2.246, 3.246], "texture": "#0"},
				"west": {"uv": [0.254, 5.254, 0.496, 6.871], "texture": "#0"},
				"up": {"uv": [6.996, 5.871, 6.129, 5.629], "texture": "#0"},
				"down": {"uv": [6.996, 5.879, 6.129, 6.121], "texture": "#0"}
			}
		},
		{
			"from": [5.5, 17, 4.8],
			"to": [12.5, 29, 6.8],
			"rotation": {"angle": -22.5, "axis": "z", "origin": [8.5, 17, 5.8]},
			"faces": {
				"north": {"uv": [2.254, 0.004, 3.121, 1.496], "texture": "#0"},
				"east": {"uv": [1.129, 5.254, 1.371, 6.746], "texture": "#0"},
				"south": {"uv": [2.254, 1.504, 3.121, 2.996], "texture": "#0"},
				"west": {"uv": [5.004, 5.629, 5.246, 7.121], "texture": "#0"},
				"up": {"uv": [6.996, 6.371, 6.129, 6.129], "texture": "#0"},
				"down": {"uv": [7.121, 0.004, 6.254, 0.246], "texture": "#0"}
			}
		},
		{
			"from": [3.5, 17, 5],
			"to": [10.5, 29, 7],
			"rotation": {"angle": 22.5, "axis": "z", "origin": [7.5, 17, 6]},
			"faces": {
				"north": {"uv": [0.004, 2.504, 0.871, 3.996], "texture": "#0"},
				"east": {"uv": [5.254, 5.629, 5.496, 7.121], "texture": "#0"},
				"south": {"uv": [2.254, 3.004, 3.121, 4.496], "texture": "#0"},
				"west": {"uv": [5.504, 5.629, 5.746, 7.121], "texture": "#0"},
				"up": {"uv": [7.121, 0.496, 6.254, 0.254], "texture": "#0"},
				"down": {"uv": [7.121, 0.504, 6.254, 0.746], "texture": "#0"}
			}
		},
		{
			"from": [6.5, 15.5, 2.3],
			"to": [9.5, 18.5, 3.3],
			"rotation": {"angle": 0, "axis": "y", "origin": [8.5, 15.5, 3.3]},
			"faces": {
				"north": {"uv": [6.754, 5.254, 7.121, 5.621], "texture": "#0"},
				"east": {"uv": [0.379, 7.629, 0.496, 7.996], "texture": "#0"},
				"south": {"uv": [0.004, 6.879, 0.371, 7.246], "texture": "#0"},
				"west": {"uv": [0.504, 7.629, 0.621, 7.996], "texture": "#0"},
				"up": {"uv": [4.371, 5.121, 4.004, 5.004], "texture": "#0"},
				"down": {"uv": [6.871, 3.504, 6.504, 3.621], "texture": "#0"}
			}
		},
		{
			"from": [9.5, 15.5, 2],
			"to": [10, 18.5, 3],
			"rotation": {"angle": 0, "axis": "y", "origin": [9.5, 15.5, 3]},
			"faces": {
				"north": {"uv": [2.629, 7.629, 2.6875, 7.996], "texture": "#0"},
				"east": {"uv": [0.629, 7.629, 0.746, 7.996], "texture": "#0"},
				"south": {"uv": [7.629, 7.129, 7.6875, 7.496], "texture": "#0"},
				"west": {"uv": [2.004, 7.629, 2.121, 7.996], "texture": "#0"},
				"up": {"uv": [5.3125, 7.996, 5.254, 7.879], "texture": "#0"},
				"down": {"uv": [7.9375, 5.254, 7.879, 5.371], "texture": "#0"}
			}
		},
		{
			"from": [6, 15.5, 2],
			"to": [6.5, 18.5, 3],
			"rotation": {"angle": 0, "axis": "y", "origin": [5.5, 15.5, 3]},
			"faces": {
				"north": {"uv": [7.379, 7.629, 7.4375, 7.996], "texture": "#0"},
				"east": {"uv": [2.129, 7.629, 2.246, 7.996], "texture": "#0"},
				"south": {"uv": [7.504, 7.629, 7.5625, 7.996], "texture": "#0"},
				"west": {"uv": [2.254, 7.629, 2.371, 7.996], "texture": "#0"},
				"up": {"uv": [5.4375, 7.996, 5.379, 7.879], "texture": "#0"},
				"down": {"uv": [7.9375, 5.379, 7.879, 5.496], "texture": "#0"}
			}
		},
		{
			"from": [6, 18.5, 2],
			"to": [10, 19, 3],
			"rotation": {"angle": 0, "axis": "y", "origin": [5.5, 16.5, 3]},
			"faces": {
				"north": {"uv": [7.379, 4.254, 7.871, 4.3125], "texture": "#0"},
				"east": {"uv": [5.504, 7.879, 5.621, 7.9375], "texture": "#0"},
				"south": {"uv": [7.379, 5.379, 7.871, 5.4375], "texture": "#0"},
				"west": {"uv": [7.879, 5.504, 7.996, 5.5625], "texture": "#0"},
				"up": {"uv": [1.996, 4.996, 1.504, 4.879], "texture": "#0"},
				"down": {"uv": [7.871, 2.629, 7.379, 2.746], "texture": "#0"}
			}
		},
		{
			"from": [6, 15, 2],
			"to": [10, 15.5, 3],
			"rotation": {"angle": 0, "axis": "y", "origin": [5.5, 12.5, 3]},
			"faces": {
				"north": {"uv": [7.504, 1.129, 7.996, 1.1875], "texture": "#0"},
				"east": {"uv": [7.879, 5.629, 7.996, 5.6875], "texture": "#0"},
				"south": {"uv": [7.504, 1.629, 7.996, 1.6875], "texture": "#0"},
				"west": {"uv": [5.754, 7.879, 5.871, 7.9375], "texture": "#0"},
				"up": {"uv": [3.246, 7.496, 2.754, 7.379], "texture": "#0"},
				"down": {"uv": [7.871, 3.379, 7.379, 3.496], "texture": "#0"}
			}
		},
		{
			"from": [5.001, 15.001, 2.701],
			"to": [10.999, 18.999, 3.699],
			"rotation": {"angle": 0, "axis": "y", "origin": [10, 17, 2.7]},
			"faces": {
				"north": {"uv": [5.629, 4.129, 6.371, 4.621], "texture": "#0"},
				"east": {"uv": [6.004, 6.629, 6.121, 7.121], "texture": "#0"},
				"south": {"uv": [5.754, 3.129, 6.496, 3.621], "texture": "#0"},
				"west": {"uv": [1.629, 6.754, 1.746, 7.246], "texture": "#0"},
				"up": {"uv": [7.871, 4.496, 7.129, 4.379], "texture": "#0"},
				"down": {"uv": [7.871, 5.504, 7.129, 5.621], "texture": "#0"}
			}
		},
		{
			"from": [10.65, 2.35, 6.25],
			"to": [13.35, 5.05, 8.95],
			"rotation": {"angle": -45, "axis": "x", "origin": [12, 6.5, 7.2]},
			"faces": {
				"north": {"uv": [7.379, 3.504, 7.621, 3.746], "texture": "#0"},
				"east": {"uv": [7.379, 3.754, 7.621, 3.996], "texture": "#0"},
				"south": {"uv": [7.379, 4.004, 7.621, 4.246], "texture": "#0"},
				"west": {"uv": [4.379, 7.379, 4.621, 7.621], "texture": "#0"},
				"up": {"uv": [4.871, 7.621, 4.629, 7.379], "texture": "#0"},
				"down": {"uv": [5.121, 7.379, 4.879, 7.621], "texture": "#0"}
			}
		},
		{
			"from": [10.65, 2.35, 9.25],
			"to": [13.35, 4.05, 10.95],
			"rotation": {"angle": -45, "axis": "x", "origin": [12, 6.5, 7.2]},
			"faces": {
				"north": {"uv": [5.629, 4.629, 5.871, 4.746], "texture": "#0"},
				"east": {"uv": [7.754, 7.379, 7.871, 7.496], "texture": "#0"},
				"south": {"uv": [7.504, 4.504, 7.746, 4.621], "texture": "#0"},
				"west": {"uv": [7.754, 7.504, 7.871, 7.621], "texture": "#0"},
				"up": {"uv": [7.871, 1.996, 7.629, 1.879], "texture": "#0"},
				"down": {"uv": [7.871, 2.004, 7.629, 2.121], "texture": "#0"}
			}
		},
		{
			"from": [10.75, 3.45, 6.35],
			"to": [13.25, 9.95, 8.85],
			"rotation": {"angle": -45, "axis": "x", "origin": [12, 6.5, 7.2]},
			"faces": {
				"north": {"uv": [6.129, 6.379, 6.371, 7.121], "texture": "#0"},
				"east": {"uv": [6.379, 6.379, 6.621, 7.121], "texture": "#0"},
				"south": {"uv": [1.754, 6.504, 1.996, 7.246], "texture": "#0"},
				"west": {"uv": [2.004, 6.504, 2.246, 7.246], "texture": "#0"},
				"up": {"uv": [7.621, 5.371, 7.379, 5.129], "texture": "#0"},
				"down": {"uv": [7.621, 5.629, 7.379, 5.871], "texture": "#0"}
			}
		},
		{
			"from": [10.75, 2.45, 6.35],
			"to": [13.25, 4.95, 10.85],
			"rotation": {"angle": -45, "axis": "x", "origin": [12, 6.5, 7.2]},
			"faces": {
				"north": {"uv": [5.754, 7.379, 5.996, 7.621], "texture": "#0"},
				"east": {"uv": [6.879, 3.379, 7.371, 3.621], "texture": "#0"},
				"south": {"uv": [7.379, 5.879, 7.621, 6.121], "texture": "#0"},
				"west": {"uv": [7.004, 2.754, 7.496, 2.996], "texture": "#0"},
				"up": {"uv": [2.246, 4.496, 2.004, 4.004], "texture": "#0"},
				"down": {"uv": [6.871, 7.004, 6.629, 7.496], "texture": "#0"}
			}
		},
		{
			"from": [2.75, 3.15, 6.15],
			"to": [5.25, 9.65, 8.65],
			"rotation": {"angle": -45, "axis": "x", "origin": [4, 6.3, 7]},
			"faces": {
				"north": {"uv": [3.504, 6.504, 3.746, 7.246], "texture": "#0"},
				"east": {"uv": [3.754, 6.504, 3.996, 7.246], "texture": "#0"},
				"south": {"uv": [4.004, 6.504, 4.246, 7.246], "texture": "#0"},
				"west": {"uv": [4.254, 6.504, 4.496, 7.246], "texture": "#0"},
				"up": {"uv": [7.621, 6.371, 7.379, 6.129], "texture": "#0"},
				"down": {"uv": [7.621, 7.129, 7.379, 7.371], "texture": "#0"}
			}
		},
		{
			"from": [2.65, 2.05, 6.05],
			"to": [5.35, 4.75, 8.75],
			"rotation": {"angle": -45, "axis": "x", "origin": [4, 6.3, 7]},
			"faces": {
				"north": {"uv": [7.379, 7.379, 7.621, 7.621], "texture": "#0"},
				"east": {"uv": [7.504, 0.004, 7.746, 0.246], "texture": "#0"},
				"south": {"uv": [7.504, 0.254, 7.746, 0.496], "texture": "#0"},
				"west": {"uv": [7.504, 0.504, 7.746, 0.746], "texture": "#0"},
				"up": {"uv": [0.996, 7.746, 0.754, 7.504], "texture": "#0"},
				"down": {"uv": [1.246, 7.504, 1.004, 7.746], "texture": "#0"}
			}
		},
		{
			"from": [2.65, 2.05, 10.05],
			"to": [5.35, 3.75, 11.75],
			"rotation": {"angle": -45, "axis": "x", "origin": [4, 6.3, 7]},
			"faces": {
				"north": {"uv": [2.379, 7.629, 2.621, 7.746], "texture": "#0"},
				"east": {"uv": [7.754, 7.629, 7.871, 7.746], "texture": "#0"},
				"south": {"uv": [7.629, 2.379, 7.871, 2.496], "texture": "#0"},
				"west": {"uv": [7.754, 7.754, 7.871, 7.871], "texture": "#0"},
				"up": {"uv": [7.871, 2.621, 7.629, 2.504], "texture": "#0"},
				"down": {"uv": [7.871, 3.004, 7.629, 3.121], "texture": "#0"}
			}
		},
		{
			"from": [2.76, 2.16, 6.16],
			"to": [5.24, 5.64, 11.64],
			"rotation": {"angle": -45, "axis": "x", "origin": [4, 6.3, 7]},
			"faces": {
				"north": {"uv": [0.254, 7.254, 0.496, 7.621], "texture": "#0"},
				"east": {"uv": [6.129, 2.754, 6.746, 3.121], "texture": "#0"},
				"south": {"uv": [0.504, 7.254, 0.746, 7.621], "texture": "#0"},
				"west": {"uv": [4.004, 6.129, 4.621, 6.496], "texture": "#0"},
				"up": {"uv": [6.871, 6.996, 6.629, 6.379], "texture": "#0"},
				"down": {"uv": [1.371, 6.754, 1.129, 7.371], "texture": "#0"}
			}
		},
		{
			"from": [5.4, 1.95, 5.85],
			"to": [7.9, 9.45, 12.35],
			"rotation": {"angle": -45, "axis": "x", "origin": [6.65, 6.3, 7]},
			"faces": {
				"north": {"uv": [2.379, 6.129, 2.621, 6.996], "texture": "#0"},
				"east": {"uv": [1.254, 4.004, 1.996, 4.871], "texture": "#0"},
				"south": {"uv": [4.629, 6.129, 4.871, 6.996], "texture": "#0"},
				"west": {"uv": [4.379, 1.254, 5.121, 2.121], "texture": "#0"},
				"up": {"uv": [6.746, 5.621, 6.504, 4.879], "texture": "#0"},
				"down": {"uv": [5.996, 6.629, 5.754, 7.371], "texture": "#0"}
			}
		},
		{
			"from": [5.3, 1.85, 5.75],
			"to": [8, 4.55, 8.45],
			"rotation": {"angle": -45, "axis": "x", "origin": [6.65, 6.3, 7]},
			"faces": {
				"north": {"uv": [1.254, 7.504, 1.496, 7.746], "texture": "#0"},
				"east": {"uv": [1.504, 7.504, 1.746, 7.746], "texture": "#0"},
				"south": {"uv": [1.754, 7.504, 1.996, 7.746], "texture": "#0"},
				"west": {"uv": [7.504, 2.129, 7.746, 2.371], "texture": "#0"},
				"up": {"uv": [2.996, 7.746, 2.754, 7.504], "texture": "#0"},
				"down": {"uv": [7.746, 2.754, 7.504, 2.996], "texture": "#0"}
			}
		},
		{
			"from": [5.3, 1.85, 10.75],
			"to": [8, 3.55, 12.45],
			"rotation": {"angle": -45, "axis": "x", "origin": [6.65, 6.3, 7]},
			"faces": {
				"north": {"uv": [7.629, 3.129, 7.871, 3.246], "texture": "#0"},
				"east": {"uv": [7.879, 0.004, 7.996, 0.121], "texture": "#0"},
				"south": {"uv": [3.379, 7.629, 3.621, 7.746], "texture": "#0"},
				"west": {"uv": [7.879, 0.129, 7.996, 0.246], "texture": "#0"},
				"up": {"uv": [7.871, 3.621, 7.629, 3.504], "texture": "#0"},
				"down": {"uv": [7.871, 3.629, 7.629, 3.746], "texture": "#0"}
			}
		},
		{
			"from": [8.075, 2.25, 6.15],
			"to": [10.575, 9.75, 11.65],
			"rotation": {"angle": -45, "axis": "x", "origin": [9.325, 6.3, 7]},
			"faces": {
				"north": {"uv": [3.004, 6.254, 3.246, 7.121], "texture": "#0"},
				"east": {"uv": [2.754, 5.004, 3.371, 5.871], "texture": "#0"},
				"south": {"uv": [3.254, 6.254, 3.496, 7.121], "texture": "#0"},
				"west": {"uv": [3.379, 5.004, 3.996, 5.871], "texture": "#0"},
				"up": {"uv": [1.621, 7.371, 1.379, 6.754], "texture": "#0"},
				"down": {"uv": [6.996, 2.379, 6.754, 2.996], "texture": "#0"}
			}
		},
		{
			"from": [7.975, 2.15, 6.05],
			"to": [10.675, 4.85, 8.75],
			"rotation": {"angle": -45, "axis": "x", "origin": [9.325, 6.3, 7]},
			"faces": {
				"north": {"uv": [3.004, 7.504, 3.246, 7.746], "texture": "#0"},
				"east": {"uv": [3.629, 7.504, 3.871, 7.746], "texture": "#0"},
				"south": {"uv": [3.879, 7.504, 4.121, 7.746], "texture": "#0"},
				"west": {"uv": [4.129, 7.504, 4.371, 7.746], "texture": "#0"},
				"up": {"uv": [7.746, 5.121, 7.504, 4.879], "texture": "#0"},
				"down": {"uv": [5.371, 7.504, 5.129, 7.746], "texture": "#0"}
			}
		},
		{
			"from": [7.975, 2.15, 10.05],
			"to": [10.675, 3.85, 11.75],
			"rotation": {"angle": -45, "axis": "x", "origin": [9.325, 6.3, 7]},
			"faces": {
				"north": {"uv": [7.629, 3.754, 7.871, 3.871], "texture": "#0"},
				"east": {"uv": [7.879, 0.254, 7.996, 0.371], "texture": "#0"},
				"south": {"uv": [7.629, 3.879, 7.871, 3.996], "texture": "#0"},
				"west": {"uv": [7.879, 0.629, 7.996, 0.746], "texture": "#0"},
				"up": {"uv": [7.871, 4.121, 7.629, 4.004], "texture": "#0"},
				"down": {"uv": [7.871, 4.129, 7.629, 4.246], "texture": "#0"}
			}
		},
		{
			"from": [2.5, 8.3, 7.5],
			"to": [6.5, 14.3, 10.5],
			"rotation": {"angle": -22.5, "axis": "z", "origin": [3, 15, 8.5]},
			"faces": {
				"north": {"uv": [4.004, 5.254, 4.496, 6.121], "texture": "#0"},
				"east": {"uv": [5.754, 5.629, 6.121, 6.621], "texture": "#0"},
				"south": {"uv": [4.504, 5.254, 4.996, 6.121], "texture": "#0"},
				"west": {"uv": [0.504, 6.0665, 0.871, 6.871], "texture": "#0"},
				"up": {"uv": [5.621, 2.121, 5.129, 1.754], "texture": "#0"},
				"down": {"uv": [6.746, 1.754, 6.254, 2.121], "texture": "#0"}
			}
		},
		{
			"from": [2.3, 8.1, 7.3],
			"to": [4.7, 10.5, 10.7],
			"rotation": {"angle": -22.5, "axis": "z", "origin": [3, 15, 8.5]},
			"faces": {
				"north": {"uv": [5.379, 7.504, 5.621, 7.746], "texture": "#0"},
				"east": {"uv": [1.629, 7.254, 1.996, 7.496], "texture": "#0"},
				"south": {"uv": [6.004, 7.504, 6.246, 7.746], "texture": "#0"},
				"west": {"uv": [7.254, 3.004, 7.621, 3.246], "texture": "#0"},
				"up": {"uv": [2.246, 7.621, 2.004, 7.254], "texture": "#0"},
				"down": {"uv": [3.621, 7.254, 3.379, 7.621], "texture": "#0"}
			}
		},
		{
			"from": [2.3, 13.1, 7.3],
			"to": [4.7, 14.5, 10.7],
			"rotation": {"angle": -22.5, "axis": "z", "origin": [3, 15, 8.5]},
			"faces": {
				"north": {"uv": [4.75, 5.125, 5, 5.25], "texture": "#0"},
				"east": {"uv": [4, 5.125, 4.375, 5.25], "texture": "#0"},
				"south": {"uv": [0.5, 5.875, 0.75, 6], "texture": "#0"},
				"west": {"uv": [4.375, 5.125, 4.75, 5.25], "texture": "#0"},
				"up": {"uv": [1.75, 8.375, 1.5, 8], "texture": "#0"},
				"down": {"uv": [8.25, 1.5, 8, 1.875], "texture": "#0"}
			}
		},
		{
			"from": [8.5, 5.7, 4],
			"to": [10.5, 6.7, 4.5],
			"rotation": {"angle": 0, "axis": "y", "origin": [10.5, 5.7, 5]},
			"faces": {
				"north": {"uv": [4.379, 7.629, 4.621, 7.746], "texture": "#0"},
				"east": {"uv": [7.879, 5.754, 7.9375, 5.871], "texture": "#0"},
				"south": {"uv": [4.629, 7.629, 4.871, 7.746], "texture": "#0"},
				"west": {"uv": [5.879, 7.879, 5.9375, 7.996], "texture": "#0"},
				"up": {"uv": [8.121, 0.8125, 7.879, 0.754], "texture": "#0"},
				"down": {"uv": [1.121, 7.879, 0.879, 7.9375], "texture": "#0"}
			}
		},
		{
			"from": [9, 4.7, 4],
			"to": [10, 5.7, 4.5],
			"rotation": {"angle": 0, "axis": "y", "origin": [11, 4.7, 5]},
			"faces": {
				"north": {"uv": [7.879, 0.879, 7.996, 0.996], "texture": "#0"},
				"east": {"uv": [7.879, 5.879, 7.9375, 5.996], "texture": "#0"},
				"south": {"uv": [1.129, 7.879, 1.246, 7.996], "texture": "#0"},
				"west": {"uv": [6.004, 7.879, 6.0625, 7.996], "texture": "#0"},
				"up": {"uv": [7.996, 6.0625, 7.879, 6.004], "texture": "#0"},
				"down": {"uv": [6.246, 7.879, 6.129, 7.9375], "texture": "#0"}
			}
		},
		{
			"from": [8, 6.7, 4],
			"to": [11, 9.7, 4.5],
			"rotation": {"angle": 0, "axis": "y", "origin": [10, 6.7, 5]},
			"faces": {
				"north": {"uv": [0.379, 6.879, 0.746, 7.246], "texture": "#0"},
				"east": {"uv": [7.629, 7.504, 7.6875, 7.871], "texture": "#0"},
				"south": {"uv": [6.879, 3.004, 7.246, 3.371], "texture": "#0"},
				"west": {"uv": [7.754, 0.004, 7.8125, 0.371], "texture": "#0"},
				"up": {"uv": [8.121, 0.4375, 7.754, 0.379], "texture": "#0"},
				"down": {"uv": [8.121, 0.504, 7.754, 0.5625], "texture": "#0"}
			}
		},
		{
			"from": [5.5, 5.4, 4.3],
			"to": [7.5, 6.4, 4.8],
			"rotation": {"angle": 0, "axis": "y", "origin": [7.5, 5.4, 5.3]},
			"faces": {
				"north": {"uv": [7.629, 4.629, 7.871, 4.746], "texture": "#0"},
				"east": {"uv": [7.879, 6.129, 7.9375, 6.246], "texture": "#0"},
				"south": {"uv": [7.629, 4.754, 7.871, 4.871], "texture": "#0"},
				"west": {"uv": [6.254, 7.879, 6.3125, 7.996], "texture": "#0"},
				"up": {"uv": [1.746, 7.9375, 1.504, 7.879], "texture": "#0"},
				"down": {"uv": [8.121, 1.879, 7.879, 1.9375], "texture": "#0"}
			}
		},
		{
			"from": [6, 4.4, 4.3],
			"to": [7, 5.4, 4.8],
			"rotation": {"angle": 0, "axis": "y", "origin": [8, 4.4, 5.3]},
			"faces": {
				"north": {"uv": [1.754, 7.879, 1.871, 7.996], "texture": "#0"},
				"east": {"uv": [7.879, 6.254, 7.9375, 6.371], "texture": "#0"},
				"south": {"uv": [7.879, 2.004, 7.996, 2.121], "texture": "#0"},
				"west": {"uv": [6.379, 7.879, 6.4375, 7.996], "texture": "#0"},
				"up": {"uv": [7.996, 6.4375, 7.879, 6.379], "texture": "#0"},
				"down": {"uv": [6.621, 7.879, 6.504, 7.9375], "texture": "#0"}
			}
		},
		{
			"from": [5, 6.4, 4.3],
			"to": [8, 9.4, 4.8],
			"rotation": {"angle": 0, "axis": "y", "origin": [7, 6.4, 5.3]},
			"faces": {
				"north": {"uv": [6.879, 6.379, 7.246, 6.746], "texture": "#0"},
				"east": {"uv": [7.754, 0.629, 7.8125, 0.996], "texture": "#0"},
				"south": {"uv": [6.879, 6.754, 7.246, 7.121], "texture": "#0"},
				"west": {"uv": [0.754, 7.754, 0.8125, 8.121], "texture": "#0"},
				"up": {"uv": [1.246, 7.8125, 0.879, 7.754], "texture": "#0"},
				"down": {"uv": [8.121, 1.004, 7.754, 1.0625], "texture": "#0"}
			}
		},
		{
			"from": [2.5, 6, 4.5],
			"to": [4.5, 7, 5],
			"rotation": {"angle": 22.5, "axis": "y", "origin": [3.5, 7, 4.75]},
			"faces": {
				"north": {"uv": [4.879, 7.629, 5.121, 7.746], "texture": "#0"},
				"east": {"uv": [7.879, 6.504, 7.9375, 6.621], "texture": "#0"},
				"south": {"uv": [7.629, 5.129, 7.871, 5.246], "texture": "#0"},
				"west": {"uv": [6.629, 7.879, 6.6875, 7.996], "texture": "#0"},
				"up": {"uv": [8.121, 2.4375, 7.879, 2.379], "texture": "#0"},
				"down": {"uv": [8.121, 2.504, 7.879, 2.5625], "texture": "#0"}
			}
		},
		{
			"from": [3, 5, 4.5],
			"to": [4, 6, 5],
			"rotation": {"angle": 22.5, "axis": "y", "origin": [3.5, 7, 4.75]},
			"faces": {
				"north": {"uv": [7.879, 2.629, 7.996, 2.746], "texture": "#0"},
				"east": {"uv": [6.754, 7.879, 6.8125, 7.996], "texture": "#0"},
				"south": {"uv": [2.754, 7.879, 2.871, 7.996], "texture": "#0"},
				"west": {"uv": [7.879, 6.754, 7.9375, 6.871], "texture": "#0"},
				"up": {"uv": [6.996, 7.9375, 6.879, 7.879], "texture": "#0"},
				"down": {"uv": [7.996, 6.879, 7.879, 6.9375], "texture": "#0"}
			}
		},
		{
			"from": [2, 7, 4.5],
			"to": [5, 10, 5],
			"rotation": {"angle": 22.5, "axis": "y", "origin": [3.5, 7, 4.75]},
			"faces": {
				"north": {"uv": [7.004, 1.254, 7.371, 1.621], "texture": "#0"},
				"east": {"uv": [1.254, 7.754, 1.3125, 8.121], "texture": "#0"},
				"south": {"uv": [2.254, 7.004, 2.621, 7.371], "texture": "#0"},
				"west": {"uv": [1.379, 7.754, 1.4375, 8.121], "texture": "#0"},
				"up": {"uv": [1.871, 7.8125, 1.504, 7.754], "texture": "#0"},
				"down": {"uv": [8.121, 2.129, 7.754, 2.1875], "texture": "#0"}
			}
		},
		{
			"from": [11.5, 6.2, 4.2],
			"to": [13.5, 7.2, 4.7],
			"rotation": {"angle": -22.5, "axis": "y", "origin": [12.5, 6.95, 4.45]},
			"faces": {
				"north": {"uv": [7.629, 5.254, 7.871, 5.371], "texture": "#0"},
				"east": {"uv": [7.004, 7.879, 7.0625, 7.996], "texture": "#0"},
				"south": {"uv": [7.629, 5.629, 7.871, 5.746], "texture": "#0"},
				"west": {"uv": [7.879, 7.004, 7.9375, 7.121], "texture": "#0"},
				"up": {"uv": [3.121, 7.9375, 2.879, 7.879], "texture": "#0"},
				"down": {"uv": [8.121, 3.004, 7.879, 3.0625], "texture": "#0"}
			}
		},
		{
			"from": [12, 5.2, 4.2],
			"to": [13, 6.2, 4.7],
			"rotation": {"angle": -22.5, "axis": "y", "origin": [12.5, 6.95, 4.45]},
			"faces": {
				"north": {"uv": [7.879, 3.129, 7.996, 3.246], "texture": "#0"},
				"east": {"uv": [7.129, 7.879, 7.1875, 7.996], "texture": "#0"},
				"south": {"uv": [3.379, 7.879, 3.496, 7.996], "texture": "#0"},
				"west": {"uv": [7.879, 7.129, 7.9375, 7.246], "texture": "#0"},
				"up": {"uv": [7.371, 7.9375, 7.254, 7.879], "texture": "#0"},
				"down": {"uv": [7.996, 7.254, 7.879, 7.3125], "texture": "#0"}
			}
		},
		{
			"from": [11, 7.2, 4.2],
			"to": [14, 9.2, 4.7],
			"rotation": {"angle": -22.5, "axis": "y", "origin": [12.5, 6.95, 4.45]},
			"faces": {
				"north": {"uv": [3.629, 7.254, 3.996, 7.496], "texture": "#0"},
				"east": {"uv": [7.879, 3.379, 7.9375, 3.621], "texture": "#0"},
				"south": {"uv": [4.004, 7.254, 4.371, 7.496], "texture": "#0"},
				"west": {"uv": [3.504, 7.879, 3.5625, 8.121], "texture": "#0"},
				"up": {"uv": [8.121, 2.3125, 7.754, 2.254], "texture": "#0"},
				"down": {"uv": [3.121, 7.754, 2.754, 7.8125], "texture": "#0"}
			}
		},
		{
			"from": [8.5, 19.3, 3.7],
			"to": [10.5, 20.3, 4.2],
			"rotation": {"angle": 0, "axis": "y", "origin": [10.5, 20.3, 4.7]},
			"faces": {
				"north": {"uv": [5.754, 7.629, 5.996, 7.746], "texture": "#0"},
				"east": {"uv": [7.879, 7.379, 7.9375, 7.496], "texture": "#0"},
				"south": {"uv": [7.629, 5.754, 7.871, 5.871], "texture": "#0"},
				"west": {"uv": [7.879, 7.504, 7.9375, 7.621], "texture": "#0"},
				"up": {"uv": [3.871, 7.9375, 3.629, 7.879], "texture": "#0"},
				"down": {"uv": [8.121, 3.629, 7.879, 3.6875], "texture": "#0"}
			}
		},
		{
			"from": [9, 20.3, 3.7],
			"to": [10, 21.3, 4.2],
			"rotation": {"angle": 0, "axis": "y", "origin": [11, 21.3, 4.7]},
			"faces": {
				"north": {"uv": [7.879, 3.754, 7.996, 3.871], "texture": "#0"},
				"east": {"uv": [7.629, 7.879, 7.6875, 7.996], "texture": "#0"},
				"south": {"uv": [3.879, 7.879, 3.996, 7.996], "texture": "#0"},
				"west": {"uv": [7.879, 7.629, 7.9375, 7.746], "texture": "#0"},
				"up": {"uv": [7.871, 7.9375, 7.754, 7.879], "texture": "#0"},
				"down": {"uv": [7.996, 7.754, 7.879, 7.8125], "texture": "#0"}
			}
		},
		{
			"from": [8, 16.3, 3.7],
			"to": [11, 19.3, 4.2],
			"rotation": {"angle": 0, "axis": "y", "origin": [10, 19.3, 4.7]},
			"faces": {
				"north": {"uv": [7.004, 2.379, 7.371, 2.746], "texture": "#0"},
				"east": {"uv": [1.879, 7.754, 1.9375, 8.121], "texture": "#0"},
				"south": {"uv": [4.504, 7.004, 4.871, 7.371], "texture": "#0"},
				"west": {"uv": [2.379, 7.754, 2.4375, 8.121], "texture": "#0"},
				"up": {"uv": [8.121, 2.8125, 7.754, 2.754], "texture": "#0"},
				"down": {"uv": [8.121, 2.879, 7.754, 2.9375], "texture": "#0"}
			}
		},
		{
			"from": [5.5, 19.6, 3.6],
			"to": [7.5, 20.6, 4.1],
			"rotation": {"angle": 0, "axis": "y", "origin": [7.5, 20.6, 4.6]},
			"faces": {
				"north": {"uv": [7.629, 5.879, 7.871, 5.996], "texture": "#0"},
				"east": {"uv": [7.879, 7.879, 7.9375, 7.996], "texture": "#0"},
				"south": {"uv": [7.629, 6.004, 7.871, 6.121], "texture": "#0"},
				"west": {"uv": [0.004, 8.004, 0.0625, 8.121], "texture": "#0"},
				"up": {"uv": [8.121, 3.9375, 7.879, 3.879], "texture": "#0"},
				"down": {"uv": [8.121, 4.004, 7.879, 4.0625], "texture": "#0"}
			}
		},
		{
			"from": [6, 20.6, 3.6],
			"to": [7, 21.6, 4.1],
			"rotation": {"angle": 0, "axis": "y", "origin": [8, 21.6, 4.6]},
			"faces": {
				"north": {"uv": [4.004, 7.879, 4.121, 7.996], "texture": "#0"},
				"east": {"uv": [8.004, 0.004, 8.0625, 0.121], "texture": "#0"},
				"south": {"uv": [7.879, 4.129, 7.996, 4.246], "texture": "#0"},
				"west": {"uv": [0.129, 8.004, 0.1875, 8.121], "texture": "#0"},
				"up": {"uv": [8.121, 0.1875, 8.004, 0.129], "texture": "#0"},
				"down": {"uv": [0.371, 8.004, 0.254, 8.0625], "texture": "#0"}
			}
		},
		{
			"from": [5, 16.6, 3.6],
			"to": [8, 19.6, 4.1],
			"rotation": {"angle": 0, "axis": "y", "origin": [7, 19.6, 4.6]},
			"faces": {
				"north": {"uv": [7.004, 5.629, 7.371, 5.996], "texture": "#0"},
				"east": {"uv": [2.504, 7.754, 2.5625, 8.121], "texture": "#0"},
				"south": {"uv": [7.004, 6.004, 7.371, 6.371], "texture": "#0"},
				"west": {"uv": [3.129, 7.754, 3.1875, 8.121], "texture": "#0"},
				"up": {"uv": [3.746, 7.8125, 3.379, 7.754], "texture": "#0"},
				"down": {"uv": [4.121, 7.754, 3.754, 7.8125], "texture": "#0"}
			}
		},
		{
			"from": [3.3, 19, 4.2],
			"to": [5.3, 20, 4.7],
			"rotation": {"angle": 0, "axis": "y", "origin": [4.3, 19, 4.45]},
			"faces": {
				"north": {"uv": [7.629, 6.129, 7.871, 6.246], "texture": "#0"},
				"east": {"uv": [8.004, 0.254, 8.0625, 0.371], "texture": "#0"},
				"south": {"uv": [7.629, 6.254, 7.871, 6.371], "texture": "#0"},
				"west": {"uv": [0.379, 8.004, 0.4375, 8.121], "texture": "#0"},
				"up": {"uv": [8.121, 4.3125, 7.879, 4.254], "texture": "#0"},
				"down": {"uv": [4.621, 7.879, 4.379, 7.9375], "texture": "#0"}
			}
		},
		{
			"from": [3.8, 20, 4.2],
			"to": [4.8, 21, 4.7],
			"rotation": {"angle": 0, "axis": "y", "origin": [4.3, 19, 4.45]},
			"faces": {
				"north": {"uv": [7.879, 4.379, 7.996, 4.496], "texture": "#0"},
				"east": {"uv": [0.504, 8.004, 0.5625, 8.121], "texture": "#0"},
				"south": {"uv": [4.629, 7.879, 4.746, 7.996], "texture": "#0"},
				"west": {"uv": [0.629, 8.004, 0.6875, 8.121], "texture": "#0"},
				"up": {"uv": [8.121, 0.6875, 8.004, 0.629], "texture": "#0"},
				"down": {"uv": [0.996, 8.004, 0.879, 8.0625], "texture": "#0"}
			}
		},
		{
			"from": [2.8, 16, 4.2],
			"to": [5.8, 19, 4.7],
			"rotation": {"angle": 0, "axis": "y", "origin": [4.3, 19, 4.45]},
			"faces": {
				"north": {"uv": [7.129, 0.004, 7.496, 0.371], "texture": "#0"},
				"east": {"uv": [4.129, 7.754, 4.1875, 8.121], "texture": "#0"},
				"south": {"uv": [7.129, 0.379, 7.496, 0.746], "texture": "#0"},
				"west": {"uv": [4.254, 7.754, 4.3125, 8.121], "texture": "#0"},
				"up": {"uv": [4.746, 7.8125, 4.379, 7.754], "texture": "#0"},
				"down": {"uv": [8.121, 4.504, 7.754, 4.5625], "texture": "#0"}
			}
		},
		{
			"from": [10.9, 18.8, 4.2],
			"to": [12.9, 19.8, 4.7],
			"rotation": {"angle": 0, "axis": "y", "origin": [11.9, 19.05, 4.45]},
			"faces": {
				"north": {"uv": [7.629, 6.379, 7.871, 6.496], "texture": "#0"},
				"east": {"uv": [8.004, 0.879, 8.0625, 0.996], "texture": "#0"},
				"south": {"uv": [7.629, 6.504, 7.871, 6.621], "texture": "#0"},
				"west": {"uv": [1.004, 8.004, 1.0625, 8.121], "texture": "#0"},
				"up": {"uv": [8.121, 4.6875, 7.879, 4.629], "texture": "#0"},
				"down": {"uv": [4.996, 7.879, 4.754, 7.9375], "texture": "#0"}
			}
		},
		{
			"from": [11.4, 19.8, 4.2],
			"to": [12.4, 20.8, 4.7],
			"rotation": {"angle": 0, "axis": "y", "origin": [11.9, 19.05, 4.45]},
			"faces": {
				"north": {"uv": [7.879, 4.754, 7.996, 4.871], "texture": "#0"},
				"east": {"uv": [1.129, 8.004, 1.1875, 8.121], "texture": "#0"},
				"south": {"uv": [5.004, 7.879, 5.121, 7.996], "texture": "#0"},
				"west": {"uv": [8.004, 1.129, 8.0625, 1.246], "texture": "#0"},
				"up": {"uv": [8.121, 1.3125, 8.004, 1.254], "texture": "#0"},
				"down": {"uv": [8.121, 1.379, 8.004, 1.4375], "texture": "#0"}
			}
		},
		{
			"from": [10.4, 16.8, 4.2],
			"to": [13.4, 18.8, 4.7],
			"rotation": {"angle": 0, "axis": "y", "origin": [11.9, 19.05, 4.45]},
			"faces": {
				"north": {"uv": [7.254, 4.629, 7.621, 4.871], "texture": "#0"},
				"east": {"uv": [7.879, 5.004, 7.9375, 5.246], "texture": "#0"},
				"south": {"uv": [7.254, 6.379, 7.621, 6.621], "texture": "#0"},
				"west": {"uv": [5.129, 7.879, 5.1875, 8.121], "texture": "#0"},
				"up": {"uv": [5.121, 7.8125, 4.754, 7.754], "texture": "#0"},
				"down": {"uv": [8.121, 4.879, 7.754, 4.9375], "texture": "#0"}
			}
		}
	],
	"gui_light": "front",
	"display": {
		"thirdperson_righthand": {
			"rotation": [90, -90, 0],
			"translation": [0, -2, -1],
			"scale": [0.7, 0.7, 0.7]
		},
		"thirdperson_lefthand": {
			"rotation": [90, -90, 0],
			"translation": [0, -2, -1],
			"scale": [0.7, 0.7, 0.7]
		},
		"firstperson_righthand": {
			"rotation": [75.72, -71.47, -32.61],
			"translation": [-1.25, 2, 0],
			"scale": [0.6, 0.6, 0.6]
		},
		"firstperson_lefthand": {
			"rotation": [75.72, -71.47, -32.61],
			"translation": [-1.25, 2, 0],
			"scale": [0.6, 0.6, 0.6]
		},
		"ground": {
			"translation": [0, 1.75, 0],
			"scale": [0.5, 0.5, 0.5]
		},
		"gui": {
			"rotation": [176.75, -8.01, 47.01],
			"translation": [3.5, 3.25, 0],
			"scale": [0.6, 0.6, 0.6]
		},
		"head": {
			"translation": [0, 12.5, 0]
		},
		"fixed": {
			"translation": [0, -6, -2.75]
		}
	},
	"groups": [
		{
			"name": "fistah",
			"origin": [8, 0, 8],
			"color": 0,
			"children": [
				{
					"name": "base",
					"origin": [8, 0, 8],
					"color": 0,
					"children": [
						0,
						1,
						2,
						3,
						4,
						5,
						6,
						7,
						8,
						9,
						10,
						11,
						12,
						13,
						14,
						15,
						16,
						17,
						18,
						19,
						20,
						21,
						{
							"name": "bone3",
							"origin": [8, 0, 7.9],
							"color": 0,
							"children": [22, 23, 24]
						}
					]
				},
				{
					"name": "core",
					"origin": [8, 0, 6],
					"color": 2,
					"children": [25, 26, 27, 28, 29, 30]
				},
				{
					"name": "yubi",
					"origin": [7.99375, 7, 5],
					"color": 0,
					"children": [
						{
							"name": "yubi1",
							"origin": [12, 5.2, 6.2],
							"color": 0,
							"children": [31, 32, 33, 34]
						},
						{
							"name": "yubi2",
							"origin": [4, 5, 6],
							"color": 0,
							"children": [35, 36, 37, 38]
						},
						{
							"name": "yubi3",
							"origin": [6.65, 5, 6],
							"color": 0,
							"children": [39, 40, 41]
						},
						{
							"name": "yubi4",
							"origin": [9.325, 5, 6],
							"color": 0,
							"children": [42, 43, 44]
						}
					]
				},
				{
					"name": "yubideka",
					"origin": [4, 13, 8.5],
					"color": 0,
					"children": [45, 46, 47]
				},
				{
					"name": "spikelower",
					"origin": [8, 0, 8],
					"color": 3,
					"children": [
						{
							"name": "spike1",
							"origin": [8, 0, 8],
							"color": 3,
							"children": [48, 49, 50]
						},
						{
							"name": "spike2",
							"origin": [5, 0, 8.3],
							"color": 3,
							"children": [51, 52, 53]
						},
						{
							"name": "spike3",
							"origin": [3.5, 6.83333, 4.75],
							"color": 3,
							"children": [54, 55, 56]
						},
						{
							"name": "spike4",
							"origin": [12.5, 6.86667, 4.45],
							"color": 3,
							"children": [57, 58, 59]
						}
					]
				},
				{
					"name": "spikeupper",
					"origin": [8, 26, 8],
					"color": 3,
					"children": [
						{
							"name": "spikeup1",
							"origin": [8, 26, 7.7],
							"color": 3,
							"children": [60, 61, 62]
						},
						{
							"name": "spikeup2",
							"origin": [5, 26, 7.3],
							"color": 3,
							"children": [63, 64, 65]
						},
						{
							"name": "spikeup3",
							"origin": [4.3, 17.46667, 4.35],
							"color": 3,
							"children": [66, 67, 68]
						},
						{
							"name": "spikeup4",
							"origin": [11, 25.5, 8.2],
							"color": 3,
							"children": [69, 70, 71]
						}
					]
				}
			]
		}
	]
}