{
	"credit": "Made with Blockbench",
	"texture_size": [128, 128],
	"textures": {
		"0": "holocraft:item/grem_bucket"
	},
	"elements": [
		{
			"from": [5.53544, 9.05088, 4.73856],
			"to": [10.46456, 16.35328, 9.12],
			"rotation": {"angle": -22.5, "axis": "x", "origin": [7.72616, 11.21696, 8.09856]},
			"faces": {
				"north": {"uv": [3.871, 0.004, 2.754, 1.621], "rotation": 180, "texture": "#0"},
				"east": {"uv": [0.004, 1.629, 1.621, 2.621], "rotation": 270, "texture": "#0"},
				"south": {"uv": [2.746, 1.621, 1.629, 0.004], "texture": "#0"},
				"west": {"uv": [2.754, 1.629, 4.371, 2.621], "rotation": 90, "texture": "#0"},
				"up": {"uv": [1.629, 1.629, 2.746, 2.621], "rotation": 180, "texture": "#0"},
				"down": {"uv": [4.379, 1.629, 5.496, 2.621], "texture": "#0"}
			}
		},
		{
			"from": [5.53599, 15.54879, 6.62232],
			"to": [10.46401, 18.83377, 11.00011],
			"rotation": {"angle": -45, "axis": "x", "origin": [7.72616, 11.21696, 8.09856]},
			"faces": {
				"north": {"uv": [7.746, 4.504, 6.629, 5.246], "rotation": 180, "texture": "#0"},
				"east": {"uv": [4.754, 5.254, 5.496, 6.246], "rotation": 270, "texture": "#0"},
				"south": {"uv": [6.621, 5.246, 5.504, 4.504], "texture": "#0"},
				"west": {"uv": [6.629, 5.254, 7.371, 6.246], "rotation": 90, "texture": "#0"},
				"up": {"uv": [5.504, 5.254, 6.621, 6.246], "rotation": 180, "texture": "#0"},
				"down": {"uv": [7.379, 5.254, 8.496, 6.246], "texture": "#0"}
			}
		},
		{
			"name": "face",
			"from": [5.31637, 18.89037, 7.00387],
			"to": [10.68363, 18.89037, 10.83763],
			"rotation": {"angle": -45, "axis": "x", "origin": [7.72616, 11.21696, 8.09856]},
			"faces": {
				"north": {"uv": [2.996, 6.254, 1.504, 6.246], "rotation": 180, "texture": "#0"},
				"east": {"uv": [0.004, 6.254, -0.004, 7.371], "rotation": 270, "texture": "#0"},
				"south": {"uv": [1.496, 6.254, 0.004, 6.246], "texture": "#0"},
				"west": {"uv": [1.504, 6.254, 1.496, 7.371], "rotation": 90, "texture": "#0"},
				"up": {"uv": [14.383, 0.004, 15.996, 1.121], "rotation": 180, "texture": "#0"},
				"down": {"uv": [1.504, 6.254, 2.996, 7.371], "texture": "#0"}
			}
		},
		{
			"name": "face2",
			"from": [5.31637, 18.34269, 7.00387],
			"to": [10.68363, 18.34269, 10.83763],
			"rotation": {"angle": -45, "axis": "x", "origin": [7.72616, 11.21696, 8.09856]},
			"faces": {
				"north": {"uv": [2.996, 6.254, 1.504, 6.246], "rotation": 180, "texture": "#0"},
				"east": {"uv": [0.004, 6.254, -0.004, 7.371], "rotation": 270, "texture": "#0"},
				"south": {"uv": [1.496, 6.254, 0.004, 6.246], "texture": "#0"},
				"west": {"uv": [1.504, 6.254, 1.496, 7.371], "rotation": 90, "texture": "#0"},
				"up": {"uv": [14.383, 1.129, 15.996, 2.246], "rotation": 180, "texture": "#0"},
				"down": {"uv": [1.504, 6.254, 2.996, 7.371], "texture": "#0"}
			}
		},
		{
			"from": [5.81476, 12.16533, 1.69364],
			"to": [7.44684, 13.79742, 3.32573],
			"rotation": {"angle": 22.5, "axis": "y", "origin": [7.72616, 13.21696, 4.09856]},
			"faces": {
				"north": {"uv": [9.121, 6.254, 8.754, 6.621], "rotation": 180, "texture": "#0"},
				"east": {"uv": [8.004, 6.629, 8.371, 6.996], "rotation": 270, "texture": "#0"},
				"south": {"uv": [8.746, 6.621, 8.379, 6.254], "texture": "#0"},
				"west": {"uv": [8.754, 6.629, 9.121, 6.996], "rotation": 90, "texture": "#0"},
				"up": {"uv": [8.379, 6.629, 8.746, 6.996], "rotation": 180, "texture": "#0"},
				"down": {"uv": [9.129, 6.629, 9.496, 6.996], "texture": "#0"}
			}
		},
		{
			"from": [8.55316, 12.16533, 1.69364],
			"to": [10.18524, 13.79742, 3.32573],
			"rotation": {"angle": -22.5, "axis": "y", "origin": [7.72616, 13.21696, 4.09856]},
			"faces": {
				"north": {"uv": [8.621, 8.379, 8.254, 8.746], "rotation": 180, "texture": "#0"},
				"east": {"uv": [7.504, 8.754, 7.871, 9.121], "rotation": 270, "texture": "#0"},
				"south": {"uv": [8.246, 8.746, 7.879, 8.379], "texture": "#0"},
				"west": {"uv": [8.254, 8.754, 8.621, 9.121], "rotation": 90, "texture": "#0"},
				"up": {"uv": [7.879, 8.754, 8.246, 9.121], "rotation": 180, "texture": "#0"},
				"down": {"uv": [8.629, 8.754, 8.996, 9.121], "texture": "#0"}
			}
		},
		{
			"from": [5.81476, 10.58986, 3.47328],
			"to": [7.44684, 12.22194, 5.10537],
			"rotation": {"angle": -45, "axis": "x", "origin": [7.72616, 11.21696, 8.09856]},
			"faces": {
				"north": {"uv": [1.121, 8.504, 0.754, 8.871], "rotation": 180, "texture": "#0"},
				"east": {"uv": [0.004, 8.879, 0.371, 9.246], "rotation": 270, "texture": "#0"},
				"south": {"uv": [0.746, 8.871, 0.379, 8.504], "texture": "#0"},
				"west": {"uv": [0.754, 8.879, 1.121, 9.246], "rotation": 90, "texture": "#0"},
				"up": {"uv": [0.379, 8.879, 0.746, 9.246], "rotation": 180, "texture": "#0"},
				"down": {"uv": [1.129, 8.879, 1.496, 9.246], "texture": "#0"}
			}
		},
		{
			"from": [8.55316, 10.58986, 3.47328],
			"to": [10.18524, 12.22194, 5.10537],
			"rotation": {"angle": -45, "axis": "x", "origin": [7.72616, 11.21696, 8.09856]},
			"faces": {
				"north": {"uv": [2.621, 8.504, 2.254, 8.871], "rotation": 180, "texture": "#0"},
				"east": {"uv": [1.504, 8.879, 1.871, 9.246], "rotation": 270, "texture": "#0"},
				"south": {"uv": [2.246, 8.871, 1.879, 8.504], "texture": "#0"},
				"west": {"uv": [2.254, 8.879, 2.621, 9.246], "rotation": 90, "texture": "#0"},
				"up": {"uv": [1.879, 8.879, 2.246, 9.246], "rotation": 180, "texture": "#0"},
				"down": {"uv": [2.629, 8.879, 2.996, 9.246], "texture": "#0"}
			}
		},
		{
			"from": [12.999, 10.999, 6.999],
			"to": [14.001, 20.001, 9.001],
			"rotation": {"angle": 0, "axis": "y", "origin": [2, 13, 7]},
			"faces": {
				"north": {"uv": [4.875, 6.25, 5, 7.375], "texture": "#0"},
				"east": {"uv": [3.25, 6.125, 3.5, 7.25], "texture": "#0"},
				"south": {"uv": [5, 6.25, 5.125, 7.375], "texture": "#0"},
				"west": {"uv": [3.5, 6.125, 3.75, 7.25], "texture": "#0"},
				"up": {"uv": [1.625, 1.5, 1.5, 1.25], "texture": "#0"},
				"down": {"uv": [4.875, 5, 4.75, 5.25], "texture": "#0"}
			}
		},
		{
			"from": [1.999, 10.999, 6.999],
			"to": [3.001, 20.001, 9.001],
			"rotation": {"angle": 0, "axis": "y", "origin": [-9, 13, 7]},
			"faces": {
				"north": {"uv": [5.125, 6.25, 5.25, 7.375], "texture": "#0"},
				"east": {"uv": [3.75, 6.125, 4, 7.25], "texture": "#0"},
				"south": {"uv": [5.25, 6.25, 5.375, 7.375], "texture": "#0"},
				"west": {"uv": [4, 6.125, 4.25, 7.25], "texture": "#0"},
				"up": {"uv": [5, 5.25, 4.875, 5], "texture": "#0"},
				"down": {"uv": [5.125, 5, 5, 5.25], "texture": "#0"}
			}
		},
		{
			"from": [2, 19, 7],
			"to": [14, 20, 9],
			"rotation": {"angle": 0, "axis": "y", "origin": [-9, 13, 7]},
			"faces": {
				"north": {"uv": [5.25, 4.375, 6.75, 4.5], "texture": "#0"},
				"east": {"uv": [5.125, 1, 5.375, 1.125], "texture": "#0"},
				"south": {"uv": [5.5, 2.5, 7, 2.625], "texture": "#0"},
				"west": {"uv": [5.125, 1.125, 5.375, 1.25], "texture": "#0"},
				"up": {"uv": [1.5, 5.875, 0, 5.625], "texture": "#0"},
				"down": {"uv": [3, 5.625, 1.5, 5.875], "texture": "#0"}
			}
		},
		{
			"from": [3, 0, 3],
			"to": [13, 1, 13],
			"rotation": {"angle": 0, "axis": "y", "origin": [7, 0, 7]},
			"faces": {
				"north": {"uv": [6.125, 0, 7.375, 0.125], "texture": "#0"},
				"east": {"uv": [6.125, 0.125, 7.375, 0.25], "texture": "#0"},
				"south": {"uv": [6.125, 0.25, 7.375, 0.375], "texture": "#0"},
				"west": {"uv": [6.125, 0.375, 7.375, 0.5], "texture": "#0"},
				"up": {"uv": [1.25, 1.25, 0, 0], "texture": "#0"},
				"down": {"uv": [5.125, 0, 3.875, 1.25], "texture": "#0"}
			}
		},
		{
			"from": [3, 1, 3],
			"to": [4, 9, 13],
			"rotation": {"angle": 0, "axis": "y", "origin": [7, 1, 7]},
			"faces": {
				"north": {"uv": [6.25, 2.625, 6.375, 3.625], "texture": "#0"},
				"east": {"uv": [4, 2.625, 5.25, 3.625], "texture": "#0"},
				"south": {"uv": [5.375, 6.25, 5.5, 7.25], "texture": "#0"},
				"west": {"uv": [4, 3.625, 5.25, 4.625], "texture": "#0"},
				"up": {"uv": [1.625, 1.25, 1.5, 0], "texture": "#0"},
				"down": {"uv": [4.375, 6.125, 4.25, 7.375], "texture": "#0"}
			}
		},
		{
			"from": [12, 9, 3],
			"to": [14, 12, 13],
			"rotation": {"angle": 0, "axis": "y", "origin": [17, 0, 7]},
			"faces": {
				"north": {"uv": [4.75, 4.625, 5, 5], "texture": "#0"},
				"east": {"uv": [5.375, 1, 6.625, 1.375], "texture": "#0"},
				"south": {"uv": [5, 4.625, 5.25, 5], "texture": "#0"},
				"west": {"uv": [5.5, 1.375, 6.75, 1.75], "texture": "#0"},
				"up": {"uv": [1.5, 1.25, 1.25, 0], "texture": "#0"},
				"down": {"uv": [4.75, 4.625, 4.5, 5.875], "texture": "#0"}
			}
		},
		{
			"from": [1.999, 8.999, 1.999],
			"to": [14.001, 12.001, 4.001],
			"rotation": {"angle": 0, "axis": "y", "origin": [8, 0, 7]},
			"faces": {
				"north": {"uv": [0, 1.25, 1.5, 1.625], "texture": "#0"},
				"east": {"uv": [5.25, 4.5, 5.5, 4.875], "texture": "#0"},
				"south": {"uv": [3.875, 1.25, 5.375, 1.625], "texture": "#0"},
				"west": {"uv": [5.25, 4.875, 5.5, 5.25], "texture": "#0"},
				"up": {"uv": [4.5, 5.875, 3, 5.625], "texture": "#0"},
				"down": {"uv": [1.5, 5.875, 0, 6.125], "texture": "#0"}
			}
		},
		{
			"from": [1.999, 8.999, 11.999],
			"to": [14.001, 12.001, 14.001],
			"rotation": {"angle": 0, "axis": "y", "origin": [8, 0, 17]},
			"faces": {
				"north": {"uv": [5.25, 3.625, 6.75, 4], "texture": "#0"},
				"east": {"uv": [6.25, 6.25, 6.5, 6.625], "texture": "#0"},
				"south": {"uv": [5.25, 4, 6.75, 4.375], "texture": "#0"},
				"west": {"uv": [0.125, 6.375, 0.375, 6.75], "texture": "#0"},
				"up": {"uv": [3, 6.125, 1.5, 5.875], "texture": "#0"},
				"down": {"uv": [4.5, 5.875, 3, 6.125], "texture": "#0"}
			}
		},
		{
			"from": [2, 9, 3],
			"to": [4, 12, 13],
			"rotation": {"angle": 0, "axis": "y", "origin": [7, 0, 7]},
			"faces": {
				"north": {"uv": [0.375, 6.375, 0.625, 6.75], "texture": "#0"},
				"east": {"uv": [5.5, 1.75, 6.75, 2.125], "texture": "#0"},
				"south": {"uv": [0.625, 6.375, 0.875, 6.75], "texture": "#0"},
				"west": {"uv": [5.5, 2.125, 6.75, 2.5], "texture": "#0"},
				"up": {"uv": [4.75, 7.125, 4.5, 5.875], "texture": "#0"},
				"down": {"uv": [3.25, 6.125, 3, 7.375], "texture": "#0"}
			}
		},
		{
			"from": [4, 1, 12],
			"to": [12, 9, 13],
			"rotation": {"angle": 0, "axis": "y", "origin": [7, 1, 16]},
			"faces": {
				"north": {"uv": [2.5, 4.625, 3.5, 5.625], "texture": "#0"},
				"east": {"uv": [5.5, 6.25, 5.625, 7.25], "texture": "#0"},
				"south": {"uv": [3.5, 4.625, 4.5, 5.625], "texture": "#0"},
				"west": {"uv": [5.625, 6.25, 5.75, 7.25], "texture": "#0"},
				"up": {"uv": [7.125, 0.625, 6.125, 0.5], "texture": "#0"},
				"down": {"uv": [7.125, 0.625, 6.125, 0.75], "texture": "#0"}
			}
		},
		{
			"from": [4, 1, 3],
			"to": [12, 9, 4],
			"rotation": {"angle": 0, "axis": "y", "origin": [7, 1, 7]},
			"faces": {
				"north": {"uv": [5.125, 0, 6.125, 1], "texture": "#0"},
				"east": {"uv": [5.75, 6.25, 5.875, 7.25], "texture": "#0"},
				"south": {"uv": [5.25, 2.625, 6.25, 3.625], "texture": "#0"},
				"west": {"uv": [5.875, 6.25, 6, 7.25], "texture": "#0"},
				"up": {"uv": [7.125, 0.875, 6.125, 0.75], "texture": "#0"},
				"down": {"uv": [7.125, 0.875, 6.125, 1], "texture": "#0"}
			}
		},
		{
			"from": [12, 1, 3],
			"to": [13, 9, 13],
			"rotation": {"angle": 0, "axis": "y", "origin": [16, 1, 7]},
			"faces": {
				"north": {"uv": [6, 6.25, 6.125, 7.25], "texture": "#0"},
				"east": {"uv": [0, 4.625, 1.25, 5.625], "texture": "#0"},
				"south": {"uv": [6.125, 6.25, 6.25, 7.25], "texture": "#0"},
				"west": {"uv": [1.25, 4.625, 2.5, 5.625], "texture": "#0"},
				"up": {"uv": [4.5, 7.375, 4.375, 6.125], "texture": "#0"},
				"down": {"uv": [4.875, 6.25, 4.75, 7.5], "texture": "#0"}
			}
		},
		{
			"from": [4, 2, 4],
			"to": [12, 10, 12],
			"rotation": {"angle": 0, "axis": "y", "origin": [6, 2, 7]},
			"faces": {
				"north": {"uv": [1, 3.625, 2, 4.625], "texture": "#0"},
				"east": {"uv": [0, 3.625, 1, 4.625], "texture": "#0"},
				"south": {"uv": [3, 3.625, 4, 4.625], "texture": "#0"},
				"west": {"uv": [2, 3.625, 3, 4.625], "texture": "#0"},
				"up": {"uv": [2, 3.625, 1, 2.625], "texture": "#0"},
				"down": {"uv": [3, 2.625, 2, 3.625], "texture": "#0"}
			}
		}
	],
	"gui_light": "front",
	"display": {
		"thirdperson_righthand": {
			"rotation": [66.5, 0, 0],
			"translation": [0, -3, -5],
			"scale": [0.5, 0.5, 0.5]
		},
		"thirdperson_lefthand": {
			"rotation": [66.5, 0, 0],
			"translation": [0, -3, -5],
			"scale": [0.5, 0.5, 0.5]
		},
		"firstperson_righthand": {
			"rotation": [-157.46, 46.84, 163.91],
			"translation": [1.5, 1.25, 0],
			"scale": [0.5, 0.5, 0.5]
		},
		"firstperson_lefthand": {
			"rotation": [-157.46, 46.84, 163.91],
			"translation": [1.5, 1.25, 0],
			"scale": [0.5, 0.5, 0.5]
		},
		"ground": {
			"translation": [0, 3, 0],
			"scale": [0.7, 0.7, 0.7]
		},
		"gui": {
			"rotation": [-163, -13.5, -180],
			"translation": [0, -1, 0],
			"scale": [0.7, 0.7, 0.7]
		},
		"head": {
			"translation": [0, 14, 0]
		},
		"fixed": {
			"rotation": [-90, 0, 0],
			"translation": [0, 0, -11.75],
			"scale": [1.7, 1.7, 1.7]
		}
	},
	"groups": [
		{
			"name": "grem_bucket",
			"origin": [8, 8, 8],
			"color": 0,
			"children": [
				{
					"name": "grem",
					"origin": [8, 0, 8],
					"color": 0,
					"children": [
						{
							"name": "body",
							"origin": [8, 0, 8],
							"color": 0,
							"children": [
								0,
								{
									"name": "head",
									"origin": [8, 1.8, 6.40583],
									"color": 0,
									"children": [
										1,
										{
											"name": "face",
											"origin": [8.15, 0.96, 6.77513],
											"color": 0,
											"children": [
												{
													"name": "normal_face",
													"origin": [8.15, 0.96, 6.77513],
													"color": 0,
													"children": [2]
												},
												{
													"name": "sleeping face",
													"origin": [8.15, 0.96, 7.07513],
													"color": 0,
													"children": [3]
												}
											]
										}
									]
								}
							]
						},
						{
							"name": "LEGS",
							"origin": [8, 0, 8],
							"color": 0,
							"children": [
								{
									"name": "leg",
									"origin": [7.25, 0.75, 6.65],
									"color": 0,
									"children": [4]
								},
								{
									"name": "leg2",
									"origin": [8.75, 0.75, 6.65],
									"color": 0,
									"children": [5]
								},
								{
									"name": "leg3",
									"origin": [7.25, 0.75, 9.5],
									"color": 0,
									"children": [6]
								},
								{
									"name": "leg4",
									"origin": [8.75, 0.75, 9.5],
									"color": 0,
									"children": [7]
								}
							]
						}
					]
				},
				{
					"name": "handle",
					"origin": [8, 8, 8],
					"color": 0,
					"children": [
						8,
						9,
						10,
						{
							"name": "bucket",
							"origin": [8, 8, 8],
							"color": 0,
							"children": [11, 12, 13, 14, 15, 16, 17, 18, 19, 20]
						}
					]
				}
			]
		}
	]
}