{
	"credit": "Made with Blockbench",
	"texture_size": [128, 128],
	"textures": {
		"1": "holocraft:item/jess_grem_bucket"
	},
	"elements": [
		{
			"from": [12.999, 10.999, 6.999],
			"to": [14.001, 20.001, 9.001],
			"rotation": {"angle": 0, "axis": "y", "origin": [2, 13, 7]},
			"faces": {
				"north": {"uv": [0.875, 2.125, 1, 3.25], "texture": "#1"},
				"east": {"uv": [5, 2.5, 5.25, 3.625], "texture": "#1"},
				"south": {"uv": [5.375, 0, 5.5, 1.125], "texture": "#1"},
				"west": {"uv": [0.5, 6.625, 0.75, 7.75], "texture": "#1"},
				"up": {"uv": [0.125, 0.875, 0, 0.625], "texture": "#1"},
				"down": {"uv": [0.125, 0.875, 0, 1.125], "texture": "#1"}
			}
		},
		{
			"from": [1.999, 10.999, 6.999],
			"to": [3.001, 20.001, 9.001],
			"rotation": {"angle": 0, "axis": "y", "origin": [-9, 13, 7]},
			"faces": {
				"north": {"uv": [1.625, 6.625, 1.75, 7.75], "texture": "#1"},
				"east": {"uv": [0.75, 6.625, 1, 7.75], "texture": "#1"},
				"south": {"uv": [1.75, 6.625, 1.875, 7.75], "texture": "#1"},
				"west": {"uv": [1, 6.625, 1.25, 7.75], "texture": "#1"},
				"up": {"uv": [0.875, 2.375, 0.75, 2.125], "texture": "#1"},
				"down": {"uv": [0.875, 2.375, 0.75, 2.625], "texture": "#1"}
			}
		},
		{
			"from": [2, 19, 7],
			"to": [14, 20, 9],
			"rotation": {"angle": 0, "axis": "y", "origin": [-9, 13, 7]},
			"faces": {
				"north": {"uv": [3.875, 2, 5.375, 2.125], "texture": "#1"},
				"east": {"uv": [0.875, 0, 1.125, 0.125], "texture": "#1"},
				"south": {"uv": [3.25, 5.375, 4.75, 5.5], "texture": "#1"},
				"west": {"uv": [2, 2, 2.25, 2.125], "texture": "#1"},
				"up": {"uv": [3.5, 2.375, 2, 2.125], "texture": "#1"},
				"down": {"uv": [3, 5, 1.5, 5.25], "texture": "#1"}
			}
		},
		{
			"from": [3, 0, 3],
			"to": [13, 1, 13],
			"rotation": {"angle": 0, "axis": "y", "origin": [7, 0, 7]},
			"faces": {
				"north": {"uv": [4.125, 0.375, 5.375, 0.5], "texture": "#1"},
				"east": {"uv": [4.125, 0.5, 5.375, 0.625], "texture": "#1"},
				"south": {"uv": [5.125, 1.5, 6.375, 1.625], "texture": "#1"},
				"west": {"uv": [6.5, 2.125, 7.75, 2.25], "texture": "#1"},
				"up": {"uv": [4.5, 4.375, 3.25, 3.125], "texture": "#1"},
				"down": {"uv": [2.75, 3.75, 1.5, 5], "texture": "#1"}
			}
		},
		{
			"from": [3, 1, 3],
			"to": [4, 9, 13],
			"rotation": {"angle": 0, "axis": "y", "origin": [7, 1, 7]},
			"faces": {
				"north": {"uv": [1.25, 4, 1.375, 5], "texture": "#1"},
				"east": {"uv": [3.75, 2.125, 5, 3.125], "texture": "#1"},
				"south": {"uv": [1.375, 4, 1.5, 5], "texture": "#1"},
				"west": {"uv": [3.875, 0.625, 5.125, 1.625], "texture": "#1"},
				"up": {"uv": [1.125, 2.375, 1, 1.125], "texture": "#1"},
				"down": {"uv": [1.375, 6.625, 1.25, 7.875], "texture": "#1"}
			}
		},
		{
			"from": [12, 9, 3],
			"to": [14, 12, 13],
			"rotation": {"angle": 0, "axis": "y", "origin": [17, 0, 7]},
			"faces": {
				"north": {"uv": [0, 2.125, 0.25, 2.5], "texture": "#1"},
				"east": {"uv": [4.125, 0, 5.375, 0.375], "texture": "#1"},
				"south": {"uv": [0.25, 2.125, 0.5, 2.5], "texture": "#1"},
				"west": {"uv": [5.125, 1.125, 6.375, 1.5], "texture": "#1"},
				"up": {"uv": [3, 5, 2.75, 3.75], "texture": "#1"},
				"down": {"uv": [3.25, 3.75, 3, 5], "texture": "#1"}
			}
		},
		{
			"from": [1.999, 8.999, 1.999],
			"to": [14.001, 12.001, 4.001],
			"rotation": {"angle": 0, "axis": "y", "origin": [8, 0, 7]},
			"faces": {
				"north": {"uv": [4.5, 4.625, 6, 5], "texture": "#1"},
				"east": {"uv": [0.5, 2.125, 0.75, 2.5], "texture": "#1"},
				"south": {"uv": [4.75, 1.625, 6.25, 2], "texture": "#1"},
				"west": {"uv": [0, 2.5, 0.25, 2.875], "texture": "#1"},
				"up": {"uv": [7.5, 4.75, 6, 4.5], "texture": "#1"},
				"down": {"uv": [7.5, 4.75, 6, 5], "texture": "#1"}
			}
		},
		{
			"from": [1.999, 8.999, 11.999],
			"to": [14.001, 12.001, 14.001],
			"rotation": {"angle": 0, "axis": "y", "origin": [8, 0, 17]},
			"faces": {
				"north": {"uv": [5, 2.125, 6.5, 2.5], "texture": "#1"},
				"east": {"uv": [0.25, 2.5, 0.5, 2.875], "texture": "#1"},
				"south": {"uv": [5.25, 5, 6.75, 5.375], "texture": "#1"},
				"west": {"uv": [0.5, 2.5, 0.75, 2.875], "texture": "#1"},
				"up": {"uv": [1.5, 6.625, 0, 6.375], "texture": "#1"},
				"down": {"uv": [3, 6.375, 1.5, 6.625], "texture": "#1"}
			}
		},
		{
			"from": [2, 9, 3],
			"to": [4, 12, 13],
			"rotation": {"angle": 0, "axis": "y", "origin": [7, 0, 7]},
			"faces": {
				"north": {"uv": [1.5, 3.25, 1.75, 3.625], "texture": "#1"},
				"east": {"uv": [5.5, 3.75, 6.75, 4.125], "texture": "#1"},
				"south": {"uv": [0, 3.625, 0.25, 4], "texture": "#1"},
				"west": {"uv": [5.5, 4.125, 6.75, 4.5], "texture": "#1"},
				"up": {"uv": [0.25, 7.875, 0, 6.625], "texture": "#1"},
				"down": {"uv": [0.5, 6.625, 0.25, 7.875], "texture": "#1"}
			}
		},
		{
			"from": [4, 1, 12],
			"to": [12, 9, 13],
			"rotation": {"angle": 0, "axis": "y", "origin": [7, 1, 16]},
			"faces": {
				"north": {"uv": [0.125, 0.125, 1.125, 1.125], "texture": "#1"},
				"east": {"uv": [1.875, 6.625, 2, 7.625], "texture": "#1"},
				"south": {"uv": [0, 1.125, 1, 2.125], "texture": "#1"},
				"west": {"uv": [2, 6.625, 2.125, 7.625], "texture": "#1"},
				"up": {"uv": [3, 1.625, 2, 1.5], "texture": "#1"},
				"down": {"uv": [3, 1.625, 2, 1.75], "texture": "#1"}
			}
		},
		{
			"from": [4, 1, 3],
			"to": [12, 9, 4],
			"rotation": {"angle": 0, "axis": "y", "origin": [7, 1, 7]},
			"faces": {
				"north": {"uv": [4.5, 3.625, 5.5, 4.625], "texture": "#1"},
				"east": {"uv": [2.125, 6.625, 2.25, 7.625], "texture": "#1"},
				"south": {"uv": [0.5, 5, 1.5, 6], "texture": "#1"},
				"west": {"uv": [2.25, 6.625, 2.375, 7.625], "texture": "#1"},
				"up": {"uv": [3, 1.875, 2, 1.75], "texture": "#1"},
				"down": {"uv": [3, 1.875, 2, 2], "texture": "#1"}
			}
		},
		{
			"from": [12, 1, 3],
			"to": [13, 9, 13],
			"rotation": {"angle": 0, "axis": "y", "origin": [16, 1, 7]},
			"faces": {
				"north": {"uv": [2.375, 6.625, 2.5, 7.625], "texture": "#1"},
				"east": {"uv": [0, 4, 1.25, 5], "texture": "#1"},
				"south": {"uv": [2.5, 6.625, 2.625, 7.625], "texture": "#1"},
				"west": {"uv": [3.25, 4.375, 4.5, 5.375], "texture": "#1"},
				"up": {"uv": [1.5, 7.875, 1.375, 6.625], "texture": "#1"},
				"down": {"uv": [1.625, 6.625, 1.5, 7.875], "texture": "#1"}
			}
		},
		{
			"from": [4, 2, 4],
			"to": [12, 10, 12],
			"rotation": {"angle": 0, "axis": "y", "origin": [6, 2, 7]},
			"faces": {
				"north": {"uv": [4, 7.125, 5, 8.125], "texture": "#1"},
				"east": {"uv": [3, 7.125, 4, 8.125], "texture": "#1"},
				"south": {"uv": [6, 7.125, 7, 8.125], "texture": "#1"},
				"west": {"uv": [5, 7.125, 6, 8.125], "texture": "#1"},
				"up": {"uv": [5, 7.125, 4, 6.125], "texture": "#1"},
				"down": {"uv": [6, 6.125, 5, 7.125], "texture": "#1"}
			}
		},
		{
			"name": "hhead",
			"from": [5.3006, 14.35139, 3.77878],
			"to": [10.6994, 17.95019, 8.57478],
			"rotation": {"angle": -45, "axis": "x", "origin": [8, 13.60245, 5.97678]},
			"faces": {
				"north": {"uv": [2.746, 3.129, 1.879, 3.746], "rotation": 180, "texture": "#1"},
				"east": {"uv": [3.254, 0.629, 3.871, 1.371], "rotation": 270, "texture": "#1"},
				"south": {"uv": [3.871, 2.121, 3.004, 1.504], "texture": "#1"},
				"west": {"uv": [0.879, 3.254, 1.496, 3.996], "rotation": 90, "texture": "#1"},
				"up": {"uv": [2.004, 2.379, 2.871, 3.121], "rotation": 180, "texture": "#1"},
				"down": {"uv": [1.004, 2.504, 1.871, 3.246], "texture": "#1"}
			}
		},
		{
			"name": "normal_face",
			"from": [5.06, 18.01219, 4.19678],
			"to": [10.94, 18.01219, 8.39678],
			"rotation": {"angle": -45, "axis": "x", "origin": [8, 13.60245, 5.97678]},
			"faces": {
				"north": {"uv": [0.871, 0.004, 0.004, 0.004], "rotation": 180, "texture": "#1"},
				"east": {"uv": [0.004, 0.004, 0.004, 0.621], "rotation": 270, "texture": "#1"},
				"south": {"uv": [0.871, 0.004, 0.004, 0.004], "texture": "#1"},
				"west": {"uv": [0.004, 0.004, 0.004, 0.621], "rotation": 90, "texture": "#1"},
				"up": {"uv": [5.504, 0.004, 7.121, 1.121], "rotation": 180, "texture": "#1"},
				"down": {"uv": [3.254, 0.004, 4.121, 0.621], "texture": "#1"}
			}
		},
		{
			"name": "normal_face2",
			"from": [6.744, 18.00634, 3.82478],
			"to": [9.256, 18.00634, 5.30478],
			"rotation": {"angle": -45, "axis": "x", "origin": [8, 13.60245, 5.97678]},
			"faces": {
				"north": {"uv": [4.746, 5.504, 3.879, 5.504], "rotation": 180, "texture": "#1"},
				"east": {"uv": [3.004, 5.504, 3.004, 6.121], "rotation": 270, "texture": "#1"},
				"south": {"uv": [3.871, 5.504, 3.004, 5.504], "texture": "#1"},
				"west": {"uv": [3.879, 5.504, 3.879, 6.121], "rotation": 90, "texture": "#1"},
				"up": {"uv": [3.004, 5.504, 3.871, 6.121], "rotation": 180, "texture": "#1"},
				"down": {"uv": [3.879, 5.504, 4.746, 6.121], "texture": "#1"}
			}
		},
		{
			"name": "hat",
			"from": [6.4, 14.60245, 8.09678],
			"to": [9.6, 17.80245, 10.49678],
			"rotation": {"angle": -45, "axis": "x", "origin": [8, 13.60245, 5.97678]},
			"faces": {
				"north": {"uv": [2.5, 5.5, 2, 6], "rotation": 180, "texture": "#1"},
				"east": {"uv": [1, 6, 1.5, 6.375], "rotation": 270, "texture": "#1"},
				"south": {"uv": [2, 6, 1.5, 5.5], "texture": "#1"},
				"west": {"uv": [2, 6, 2.5, 6.375], "rotation": 90, "texture": "#1"},
				"up": {"uv": [1.5, 6, 2, 6.375], "rotation": 180, "texture": "#1"},
				"down": {"uv": [2.5, 6, 3, 6.375], "texture": "#1"}
			}
		},
		{
			"name": "hat",
			"from": [7.808, 16.01045, 9.84078],
			"to": [8.192, 16.39445, 10.86478],
			"rotation": {"angle": -45, "axis": "x", "origin": [8, 13.60245, 5.97678]},
			"faces": {
				"north": {"uv": [3.121, 3.129, 3.004, 3.246], "rotation": 180, "texture": "#1"},
				"east": {"uv": [2.754, 3.254, 2.871, 3.496], "rotation": 270, "texture": "#1"},
				"south": {"uv": [2.996, 3.246, 2.879, 3.129], "texture": "#1"},
				"west": {"uv": [3.004, 3.254, 3.121, 3.496], "rotation": 90, "texture": "#1"},
				"up": {"uv": [2.879, 3.254, 2.996, 3.496], "rotation": 180, "texture": "#1"},
				"down": {"uv": [3.129, 3.254, 3.246, 3.496], "texture": "#1"}
			}
		},
		{
			"name": "hat",
			"from": [7.744, 15.94645, 10.86478],
			"to": [8.256, 16.45845, 11.37678],
			"rotation": {"angle": -45, "axis": "x", "origin": [8, 13.60245, 5.97678]},
			"faces": {
				"north": {"uv": [3.121, 3.504, 3.004, 3.621], "rotation": 180, "texture": "#1"},
				"east": {"uv": [2.754, 3.629, 2.871, 3.746], "rotation": 270, "texture": "#1"},
				"south": {"uv": [2.996, 3.621, 2.879, 3.504], "texture": "#1"},
				"west": {"uv": [3.004, 3.629, 3.121, 3.746], "rotation": 90, "texture": "#1"},
				"up": {"uv": [2.879, 3.629, 2.996, 3.746], "rotation": 180, "texture": "#1"},
				"down": {"uv": [3.129, 3.629, 3.246, 3.746], "texture": "#1"}
			}
		},
		{
			"name": "hat",
			"from": [6.08, 15.62645, 10.87758],
			"to": [9.92, 16.77845, 10.87758],
			"rotation": {"angle": -45, "axis": "x", "origin": [8, 13.60245, 5.97678]},
			"faces": {
				"north": {"uv": [7.496, 2.504, 6.629, 2.871], "rotation": 180, "texture": "#1"},
				"east": {"uv": [5.379, 2.879, 5.746, 2.879], "rotation": 270, "texture": "#1"},
				"south": {"uv": [6.621, 2.871, 5.754, 2.504], "texture": "#1"},
				"west": {"uv": [6.629, 2.879, 6.996, 2.879], "rotation": 90, "texture": "#1"},
				"up": {"uv": [5.754, 2.879, 6.621, 2.879], "rotation": 180, "texture": "#1"},
				"down": {"uv": [7.004, 2.879, 7.871, 2.879], "texture": "#1"}
			}
		},
		{
			"name": "hat",
			"from": [6.4, 14.60245, 8.57678],
			"to": [9.6, 19.40245, 8.57678],
			"rotation": {"angle": -45, "axis": "x", "origin": [8, 13.60245, 5.97678]},
			"faces": {
				"north": {"uv": [6.5, 5.375, 6, 6.125], "rotation": 180, "texture": "#1"},
				"east": {"uv": [4.75, 6.125, 5.5, 6.125], "rotation": 270, "texture": "#1"},
				"south": {"uv": [6, 6.125, 5.5, 5.375], "texture": "#1"},
				"west": {"uv": [6, 6.125, 6.75, 6.125], "rotation": 90, "texture": "#1"},
				"up": {"uv": [5.5, 6.125, 6, 6.125], "rotation": 180, "texture": "#1"},
				"down": {"uv": [6.75, 6.125, 7.25, 6.125], "texture": "#1"}
			}
		},
		{
			"name": "boddy",
			"from": [5.3, 5.4, 4.6],
			"to": [10.7, 13.4, 9.4],
			"rotation": {"angle": -22.5, "axis": "x", "origin": [8, 9.4, 1.8]},
			"faces": {
				"north": {"uv": [1.996, 1.254, 1.129, 2.496], "rotation": 180, "texture": "#1"},
				"east": {"uv": [2.004, 0.004, 3.246, 0.746], "rotation": 270, "texture": "#1"},
				"south": {"uv": [1.996, 1.246, 1.129, 0.004], "texture": "#1"},
				"west": {"uv": [2.004, 0.754, 3.246, 1.496], "rotation": 90, "texture": "#1"},
				"up": {"uv": [0.004, 2.879, 0.871, 3.621], "rotation": 180, "texture": "#1"},
				"down": {"uv": [2.879, 2.379, 3.746, 3.121], "texture": "#1"}
			}
		},
		{
			"name": "legg4",
			"from": [4.906, 12.006, 2.206],
			"to": [6.694, 13.794, 3.994],
			"rotation": {"angle": 22.5, "axis": "y", "origin": [5.8, 12.9, 3.1]},
			"faces": {
				"north": {"uv": [3.504, 2.129, 3.746, 2.371], "texture": "#1"},
				"east": {"uv": [4.504, 1.629, 4.746, 1.871], "texture": "#1"},
				"south": {"uv": [4.754, 5.129, 4.996, 5.371], "texture": "#1"},
				"west": {"uv": [5.004, 5.129, 5.246, 5.371], "texture": "#1"},
				"up": {"uv": [0.246, 5.496, 0.004, 5.254], "texture": "#1"},
				"down": {"uv": [0.496, 5.254, 0.254, 5.496], "texture": "#1"}
			}
		},
		{
			"name": "bone3",
			"from": [5.44569, 10.87431, 2.84],
			"to": [5.76569, 15.19431, 3.16],
			"rotation": {"angle": 45, "axis": "z", "origin": [4.992, 13, 2.998]},
			"faces": {
				"north": {"uv": [6.496, 2.879, 6.379, 3.621], "rotation": 180, "texture": "#1"},
				"east": {"uv": [5.504, 3.629, 6.246, 3.746], "rotation": 270, "texture": "#1"},
				"south": {"uv": [6.371, 3.621, 6.254, 2.879], "texture": "#1"},
				"west": {"uv": [6.379, 3.629, 7.121, 3.746], "rotation": 90, "texture": "#1"},
				"up": {"uv": [6.254, 3.629, 6.371, 3.746], "rotation": 180, "texture": "#1"},
				"down": {"uv": [7.129, 3.629, 7.246, 3.746], "texture": "#1"}
			}
		},
		{
			"name": "bone3",
			"from": [4.05369, 14.37831, 2.788],
			"to": [6.96569, 17.29031, 3.204],
			"rotation": {"angle": 45, "axis": "z", "origin": [4.992, 13, 2.998]},
			"faces": {
				"north": {"uv": [8.121, 1.129, 7.254, 1.996], "rotation": 180, "texture": "#1"},
				"east": {"uv": [5.504, 2.004, 6.371, 2.121], "rotation": 270, "texture": "#1"},
				"south": {"uv": [7.246, 1.996, 6.379, 1.129], "texture": "#1"},
				"west": {"uv": [7.254, 2.004, 8.121, 2.121], "rotation": 90, "texture": "#1"},
				"up": {"uv": [6.379, 2.004, 7.246, 2.121], "rotation": 180, "texture": "#1"},
				"down": {"uv": [8.129, 2.004, 8.996, 2.121], "texture": "#1"}
			}
		},
		{
			"name": "legg3",
			"from": [9.306, 12.006, 2.206],
			"to": [11.094, 13.794, 3.994],
			"rotation": {"angle": -22.5, "axis": "y", "origin": [10.2, 12.9, 3.1]},
			"faces": {
				"north": {"uv": [2.504, 5.254, 2.746, 5.496], "texture": "#1"},
				"east": {"uv": [2.754, 5.254, 2.996, 5.496], "texture": "#1"},
				"south": {"uv": [5.254, 2.879, 5.496, 3.121], "texture": "#1"},
				"west": {"uv": [3.004, 5.254, 3.246, 5.496], "texture": "#1"},
				"up": {"uv": [5.496, 3.371, 5.254, 3.129], "texture": "#1"},
				"down": {"uv": [5.496, 3.379, 5.254, 3.621], "texture": "#1"}
			}
		}
	],
	"gui_light": "front",
	"display": {
		"thirdperson_righthand": {
			"rotation": [66.5, 0, 0],
			"translation": [0, -3, -5],
			"scale": [0.5, 0.5, 0.5]
		},
		"thirdperson_lefthand": {
			"rotation": [66.5, 0, 0],
			"translation": [0, -3, -5],
			"scale": [0.5, 0.5, 0.5]
		},
		"firstperson_righthand": {
			"rotation": [-157.46, 46.84, 163.91],
			"translation": [1.5, 1.25, 0],
			"scale": [0.5, 0.5, 0.5]
		},
		"firstperson_lefthand": {
			"rotation": [-157.46, 46.84, 163.91],
			"translation": [1.5, 1.25, 0],
			"scale": [0.5, 0.5, 0.5]
		},
		"ground": {
			"translation": [0, 3, 0],
			"scale": [0.7, 0.7, 0.7]
		},
		"gui": {
			"rotation": [-163, -13.5, -180],
			"translation": [0, -1, 0],
			"scale": [0.7, 0.7, 0.7]
		},
		"head": {
			"translation": [0, 14, 0]
		},
		"fixed": {
			"rotation": [-90, 0, 0],
			"translation": [0, 0, -11.75],
			"scale": [1.7, 1.7, 1.7]
		}
	},
	"groups": [
		{
			"name": "grem_bucket",
			"origin": [8, 8, 8],
			"color": 0,
			"children": [
				{
					"name": "handle",
					"origin": [8, 8, 8],
					"color": 0,
					"children": [
						0,
						1,
						2,
						{
							"name": "bucket",
							"origin": [8, 8, 8],
							"color": 0,
							"children": [3, 4, 5, 6, 7, 8, 9, 10, 11, 12]
						}
					]
				}
			]
		},
		{
			"name": "jess",
			"origin": [0, 6, -5],
			"color": 0,
			"children": [
				{
					"name": "head",
					"origin": [0, 6, -5],
					"color": 0,
					"children": [
						{
							"name": "hhead",
							"origin": [0, 6.5, -5.68543],
							"color": 0,
							"children": [
								13,
								{
									"name": "face",
									"origin": [0.375, 4.4, -4.76218],
									"color": 0,
									"children": [
										{
											"name": "normal_face",
											"origin": [0.375, 4.4, -4.76218],
											"color": 0,
											"children": [14]
										},
										{
											"name": "normal_face2",
											"origin": [0.375, 4.4, -6.76218],
											"color": 0,
											"children": [15]
										}
									]
								}
							]
						},
						{
							"name": "hat",
							"origin": [0, 6, -5],
							"color": 0,
							"children": [16, 17, 18, 19, 20]
						}
					]
				},
				{
					"name": "body",
					"origin": [0, 6, 4],
					"color": 0,
					"children": [
						{
							"name": "boddy",
							"origin": [0, 2, -1],
							"color": 0,
							"children": [21]
						}
					]
				},
				{
					"name": "leg4",
					"origin": [-3.5, 5, -4],
					"color": 0,
					"children": [
						{
							"name": "legg4",
							"origin": [-3.375, 4.875, -4.375],
							"color": 0,
							"children": [22]
						},
						{
							"name": "bone3",
							"origin": [-3.76, 3.4975, -3.75],
							"rotation": [-167.68769, 66.72498, 81.96562],
							"color": 0,
							"children": [23, 24]
						}
					]
				},
				{
					"name": "leg3",
					"origin": [3.5, 5, -4],
					"color": 0,
					"children": [
						{
							"name": "legg3",
							"origin": [1.875, 1.875, -6.375],
							"color": 0,
							"children": [25]
						}
					]
				}
			]
		}
	]
}