{
	"credit": "Made with Blockbench",
	"texture_size": [64, 64],
	"textures": {
		"0": "holocraft:item/light_and_dark",
		"particle": "holocraft:item/light_and_dark"
	},
	"elements": [
		{
			"from": [2.5, 8.5, 7],
			"to": [5.5, 11.5, 9],
			"rotation": {"angle": 0, "axis": "y", "origin": [4.5, 9.5, 7]},
			"faces": {
				"north": {"uv": [3.742, 3.008, 3.008, 3.742], "texture": "#0"},
				"east": {"uv": [3.242, 3.758, 2.758, 4.492], "texture": "#0"},
				"south": {"uv": [2.242, 3.508, 1.508, 4.242], "texture": "#0"},
				"west": {"uv": [2.742, 3.508, 2.258, 4.242], "texture": "#0"},
				"up": {"uv": [3.758, 3.492, 4.492, 3.008], "texture": "#0"},
				"down": {"uv": [3.258, 3.758, 3.992, 4.242], "texture": "#0"}
			}
		},
		{
			"from": [3.2, 7.2, 7.2],
			"to": [4.8, 12.8, 8.8],
			"rotation": {"angle": 0, "axis": "y", "origin": [5, 9, 7]},
			"faces": {
				"north": {"uv": [2.492, 1.508, 2.008, 2.992], "texture": "#0"},
				"east": {"uv": [1.492, 2.508, 1.008, 3.992], "texture": "#0"},
				"south": {"uv": [0.992, 2.508, 0.508, 3.992], "texture": "#0"},
				"west": {"uv": [0.492, 2.508, 0.008, 3.992], "texture": "#0"},
				"up": {"uv": [1.508, 2.992, 1.992, 2.508], "texture": "#0"},
				"down": {"uv": [0.008, 4.008, 0.492, 4.492], "texture": "#0"}
			}
		},
		{
			"from": [3.5, 6.5, 7.5],
			"to": [4.5, 13.5, 8.5],
			"rotation": {"angle": 0, "axis": "y", "origin": [5, 9, 7]},
			"faces": {
				"north": {"uv": [0.492, 0.008, 0.008, 1.992], "texture": "#0"},
				"east": {"uv": [1.992, 0.008, 1.508, 1.992], "texture": "#0"},
				"south": {"uv": [1.492, 0.008, 1.008, 1.992], "texture": "#0"},
				"west": {"uv": [0.992, 0.008, 0.508, 1.992], "texture": "#0"},
				"up": {"uv": [4.008, 0.492, 4.492, 0.008], "texture": "#0"},
				"down": {"uv": [0.508, 4.008, 0.992, 4.492], "texture": "#0"}
			}
		},
		{
			"from": [1.2, 9.2, 7.2],
			"to": [6.8, 10.8, 8.8],
			"rotation": {"angle": 0, "axis": "y", "origin": [5, 9, 7]},
			"faces": {
				"north": {"uv": [3.992, 1.508, 2.508, 1.992], "texture": "#0"},
				"east": {"uv": [1.492, 4.008, 1.008, 4.492], "texture": "#0"},
				"south": {"uv": [3.992, 2.008, 2.508, 2.492], "texture": "#0"},
				"west": {"uv": [4.492, 0.508, 4.008, 0.992], "texture": "#0"},
				"up": {"uv": [2.508, 2.992, 3.992, 2.508], "texture": "#0"},
				"down": {"uv": [1.508, 3.008, 2.992, 3.492], "texture": "#0"}
			}
		},
		{
			"from": [0.5, 9.5, 7.5],
			"to": [7.5, 10.5, 8.5],
			"rotation": {"angle": 0, "axis": "y", "origin": [5, 9, 7]},
			"faces": {
				"north": {"uv": [1.992, 2.008, 0.008, 2.492], "texture": "#0"},
				"east": {"uv": [4.492, 1.508, 4.008, 1.992], "texture": "#0"},
				"south": {"uv": [3.992, 0.008, 2.008, 0.492], "texture": "#0"},
				"west": {"uv": [4.492, 1.008, 4.008, 1.492], "texture": "#0"},
				"up": {"uv": [2.008, 0.992, 3.992, 0.508], "texture": "#0"},
				"down": {"uv": [2.008, 1.008, 3.992, 1.492], "texture": "#0"}
			}
		},
		{
			"from": [10.5, 2.5, 7],
			"to": [13.5, 5.5, 9],
			"rotation": {"angle": 0, "axis": "y", "origin": [11.5, 3.5, 7]},
			"faces": {
				"north": {"uv": [2.5, 5, 3.25, 5.75], "texture": "#0"},
				"east": {"uv": [2, 5, 2.5, 5.75], "texture": "#0"},
				"south": {"uv": [3.75, 5, 4.5, 5.75], "texture": "#0"},
				"west": {"uv": [3.25, 5, 3.75, 5.75], "texture": "#0"},
				"up": {"uv": [3.25, 5, 2.5, 4.5], "texture": "#0"},
				"down": {"uv": [4, 4.5, 3.25, 5], "texture": "#0"}
			}
		},
		{
			"from": [11.2, 1.2, 7.2],
			"to": [12.8, 6.8, 8.8],
			"rotation": {"angle": 0, "axis": "y", "origin": [11, 3, 7]},
			"faces": {
				"north": {"uv": [5, 0.5, 5.5, 2], "texture": "#0"},
				"east": {"uv": [4.5, 0.5, 5, 2], "texture": "#0"},
				"south": {"uv": [6, 0.5, 6.5, 2], "texture": "#0"},
				"west": {"uv": [5.5, 0.5, 6, 2], "texture": "#0"},
				"up": {"uv": [5.5, 0.5, 5, 0], "texture": "#0"},
				"down": {"uv": [6, 0, 5.5, 0.5], "texture": "#0"}
			}
		},
		{
			"from": [11.5, 0.5, 7.5],
			"to": [12.5, 7.5, 8.5],
			"rotation": {"angle": 0, "axis": "y", "origin": [11, 3, 7]},
			"faces": {
				"north": {"uv": [0.5, 5, 1, 7], "texture": "#0"},
				"east": {"uv": [0, 5, 0.5, 7], "texture": "#0"},
				"south": {"uv": [1.5, 5, 2, 7], "texture": "#0"},
				"west": {"uv": [1, 5, 1.5, 7], "texture": "#0"},
				"up": {"uv": [1, 5, 0.5, 4.5], "texture": "#0"},
				"down": {"uv": [1.5, 4.5, 1, 5], "texture": "#0"}
			}
		},
		{
			"from": [9.2, 3.2, 7.2],
			"to": [14.8, 4.8, 8.8],
			"rotation": {"angle": 0, "axis": "y", "origin": [11, 3, 7]},
			"faces": {
				"north": {"uv": [4.5, 4, 6, 4.5], "texture": "#0"},
				"east": {"uv": [4, 4, 4.5, 4.5], "texture": "#0"},
				"south": {"uv": [6.5, 4, 8, 4.5], "texture": "#0"},
				"west": {"uv": [6, 4, 6.5, 4.5], "texture": "#0"},
				"up": {"uv": [6, 4, 4.5, 3.5], "texture": "#0"},
				"down": {"uv": [7.5, 3.5, 6, 4], "texture": "#0"}
			}
		},
		{
			"from": [8.5, 3.5, 7.5],
			"to": [15.5, 4.5, 8.5],
			"rotation": {"angle": 0, "axis": "y", "origin": [11, 3, 7]},
			"faces": {
				"north": {"uv": [4.5, 2.5, 6.5, 3], "texture": "#0"},
				"east": {"uv": [4, 2.5, 4.5, 3], "texture": "#0"},
				"south": {"uv": [7, 2.5, 9, 3], "texture": "#0"},
				"west": {"uv": [6.5, 2.5, 7, 3], "texture": "#0"},
				"up": {"uv": [6.5, 2.5, 4.5, 2], "texture": "#0"},
				"down": {"uv": [8.5, 2, 6.5, 2.5], "texture": "#0"}
			}
		}
	],
	"gui_light": "front",
	"display": {
		"thirdperson_righthand": {
			"rotation": [65.5, 0, 0],
			"translation": [0, 4.5, 2.25],
			"scale": [0.5, 0.5, 0.5]
		},
		"thirdperson_lefthand": {
			"rotation": [65.5, 0, 0],
			"translation": [0, 4.5, 2.25],
			"scale": [0.5, 0.5, 0.5]
		},
		"firstperson_righthand": {
			"rotation": [0, -10.25, 0],
			"translation": [0, 4.75, 0],
			"scale": [0.5, 0.5, 0.5]
		},
		"firstperson_lefthand": {
			"rotation": [0, -10.25, 0],
			"translation": [0, 4.75, 0],
			"scale": [0.5, 0.5, 0.5]
		},
		"ground": {
			"translation": [0, 2.5, 0],
			"scale": [0.5, 0.5, 0.5]
		},
		"gui": {
			"rotation": [0, 180, 0],
			"translation": [0, 1.25, 0]
		},
		"head": {
			"translation": [0, 16, 0]
		},
		"fixed": {
			"translation": [0, 1.25, 0]
		}
	},
	"groups": [
		{
			"name": "light",
			"origin": [8, 8, 8],
			"color": 0,
			"children": [0, 1, 2, 3, 4]
		},
		{
			"name": "dark",
			"origin": [8, 8, 8],
			"color": 0,
			"children": [5, 6, 7, 8, 9]
		}
	]
}