{
	"credit": "Made with Blockbench",
	"texture_size": [32, 32],
	"textures": {
		"0": "holocraft:item/moom_dagger_sheathed",
		"particle": "holocraft:item/moom_dagger_sheathed"
	},
	"elements": [
		{
			"from": [6.6, 8, 7.69],
			"to": [9.4, 17.4, 8.31],
			"rotation": {"angle": 0, "axis": "y", "origin": [8, 8, 7.65]},
			"faces": {
				"north": {"uv": [2.016, 6.516, 3.484, 10.984], "texture": "#0"},
				"east": {"uv": [9.016, 2.016, 9.484, 6.484], "texture": "#0"},
				"south": {"uv": [3.516, 6.516, 4.984, 10.984], "texture": "#0"},
				"west": {"uv": [9.016, 6.516, 9.484, 10.984], "texture": "#0"},
				"up": {"uv": [14.484, 8.984, 13.016, 8.516], "texture": "#0"},
				"down": {"uv": [14.484, 9.016, 13.016, 9.484], "texture": "#0"}
			}
		},
		{
			"from": [7.00862, 16.4018, 7.6893],
			"to": [8.98752, 18.3807, 8.3107],
			"rotation": {"angle": 45, "axis": "z", "origin": [7.98932, 17.4, 8]},
			"faces": {
				"north": {"uv": [12.016, 0.516, 12.984, 1.484], "texture": "#0"},
				"east": {"uv": [13.516, 2.516, 13.984, 3.484], "texture": "#0"},
				"south": {"uv": [2.016, 12.016, 2.984, 12.984], "texture": "#0"},
				"west": {"uv": [7.016, 13.516, 7.484, 14.484], "texture": "#0"},
				"up": {"uv": [9.484, 11.484, 8.516, 11.016], "texture": "#0"},
				"down": {"uv": [8.484, 13.516, 7.516, 13.984], "texture": "#0"}
			}
		},
		{
			"from": [8.427, 7.307, 7.697],
			"to": [9.813, 9.393, 8.303],
			"rotation": {"angle": 22.5, "axis": "z", "origin": [9.12, 8.35, 8]},
			"faces": {
				"north": {"uv": [8.516, 13.516, 8.984, 14.484], "texture": "#0"},
				"east": {"uv": [9.016, 13.516, 9.484, 14.484], "texture": "#0"},
				"south": {"uv": [9.516, 13.516, 9.984, 14.484], "texture": "#0"},
				"west": {"uv": [13.516, 9.516, 13.984, 10.484], "texture": "#0"},
				"up": {"uv": [14.484, 9.984, 14.016, 9.516], "texture": "#0"},
				"down": {"uv": [14.484, 10.016, 14.016, 10.484], "texture": "#0"}
			}
		},
		{
			"from": [6.187, 7.307, 7.697],
			"to": [7.573, 9.393, 8.303],
			"rotation": {"angle": -22.5, "axis": "z", "origin": [6.88, 8.35, 8]},
			"faces": {
				"north": {"uv": [10.016, 13.516, 10.484, 14.484], "texture": "#0"},
				"east": {"uv": [10.516, 13.516, 10.984, 14.484], "texture": "#0"},
				"south": {"uv": [13.516, 10.516, 13.984, 11.484], "texture": "#0"},
				"west": {"uv": [11.016, 13.516, 11.484, 14.484], "texture": "#0"},
				"up": {"uv": [14.484, 10.984, 14.016, 10.516], "texture": "#0"},
				"down": {"uv": [14.484, 11.016, 14.016, 11.484], "texture": "#0"}
			}
		},
		{
			"from": [6, 8, 7.9],
			"to": [10, 21, 8.1],
			"rotation": {"angle": 0, "axis": "y", "origin": [8, 8, 7.5]},
			"faces": {
				"north": {"uv": [5.016, 0.016, 6.984, 6.484], "texture": "#0"},
				"east": {"uv": [5.016, 8.516, 5.484, 14.984], "texture": "#0"},
				"south": {"uv": [0.016, 6.516, 1.984, 12.984], "texture": "#0"},
				"west": {"uv": [5.516, 8.516, 5.984, 14.984], "texture": "#0"},
				"up": {"uv": [13.984, 1.984, 12.016, 1.516], "texture": "#0"},
				"down": {"uv": [4.984, 12.016, 3.016, 12.484], "texture": "#0"}
			}
		},
		{
			"from": [6.58375, 19.574, 7.899],
			"to": [9.41075, 22.401, 8.101],
			"rotation": {"angle": 45, "axis": "z", "origin": [7.98475, 21, 8]},
			"faces": {
				"north": {"uv": [7.016, 9.016, 8.484, 10.484], "texture": "#0"},
				"east": {"uv": [2.516, 13.016, 2.984, 14.484], "texture": "#0"},
				"south": {"uv": [9.516, 2.016, 10.984, 3.484], "texture": "#0"},
				"west": {"uv": [13.016, 11.516, 13.484, 12.984], "texture": "#0"},
				"up": {"uv": [14.484, 13.484, 13.016, 13.016], "texture": "#0"},
				"down": {"uv": [14.984, 2.016, 13.516, 2.484], "texture": "#0"}
			}
		},
		{
			"from": [8.61, 7.01, 7.91],
			"to": [10.59, 9.99, 8.09],
			"rotation": {"angle": 22.5, "axis": "z", "origin": [9.6, 8.5, 8]},
			"faces": {
				"north": {"uv": [9.516, 3.516, 10.484, 4.984], "texture": "#0"},
				"east": {"uv": [3.016, 13.516, 3.484, 14.984], "texture": "#0"},
				"south": {"uv": [9.516, 5.016, 10.484, 6.484], "texture": "#0"},
				"west": {"uv": [3.516, 13.516, 3.984, 14.984], "texture": "#0"},
				"up": {"uv": [12.484, 13.984, 11.516, 13.516], "texture": "#0"},
				"down": {"uv": [14.484, 11.516, 13.516, 11.984], "texture": "#0"}
			}
		},
		{
			"from": [5.41, 7.01, 7.91],
			"to": [7.39, 9.99, 8.09],
			"rotation": {"angle": -22.5, "axis": "z", "origin": [6.4, 8.5, 8]},
			"faces": {
				"north": {"uv": [9.516, 6.516, 10.484, 7.984], "texture": "#0"},
				"east": {"uv": [4.016, 13.516, 4.484, 14.984], "texture": "#0"},
				"south": {"uv": [9.516, 8.016, 10.484, 9.484], "texture": "#0"},
				"west": {"uv": [4.516, 13.516, 4.984, 14.984], "texture": "#0"},
				"up": {"uv": [14.484, 12.484, 13.516, 12.016], "texture": "#0"},
				"down": {"uv": [13.484, 13.516, 12.516, 13.984], "texture": "#0"}
			}
		},
		{
			"from": [7, 0, 7],
			"to": [9, 1, 9],
			"rotation": {"angle": 0, "axis": "y", "origin": [7, 0, 7]},
			"faces": {
				"north": {"uv": [13.516, 12.516, 14.484, 12.984], "texture": "#0"},
				"east": {"uv": [13.516, 13.516, 14.484, 13.984], "texture": "#0"},
				"south": {"uv": [0.016, 14.016, 0.984, 14.484], "texture": "#0"},
				"west": {"uv": [14.016, 0.516, 14.984, 0.984], "texture": "#0"},
				"up": {"uv": [12.984, 4.484, 12.016, 3.516], "texture": "#0"},
				"down": {"uv": [12.984, 4.516, 12.016, 5.484], "texture": "#0"}
			}
		},
		{
			"from": [7, 7, 7],
			"to": [9, 9, 9],
			"rotation": {"angle": 45, "axis": "z", "origin": [8, 8, 8]},
			"faces": {
				"north": {"uv": [12.016, 5.516, 12.984, 6.484], "texture": "#0"},
				"east": {"uv": [12.016, 6.516, 12.984, 7.484], "texture": "#0"},
				"south": {"uv": [12.016, 7.516, 12.984, 8.484], "texture": "#0"},
				"west": {"uv": [12.016, 8.516, 12.984, 9.484], "texture": "#0"},
				"up": {"uv": [13.484, 2.984, 12.516, 2.016], "texture": "#0"},
				"down": {"uv": [3.984, 12.516, 3.016, 13.484], "texture": "#0"}
			}
		},
		{
			"from": [7.301, 0.301, 7.301],
			"to": [8.699, 6.699, 8.699],
			"rotation": {"angle": 0, "axis": "y", "origin": [7, 1, 7]},
			"faces": {
				"north": {"uv": [7.016, 2.016, 7.984, 5.484], "texture": "#0"},
				"east": {"uv": [7.016, 5.516, 7.984, 8.984], "texture": "#0"},
				"south": {"uv": [8.016, 2.016, 8.984, 5.484], "texture": "#0"},
				"west": {"uv": [8.016, 5.516, 8.984, 8.984], "texture": "#0"},
				"up": {"uv": [4.984, 13.484, 4.016, 12.516], "texture": "#0"},
				"down": {"uv": [7.984, 12.516, 7.016, 13.484], "texture": "#0"}
			}
		},
		{
			"from": [5, 6, 7.3],
			"to": [11, 8, 8.7],
			"rotation": {"angle": 0, "axis": "y", "origin": [7, 3, 7.5]},
			"faces": {
				"north": {"uv": [9.016, 0.016, 11.984, 0.984], "texture": "#0"},
				"east": {"uv": [1.016, 14.016, 1.484, 14.984], "texture": "#0"},
				"south": {"uv": [9.016, 1.016, 11.984, 1.984], "texture": "#0"},
				"west": {"uv": [14.016, 1.016, 14.484, 1.984], "texture": "#0"},
				"up": {"uv": [12.484, 9.984, 9.516, 9.516], "texture": "#0"},
				"down": {"uv": [12.484, 10.016, 9.516, 10.484], "texture": "#0"}
			}
		},
		{
			"from": [7, 5.7, 7.1],
			"to": [9, 8, 8.9],
			"rotation": {"angle": 0, "axis": "y", "origin": [7, 3, 7.5]},
			"faces": {
				"north": {"uv": [8.016, 12.516, 8.984, 13.484], "texture": "#0"},
				"east": {"uv": [9.016, 12.516, 9.984, 13.484], "texture": "#0"},
				"south": {"uv": [12.516, 9.516, 13.484, 10.484], "texture": "#0"},
				"west": {"uv": [10.016, 12.516, 10.984, 13.484], "texture": "#0"},
				"up": {"uv": [13.484, 11.484, 12.516, 10.516], "texture": "#0"},
				"down": {"uv": [11.984, 12.516, 11.016, 13.484], "texture": "#0"}
			}
		},
		{
			"from": [3.9, 5.8, 7.2],
			"to": [5.1, 8.3, 8.8],
			"rotation": {"angle": 0, "axis": "y", "origin": [6, 3, 7.5]},
			"faces": {
				"north": {"uv": [1.516, 14.016, 1.984, 14.984], "texture": "#0"},
				"east": {"uv": [14.016, 2.516, 14.484, 3.484], "texture": "#0"},
				"south": {"uv": [14.016, 4.516, 14.484, 5.484], "texture": "#0"},
				"west": {"uv": [14.016, 5.516, 14.484, 6.484], "texture": "#0"},
				"up": {"uv": [11.984, 14.484, 11.516, 14.016], "texture": "#0"},
				"down": {"uv": [12.484, 14.016, 12.016, 14.484], "texture": "#0"}
			}
		},
		{
			"from": [10.9, 5.8, 7.2],
			"to": [12.1, 8.3, 8.8],
			"rotation": {"angle": 0, "axis": "y", "origin": [13, 3, 7.5]},
			"faces": {
				"north": {"uv": [14.016, 6.516, 14.484, 7.484], "texture": "#0"},
				"east": {"uv": [7.516, 14.016, 7.984, 14.984], "texture": "#0"},
				"south": {"uv": [14.016, 7.516, 14.484, 8.484], "texture": "#0"},
				"west": {"uv": [8.016, 14.016, 8.484, 14.984], "texture": "#0"},
				"up": {"uv": [12.984, 14.484, 12.516, 14.016], "texture": "#0"},
				"down": {"uv": [13.484, 14.016, 13.016, 14.484], "texture": "#0"}
			}
		},
		{
			"from": [5.501, 9.001, 7.301],
			"to": [10.499, 21.999, 8.699],
			"rotation": {"angle": 0, "axis": "y", "origin": [8.5, 13, 7]},
			"faces": {
				"north": {"uv": [0.016, 0.016, 2.484, 6.484], "texture": "#0"},
				"east": {"uv": [6.016, 8.516, 6.484, 14.984], "texture": "#0"},
				"south": {"uv": [2.516, 0.016, 4.984, 6.484], "texture": "#0"},
				"west": {"uv": [6.516, 8.516, 6.984, 14.984], "texture": "#0"},
				"up": {"uv": [13.484, 3.484, 11.016, 3.016], "texture": "#0"},
				"down": {"uv": [14.484, 0.016, 12.016, 0.484], "texture": "#0"}
			}
		},
		{
			"from": [4.11, 8.01, 7.01],
			"to": [6.89, 10.19, 8.99],
			"rotation": {"angle": 0, "axis": "y", "origin": [8.5, 12.2, 7]},
			"faces": {
				"north": {"uv": [10.516, 3.516, 11.984, 4.484], "texture": "#0"},
				"east": {"uv": [12.016, 12.516, 12.984, 13.484], "texture": "#0"},
				"south": {"uv": [10.516, 4.516, 11.984, 5.484], "texture": "#0"},
				"west": {"uv": [0.016, 13.016, 0.984, 13.984], "texture": "#0"},
				"up": {"uv": [11.984, 6.484, 10.516, 5.516], "texture": "#0"},
				"down": {"uv": [11.984, 6.516, 10.516, 7.484], "texture": "#0"}
			}
		},
		{
			"from": [9.11, 8.01, 7.01],
			"to": [11.89, 10.19, 8.99],
			"rotation": {"angle": 0, "axis": "y", "origin": [7.5, 12.2, 7]},
			"faces": {
				"north": {"uv": [7.016, 10.516, 8.484, 11.484], "texture": "#0"},
				"east": {"uv": [13.016, 0.516, 13.984, 1.484], "texture": "#0"},
				"south": {"uv": [10.516, 7.516, 11.984, 8.484], "texture": "#0"},
				"west": {"uv": [1.016, 13.016, 1.984, 13.984], "texture": "#0"},
				"up": {"uv": [11.984, 9.484, 10.516, 8.516], "texture": "#0"},
				"down": {"uv": [10.984, 10.516, 9.516, 11.484], "texture": "#0"}
			}
		},
		{
			"from": [6.53553, 19.5, 7.3],
			"to": [10.08553, 23.025, 8.7],
			"rotation": {"angle": -45, "axis": "z", "origin": [9.03553, 22, 8]},
			"faces": {
				"north": {"uv": [5.016, 6.516, 6.984, 8.484], "texture": "#0"},
				"east": {"uv": [8.516, 9.016, 8.984, 10.984], "texture": "#0"},
				"south": {"uv": [7.016, 0.016, 8.984, 1.984], "texture": "#0"},
				"west": {"uv": [2.016, 13.016, 2.484, 14.984], "texture": "#0"},
				"up": {"uv": [14.984, 3.984, 13.016, 3.516], "texture": "#0"},
				"down": {"uv": [14.984, 4.016, 13.016, 4.484], "texture": "#0"}
			}
		},
		{
			"from": [5.53453, 7.699, 6.999],
			"to": [8.53653, 9.701, 9.001],
			"rotation": {"angle": -45, "axis": "z", "origin": [8.03553, 10.2, 8]},
			"faces": {
				"north": {"uv": [2.016, 11.016, 3.484, 11.984], "texture": "#0"},
				"east": {"uv": [13.016, 4.516, 13.984, 5.484], "texture": "#0"},
				"south": {"uv": [11.016, 2.016, 12.484, 2.984], "texture": "#0"},
				"west": {"uv": [13.016, 5.516, 13.984, 6.484], "texture": "#0"},
				"up": {"uv": [4.984, 11.984, 3.516, 11.016], "texture": "#0"},
				"down": {"uv": [12.484, 10.516, 11.016, 11.484], "texture": "#0"}
			}
		},
		{
			"from": [7.46347, 7.699, 6.999],
			"to": [10.46547, 9.701, 9.001],
			"rotation": {"angle": 45, "axis": "z", "origin": [7.96447, 10.2, 8]},
			"faces": {
				"north": {"uv": [7.016, 11.516, 8.484, 12.484], "texture": "#0"},
				"east": {"uv": [13.016, 6.516, 13.984, 7.484], "texture": "#0"},
				"south": {"uv": [8.516, 11.516, 9.984, 12.484], "texture": "#0"},
				"west": {"uv": [13.016, 7.516, 13.984, 8.484], "texture": "#0"},
				"up": {"uv": [11.484, 12.484, 10.016, 11.516], "texture": "#0"},
				"down": {"uv": [12.984, 11.516, 11.516, 12.484], "texture": "#0"}
			}
		}
	],
	"gui_light": "front",
	"display": {
		"thirdperson_righthand": {
			"rotation": [180, 90, 0],
			"translation": [0, 1.5, 0.75],
			"scale": [0.5, 0.5, 0.5]
		},
		"thirdperson_lefthand": {
			"rotation": [180, 90, 0],
			"translation": [0, 1.5, 0.75],
			"scale": [0.5, 0.5, 0.5]
		},
		"firstperson_righthand": {
			"rotation": [-180, 80.25, -21.5],
			"translation": [0, 3.25, 0],
			"scale": [0.5, 0.5, 0.5]
		},
		"firstperson_lefthand": {
			"rotation": [-180, 80.25, -21.5],
			"translation": [0, 3.25, 0],
			"scale": [0.5, 0.5, 0.5]
		},
		"ground": {
			"rotation": [180, 0, 0],
			"translation": [0, 7.75, 0],
			"scale": [0.6, 0.6, 0.6]
		},
		"gui": {
			"rotation": [0, 0, 135],
			"translation": [2.5, 2.5, 0],
			"scale": [0.8, 0.8, 0.8]
		},
		"fixed": {
			"rotation": [0, 0, 180],
			"translation": [0, 2.75, 0],
			"scale": [0.7, 0.7, 0.7]
		}
	},
	"groups": [
		{
			"name": "Dagger",
			"origin": [8, 8, 8],
			"color": 0,
			"children": [
				{
					"name": "blade layer",
					"origin": [8, 8, 8],
					"color": 0,
					"children": [0, 1, 2, 3]
				},
				{
					"name": "blade",
					"origin": [8, 8, 8],
					"color": 0,
					"children": [4, 5, 6, 7]
				},
				{
					"name": "handle",
					"origin": [8, 8, 8],
					"color": 0,
					"children": [8, 9, 10, 11, 12, 13, 14]
				}
			]
		},
		{
			"name": "sheath",
			"origin": [8, 8, 8],
			"color": 0,
			"children": [15, 16, 17, 18, 19, 20]
		}
	]
}