{
	"credit": "Made with Blockbench",
	"texture_size": [128, 128],
	"textures": {
		"0": "holocraft:item/natures_grace",
		"particle": "holocraft:item/natures_grace"
	},
	"elements": [
		{
			"from": [5, 0, 5],
			"to": [11, 6, 11],
			"rotation": {"angle": 0, "axis": "y", "origin": [7.5, 0, 7.5]},
			"faces": {
				"north": {"uv": [0, 0, 1.5, 1.5], "texture": "#0"},
				"east": {"uv": [0, 1.5, 1.5, 3], "texture": "#0"},
				"south": {"uv": [1.5, 0, 3, 1.5], "texture": "#0"},
				"west": {"uv": [1.5, 1.5, 3, 3], "texture": "#0"},
				"up": {"uv": [1.5, 4.5, 0, 3], "texture": "#0"},
				"down": {"uv": [4.5, 0, 3, 1.5], "texture": "#0"}
			}
		},
		{
			"from": [4.85, -0.15, 4.85],
			"to": [11.15, 6.15, 11.15],
			"rotation": {"angle": 0, "axis": "y", "origin": [7.5, 0, 7.5]},
			"faces": {
				"north": {"uv": [3, 4.5, 4.5, 6], "texture": "#0"},
				"east": {"uv": [1.5, 4.5, 3, 6], "texture": "#0"},
				"south": {"uv": [6, 4.5, 7.5, 6], "texture": "#0"},
				"west": {"uv": [4.5, 4.5, 6, 6], "texture": "#0"},
				"up": {"uv": [4.5, 4.5, 3, 3], "texture": "#0"},
				"down": {"uv": [6, 3, 4.5, 4.5], "texture": "#0"}
			}
		},
		{
			"from": [4.8, -0.2, 4.8],
			"to": [11.2, 6.2, 11.2],
			"rotation": {"angle": 0, "axis": "y", "origin": [7.5, 0, 7.5]},
			"faces": {
				"north": {"uv": [6, 1.5, 7.5, 3], "texture": "#0"},
				"east": {"uv": [4.5, 1.5, 6, 3], "texture": "#0"},
				"south": {"uv": [9, 1.5, 10.5, 3], "texture": "#0"},
				"west": {"uv": [7.5, 1.5, 9, 3], "texture": "#0"},
				"up": {"uv": [7.5, 1.5, 6, 0], "texture": "#0"},
				"down": {"uv": [9, 0, 7.5, 1.5], "texture": "#0"}
			}
		},
		{
			"from": [7.8, 5.8, 7.8],
			"to": [8.2, 6.7, 8.2],
			"rotation": {"angle": 0, "axis": "y", "origin": [7.75, 5.75, 7.75]},
			"faces": {
				"north": {"uv": [3.125, 1.625, 3.25, 1.875], "texture": "#0"},
				"east": {"uv": [3, 1.625, 3.125, 1.875], "texture": "#0"},
				"south": {"uv": [3.375, 1.625, 3.5, 1.875], "texture": "#0"},
				"west": {"uv": [3.25, 1.625, 3.375, 1.875], "texture": "#0"},
				"up": {"uv": [3.25, 1.625, 3.125, 1.5], "texture": "#0"},
				"down": {"uv": [3.375, 1.5, 3.25, 1.625], "texture": "#0"}
			}
		},
		{
			"from": [9.8004, 5.51631, 7.8045],
			"to": [10.1914, 6.90731, 8.1955],
			"rotation": {"angle": -22.5, "axis": "z", "origin": [11.78467, 11.12294, 11.8]},
			"faces": {
				"north": {"uv": [1.625, 3.125, 1.75, 3.5], "texture": "#0"},
				"east": {"uv": [1.5, 3.125, 1.625, 3.5], "texture": "#0"},
				"south": {"uv": [1.875, 3.125, 2, 3.5], "texture": "#0"},
				"west": {"uv": [1.75, 3.125, 1.875, 3.5], "texture": "#0"},
				"up": {"uv": [1.75, 3.125, 1.625, 3], "texture": "#0"},
				"down": {"uv": [1.875, 3, 1.75, 3.125], "texture": "#0"}
			}
		},
		{
			"from": [9.02123, 3.49623, 3.5],
			"to": [9.02123, 4.54623, 4.9],
			"rotation": {"angle": -45, "axis": "y", "origin": [9.02123, 4.02123, 4.7]},
			"faces": {
				"north": {"uv": [0.5, 6.5, 0.875, 6.5], "rotation": 90, "texture": "#0"},
				"east": {"uv": [1.25, 6, 0.875, 6.5], "rotation": 270, "texture": "#0"},
				"south": {"uv": [1.375, 6.5, 1.75, 6.5], "rotation": 270, "texture": "#0"},
				"west": {"uv": [0.875, 6.5, 0.5, 6], "rotation": 270, "texture": "#0"},
				"up": {"uv": [0, 6.5, 0.5, 6.5], "rotation": 270, "texture": "#0"},
				"down": {"uv": [0.875, 6.5, 1.375, 6.5], "rotation": 270, "texture": "#0"}
			}
		},
		{
			"from": [9.02123, -1.52877, 5.875],
			"to": [9.02123, -0.12877, 6.925],
			"rotation": {"angle": 45, "axis": "x", "origin": [9.02123, -0.32877, 6.4]},
			"faces": {
				"north": {"uv": [0, 6.5, 0.5, 6.5], "rotation": 90, "texture": "#0"},
				"east": {"uv": [1.25, 6, 0.875, 6.5], "texture": "#0"},
				"south": {"uv": [0.875, 6.5, 1.375, 6.5], "rotation": 270, "texture": "#0"},
				"west": {"uv": [0.875, 6.5, 0.5, 6], "rotation": 180, "texture": "#0"},
				"up": {"uv": [1.375, 6.5, 1.75, 6.5], "rotation": 270, "texture": "#0"},
				"down": {"uv": [0.5, 6.5, 0.875, 6.5], "rotation": 270, "texture": "#0"}
			}
		},
		{
			"from": [8.12548, 6.64548, 8.12],
			"to": [8.12548, 7.90547, 9.8],
			"rotation": {"angle": -22.5, "axis": "x", "origin": [8.12548, 7.27548, 8.36]},
			"faces": {
				"north": {"uv": [1.375, 6.5, 1.75, 6.5], "rotation": 270, "texture": "#0"},
				"east": {"uv": [1.25, 6.5, 0.875, 6], "rotation": 270, "texture": "#0"},
				"south": {"uv": [0.5, 6.5, 0.875, 6.5], "rotation": 90, "texture": "#0"},
				"west": {"uv": [0.875, 6, 0.5, 6.5], "rotation": 270, "texture": "#0"},
				"up": {"uv": [0.5, 6.5, 0, 6.5], "rotation": 270, "texture": "#0"},
				"down": {"uv": [1.375, 6.5, 0.875, 6.5], "rotation": 270, "texture": "#0"}
			}
		},
		{
			"from": [3.52123, 2.44623, 7.55],
			"to": [4.92123, 3.49623, 7.55],
			"rotation": {"angle": 45, "axis": "y", "origin": [4.72123, 2.97123, 7.55]},
			"faces": {
				"north": {"uv": [1.25, 6, 0.875, 6.5], "rotation": 270, "texture": "#0"},
				"east": {"uv": [1.375, 6.5, 1.75, 6.5], "rotation": 270, "texture": "#0"},
				"south": {"uv": [0.875, 6.5, 0.5, 6], "rotation": 270, "texture": "#0"},
				"west": {"uv": [0.5, 6.5, 0.875, 6.5], "rotation": 90, "texture": "#0"},
				"up": {"uv": [0, 6.5, 0.5, 6.5], "rotation": 180, "texture": "#0"},
				"down": {"uv": [0.875, 6.5, 1.375, 6.5], "texture": "#0"}
			}
		},
		{
			"from": [4.72123, 5.44623, 9.85],
			"to": [4.72123, 6.49623, 11.25],
			"rotation": {"angle": -45, "axis": "y", "origin": [4.72123, 5.97123, 10.05]},
			"faces": {
				"north": {"uv": [1.375, 6.5, 1.75, 6.5], "rotation": 270, "texture": "#0"},
				"east": {"uv": [0.875, 6.5, 0.5, 6], "rotation": 270, "texture": "#0"},
				"south": {"uv": [0.5, 6.5, 0.875, 6.5], "rotation": 90, "texture": "#0"},
				"west": {"uv": [1.25, 6, 0.875, 6.5], "rotation": 270, "texture": "#0"},
				"up": {"uv": [0, 6.5, 0.5, 6.5], "rotation": 90, "texture": "#0"},
				"down": {"uv": [0.875, 6.5, 1.375, 6.5], "rotation": 90, "texture": "#0"}
			}
		},
		{
			"from": [11.07877, 5.44623, 9.05],
			"to": [12.47877, 6.49623, 9.05],
			"rotation": {"angle": 45, "axis": "y", "origin": [11.27877, 5.97123, 9.05]},
			"faces": {
				"north": {"uv": [1.25, 6.5, 0.875, 6], "rotation": 270, "texture": "#0"},
				"east": {"uv": [0.5, 6.5, 0.875, 6.5], "rotation": 90, "texture": "#0"},
				"south": {"uv": [0.875, 6, 0.5, 6.5], "rotation": 270, "texture": "#0"},
				"west": {"uv": [1.375, 6.5, 1.75, 6.5], "rotation": 270, "texture": "#0"},
				"up": {"uv": [0, 6.5, 0.5, 6.5], "texture": "#0"},
				"down": {"uv": [0.875, 6.5, 1.375, 6.5], "rotation": 180, "texture": "#0"}
			}
		},
		{
			"from": [8.15699, 0.89698, 4.46],
			"to": [9.27699, 1.73698, 4.46],
			"rotation": {"angle": -22.5, "axis": "y", "origin": [8.31699, 1.31698, 4.46]},
			"faces": {
				"north": {"uv": [0.875, 6.5, 0.5, 6], "rotation": 270, "texture": "#0"},
				"east": {"uv": [0.5, 6.5, 0.875, 6.5], "rotation": 90, "texture": "#0"},
				"south": {"uv": [1.25, 6, 0.875, 6.5], "rotation": 270, "texture": "#0"},
				"west": {"uv": [1.375, 6.5, 1.75, 6.5], "rotation": 270, "texture": "#0"},
				"up": {"uv": [0, 6.5, 0.5, 6.5], "texture": "#0"},
				"down": {"uv": [0.875, 6.5, 1.375, 6.5], "rotation": 180, "texture": "#0"}
			}
		}
	],
	"gui_light": "front",
	"display": {
		"thirdperson_righthand": {
			"rotation": [52, -26, 0],
			"translation": [0, 5.25, 4.25],
			"scale": [0.6, 0.6, 0.6]
		},
		"thirdperson_lefthand": {
			"rotation": [52, -26, 0],
			"translation": [0, 5.25, 4.25],
			"scale": [0.6, 0.6, 0.6]
		},
		"firstperson_righthand": {
			"rotation": [3, 94, 0],
			"translation": [0, 6.25, 0.75],
			"scale": [0.6, 0.6, 0.6]
		},
		"firstperson_lefthand": {
			"rotation": [3, 94, 0],
			"translation": [0, 6.25, 0.75],
			"scale": [0.6, 0.6, 0.6]
		},
		"ground": {
			"translation": [0, 2.25, 0],
			"scale": [0.5, 0.5, 0.5]
		},
		"gui": {
			"rotation": [-165.5, 33.75, 180],
			"translation": [0, 5.75, 0],
			"scale": [1.3, 1.3, 1.3]
		},
		"head": {
			"translation": [0, 14.5, 0]
		},
		"fixed": {
			"translation": [0, 4.75, -3.25]
		}
	},
	"groups": [
		{
			"name": "natures_grace",
			"origin": [8, 4, 8],
			"color": 0,
			"children": [
				{
					"name": "group2",
					"origin": [8, 4, 8],
					"color": 0,
					"children": [0, 1]
				},
				{
					"name": "group3",
					"origin": [8, 4, 8],
					"color": 0,
					"children": [2]
				},
				{
					"name": "group4",
					"origin": [8, 4, 8],
					"color": 0,
					"children": [3, 4]
				},
				{
					"name": "group",
					"origin": [8, 4, 8],
					"color": 0,
					"children": [5, 6, 7, 8, 9, 10, 11]
				}
			]
		}
	]
}