{
	"credit": "Made with Blockbench",
	"texture_size": [128, 128],
	"textures": {
		"0": "holocraft:item/oceanic_terror"
	},
	"elements": [
		{
			"from": [5.36, 23.76, 7.56],
			"to": [10.64, 24.64, 8.44],
			"rotation": {"angle": 0, "axis": "y", "origin": [7.56, 23.76, 7.56]},
			"faces": {
				"north": {"uv": [1.254, 0.254, 2.746, 0.496], "texture": "#0"},
				"east": {"uv": [1.004, 0.254, 1.246, 0.496], "texture": "#0"},
				"south": {"uv": [3.004, 0.254, 4.496, 0.496], "texture": "#0"},
				"west": {"uv": [2.754, 0.254, 2.996, 0.496], "texture": "#0"},
				"up": {"uv": [2.746, 0.246, 1.254, 0.004], "texture": "#0"},
				"down": {"uv": [4.246, 0.004, 2.754, 0.246], "texture": "#0"}
			}
		},
		{
			"from": [10.19956, 24.19956, 7.55956],
			"to": [11.08044, 29.48044, 8.44044],
			"rotation": {"angle": 0, "axis": "y", "origin": [8, 24.2, 7.56]},
			"faces": {
				"north": {"uv": [2.254, 0.754, 2.496, 2.246], "texture": "#0"},
				"east": {"uv": [2.004, 0.754, 2.246, 2.246], "texture": "#0"},
				"south": {"uv": [2.754, 0.754, 2.996, 2.246], "texture": "#0"},
				"west": {"uv": [2.504, 0.754, 2.746, 2.246], "texture": "#0"},
				"up": {"uv": [2.496, 0.746, 2.254, 0.504], "texture": "#0"},
				"down": {"uv": [2.746, 0.504, 2.504, 0.746], "texture": "#0"}
			}
		},
		{
			"from": [4.91956, 24.19956, 7.55956],
			"to": [5.80044, 29.48044, 8.44044],
			"rotation": {"angle": 0, "axis": "y", "origin": [2.72, 24.2, 7.56]},
			"faces": {
				"north": {"uv": [2.254, 2.504, 2.496, 3.996], "texture": "#0"},
				"east": {"uv": [2.004, 2.504, 2.246, 3.996], "texture": "#0"},
				"south": {"uv": [2.754, 2.504, 2.996, 3.996], "texture": "#0"},
				"west": {"uv": [2.504, 2.504, 2.746, 3.996], "texture": "#0"},
				"up": {"uv": [2.496, 2.496, 2.254, 2.254], "texture": "#0"},
				"down": {"uv": [2.746, 2.254, 2.504, 2.496], "texture": "#0"}
			}
		},
		{
			"from": [4.47956, 29.47956, 7.55956],
			"to": [5.36044, 30.36044, 8.44044],
			"rotation": {"angle": 0, "axis": "y", "origin": [2.72, 26.84, 7.56]},
			"faces": {
				"north": {"uv": [3.254, 3.754, 3.496, 3.996], "texture": "#0"},
				"east": {"uv": [3.004, 3.754, 3.246, 3.996], "texture": "#0"},
				"south": {"uv": [3.754, 3.754, 3.996, 3.996], "texture": "#0"},
				"west": {"uv": [3.504, 3.754, 3.746, 3.996], "texture": "#0"},
				"up": {"uv": [3.496, 3.746, 3.254, 3.504], "texture": "#0"},
				"down": {"uv": [3.746, 3.504, 3.504, 3.746], "texture": "#0"}
			}
		},
		{
			"from": [10.63956, 29.47956, 7.55956],
			"to": [11.52044, 30.36044, 8.44044],
			"rotation": {"angle": 0, "axis": "y", "origin": [13.28, 26.84, 7.56]},
			"faces": {
				"north": {"uv": [1.254, 4.004, 1.496, 4.246], "texture": "#0"},
				"east": {"uv": [1.004, 4.004, 1.246, 4.246], "texture": "#0"},
				"south": {"uv": [1.754, 4.004, 1.996, 4.246], "texture": "#0"},
				"west": {"uv": [1.504, 4.004, 1.746, 4.246], "texture": "#0"},
				"up": {"uv": [1.496, 3.996, 1.254, 3.754], "texture": "#0"},
				"down": {"uv": [1.746, 3.754, 1.504, 3.996], "texture": "#0"}
			}
		},
		{
			"from": [7.56, 24.64, 7.56],
			"to": [8.44, 30.8, 8.44],
			"rotation": {"angle": 0, "axis": "y", "origin": [5.36, 24.64, 7.56]},
			"faces": {
				"north": {"uv": [1.254, 0.754, 1.496, 2.496], "texture": "#0"},
				"east": {"uv": [1.004, 0.754, 1.246, 2.496], "texture": "#0"},
				"south": {"uv": [1.754, 0.754, 1.996, 2.496], "texture": "#0"},
				"west": {"uv": [1.504, 0.754, 1.746, 2.496], "texture": "#0"},
				"up": {"uv": [1.496, 0.746, 1.254, 0.504], "texture": "#0"},
				"down": {"uv": [1.746, 0.504, 1.504, 0.746], "texture": "#0"}
			}
		},
		{
			"from": [7.824, 30.8, 7.692],
			"to": [8.44, 31.856, 8.308],
			"rotation": {"angle": 0, "axis": "y", "origin": [5.492, 26.708, 7.56]},
			"faces": {
				"north": {"uv": [1.254, 2.754, 1.496, 3.121], "texture": "#0"},
				"east": {"uv": [1.004, 2.754, 1.246, 3.121], "texture": "#0"},
				"south": {"uv": [1.754, 2.754, 1.996, 3.121], "texture": "#0"},
				"west": {"uv": [1.504, 2.754, 1.746, 3.121], "texture": "#0"},
				"up": {"uv": [1.496, 2.746, 1.254, 2.504], "texture": "#0"},
				"down": {"uv": [1.746, 2.504, 1.504, 2.746], "texture": "#0"}
			}
		},
		{
			"from": [4.04, 28.8, 8],
			"to": [5.36, 30.56, 8],
			"rotation": {"angle": 0, "axis": "y", "origin": [4.92, 29.04, 7.56]},
			"faces": {
				"north": {"uv": [1.004, 4.254, 1.371, 4.746], "texture": "#0"},
				"east": {"uv": [1.004, 4.254, 1.004, 4.746], "texture": "#0"},
				"south": {"uv": [1.379, 4.254, 1.746, 4.746], "texture": "#0"},
				"west": {"uv": [1.379, 4.254, 1.379, 4.746], "texture": "#0"},
				"up": {"uv": [1.371, 4.254, 1.004, 4.254], "texture": "#0"},
				"down": {"uv": [1.746, 4.254, 1.379, 4.254], "texture": "#0"}
			}
		},
		{
			"from": [10.64, 28.8, 8],
			"to": [11.96, 30.56, 8],
			"rotation": {"angle": 0, "axis": "y", "origin": [11.08, 29.04, 7.56]},
			"faces": {
				"north": {"uv": [1.754, 4.254, 2.121, 4.746], "texture": "#0"},
				"east": {"uv": [1.754, 4.254, 1.754, 4.746], "texture": "#0"},
				"south": {"uv": [2.129, 4.254, 2.496, 4.746], "texture": "#0"},
				"west": {"uv": [2.129, 4.254, 2.129, 4.746], "texture": "#0"},
				"up": {"uv": [2.121, 4.254, 1.754, 4.254], "texture": "#0"},
				"down": {"uv": [2.496, 4.254, 2.129, 4.254], "texture": "#0"}
			}
		},
		{
			"from": [7.56, -5.28, 7.56],
			"to": [8.44, 23.76, 8.44],
			"rotation": {"angle": 0, "axis": "y", "origin": [7.56, 19.36, 7.56]},
			"faces": {
				"north": {"uv": [0.254, 0.254, 0.496, 8.496], "texture": "#0"},
				"east": {"uv": [0.004, 0.254, 0.246, 8.496], "texture": "#0"},
				"south": {"uv": [0.754, 0.254, 0.996, 8.496], "texture": "#0"},
				"west": {"uv": [0.504, 0.254, 0.746, 8.496], "texture": "#0"},
				"up": {"uv": [0.496, 0.246, 0.254, 0.004], "texture": "#0"},
				"down": {"uv": [0.746, 0.004, 0.504, 0.246], "texture": "#0"}
			}
		},
		{
			"from": [6.78, 20.68, 8],
			"to": [9.22, 23.32, 8],
			"rotation": {"angle": 0, "axis": "y", "origin": [7.56, 19.36, 7.56]},
			"faces": {
				"north": {"uv": [3.004, 1.004, 3.746, 1.746], "texture": "#0"},
				"east": {"uv": [3.004, 1.004, 3.004, 1.746], "texture": "#0"},
				"south": {"uv": [3.754, 1.004, 4.496, 1.746], "texture": "#0"},
				"west": {"uv": [3.754, 1.004, 3.754, 1.746], "texture": "#0"},
				"up": {"uv": [3.746, 1.004, 3.004, 1.004], "texture": "#0"},
				"down": {"uv": [4.496, 1.004, 3.754, 1.004], "texture": "#0"}
			}
		},
		{
			"from": [7.428, 22.748, 7.428],
			"to": [8.572, 23.452, 8.572],
			"rotation": {"angle": 0, "axis": "y", "origin": [7.56, 19.36, 7.56]},
			"faces": {
				"north": {"uv": [4.254, 3.754, 4.496, 3.871], "texture": "#0"},
				"east": {"uv": [4.004, 3.754, 4.246, 3.871], "texture": "#0"},
				"south": {"uv": [4.754, 3.754, 4.996, 3.871], "texture": "#0"},
				"west": {"uv": [4.504, 3.754, 4.746, 3.871], "texture": "#0"},
				"up": {"uv": [4.496, 3.746, 4.254, 3.504], "texture": "#0"},
				"down": {"uv": [4.746, 3.504, 4.504, 3.746], "texture": "#0"}
			}
		},
		{
			"from": [7.16444, 0.50344, 8.26444],
			"to": [9.53956, 1.27556, 8.87956],
			"rotation": {"angle": -45, "axis": "z", "origin": [8, 1.1, 8.352]},
			"faces": {
				"north": {"uv": [3.129, 2.879, 3.746, 2.996], "texture": "#0"},
				"east": {"uv": [3.004, 2.879, 3.121, 2.996], "texture": "#0"},
				"south": {"uv": [3.879, 2.879, 4.496, 2.996], "texture": "#0"},
				"west": {"uv": [3.754, 2.879, 3.871, 2.996], "texture": "#0"},
				"up": {"uv": [3.746, 2.871, 3.129, 2.754], "texture": "#0"},
				"down": {"uv": [4.371, 2.754, 3.754, 2.871], "texture": "#0"}
			}
		},
		{
			"from": [8.79244, -1.12456, 8.26444],
			"to": [10.85956, -0.35244, 8.87956],
			"rotation": {"angle": -45, "axis": "z", "origin": [8, 1.1, 8.352]},
			"faces": {
				"north": {"uv": [2.129, 4.129, 2.621, 4.246], "texture": "#0"},
				"east": {"uv": [2.004, 4.129, 2.121, 4.246], "texture": "#0"},
				"south": {"uv": [2.754, 4.129, 3.246, 4.246], "texture": "#0"},
				"west": {"uv": [2.629, 4.129, 2.746, 4.246], "texture": "#0"},
				"up": {"uv": [2.621, 4.121, 2.129, 4.004], "texture": "#0"},
				"down": {"uv": [3.121, 4.004, 2.629, 4.121], "texture": "#0"}
			}
		},
		{
			"from": [10.11244, -2.44456, 8.26444],
			"to": [12.04756, -1.67244, 8.87956],
			"rotation": {"angle": -45, "axis": "z", "origin": [8, 1.1, 8.352]},
			"faces": {
				"north": {"uv": [3.379, 4.129, 3.871, 4.246], "texture": "#0"},
				"east": {"uv": [3.254, 4.129, 3.371, 4.246], "texture": "#0"},
				"south": {"uv": [4.004, 4.129, 4.496, 4.246], "texture": "#0"},
				"west": {"uv": [3.879, 4.129, 3.996, 4.246], "texture": "#0"},
				"up": {"uv": [3.871, 4.121, 3.379, 4.004], "texture": "#0"},
				"down": {"uv": [4.371, 4.004, 3.879, 4.121], "texture": "#0"}
			}
		},
		{
			"from": [7.03244, -0.96756, 6.94444],
			"to": [9.40756, -0.22044, 8.43956],
			"rotation": {"angle": 45, "axis": "z", "origin": [8, -0.66, 7.912]},
			"faces": {
				"north": {"uv": [3.379, 0.879, 3.996, 0.996], "texture": "#0"},
				"east": {"uv": [3.004, 0.879, 3.371, 0.996], "texture": "#0"},
				"south": {"uv": [4.379, 0.879, 4.996, 0.996], "texture": "#0"},
				"west": {"uv": [4.004, 0.879, 4.371, 0.996], "texture": "#0"},
				"up": {"uv": [3.996, 0.871, 3.379, 0.504], "texture": "#0"},
				"down": {"uv": [4.621, 0.504, 4.004, 0.871], "texture": "#0"}
			}
		},
		{
			"from": [5.71244, -2.28756, 6.94444],
			"to": [7.82356, -1.54044, 8.43956],
			"rotation": {"angle": 45, "axis": "z", "origin": [8, -0.66, 7.912]},
			"faces": {
				"north": {"uv": [3.379, 2.129, 3.871, 2.246], "texture": "#0"},
				"east": {"uv": [3.004, 2.129, 3.371, 2.246], "texture": "#0"},
				"south": {"uv": [4.254, 2.129, 4.746, 2.246], "texture": "#0"},
				"west": {"uv": [3.879, 2.129, 4.246, 2.246], "texture": "#0"},
				"up": {"uv": [3.871, 2.121, 3.379, 1.754], "texture": "#0"},
				"down": {"uv": [4.371, 1.754, 3.879, 2.121], "texture": "#0"}
			}
		},
		{
			"from": [4.83244, -3.47556, 6.94444],
			"to": [6.50356, -2.86044, 8.43956],
			"rotation": {"angle": 45, "axis": "z", "origin": [8, -0.66, 7.912]},
			"faces": {
				"north": {"uv": [3.379, 2.629, 3.746, 2.746], "texture": "#0"},
				"east": {"uv": [3.004, 2.629, 3.371, 2.746], "texture": "#0"},
				"south": {"uv": [4.129, 2.629, 4.496, 2.746], "texture": "#0"},
				"west": {"uv": [3.754, 2.629, 4.121, 2.746], "texture": "#0"},
				"up": {"uv": [3.746, 2.621, 3.379, 2.254], "texture": "#0"},
				"down": {"uv": [4.121, 2.254, 3.754, 2.621], "texture": "#0"}
			}
		},
		{
			"from": [8.66044, 0.61644, 6.94444],
			"to": [9.84756, 1.40756, 8.43956],
			"rotation": {"angle": 45, "axis": "z", "origin": [8, -0.66, 7.912]},
			"faces": {
				"north": {"uv": [3.379, 3.379, 3.621, 3.496], "texture": "#0"},
				"east": {"uv": [3.004, 3.379, 3.371, 3.496], "texture": "#0"},
				"south": {"uv": [4.004, 3.379, 4.246, 3.496], "texture": "#0"},
				"west": {"uv": [3.629, 3.379, 3.996, 3.496], "texture": "#0"},
				"up": {"uv": [3.621, 3.371, 3.379, 3.004], "texture": "#0"},
				"down": {"uv": [3.871, 3.004, 3.629, 3.371], "texture": "#0"}
			}
		},
		{
			"from": [7.692, -6.028, 7.692],
			"to": [8.308, -4.972, 8.308],
			"rotation": {"angle": 0, "axis": "y", "origin": [4.48, -3.96, 4.48]},
			"faces": {
				"north": {"uv": [1.254, 3.379, 1.496, 3.746], "texture": "#0"},
				"east": {"uv": [1.004, 3.379, 1.246, 3.746], "texture": "#0"},
				"south": {"uv": [1.754, 3.379, 1.996, 3.746], "texture": "#0"},
				"west": {"uv": [1.504, 3.379, 1.746, 3.746], "texture": "#0"},
				"up": {"uv": [1.496, 3.371, 1.254, 3.129], "texture": "#0"},
				"down": {"uv": [1.746, 3.129, 1.504, 3.371], "texture": "#0"}
			}
		},
		{
			"from": [7.78, -6.6, 7.78],
			"to": [8.22, -5.28, 8.22],
			"rotation": {"angle": 0, "axis": "y", "origin": [4.48, -3.96, 4.48]},
			"faces": {
				"north": {"uv": [2.629, 4.379, 2.746, 4.746], "texture": "#0"},
				"east": {"uv": [2.504, 4.379, 2.621, 4.746], "texture": "#0"},
				"south": {"uv": [2.879, 4.379, 2.996, 4.746], "texture": "#0"},
				"west": {"uv": [2.754, 4.379, 2.871, 4.746], "texture": "#0"},
				"up": {"uv": [2.746, 4.371, 2.629, 4.254], "texture": "#0"},
				"down": {"uv": [2.871, 4.254, 2.754, 4.371], "texture": "#0"}
			}
		}
	],
	"gui_light": "front",
	"display": {
		"thirdperson_righthand": {
			"rotation": [0, -90, 0],
			"translation": [0, -1.75, 0.75]
		},
		"thirdperson_lefthand": {
			"rotation": [0, 90, 0],
			"translation": [0, -1.75, 0.75]
		},
		"firstperson_righthand": {
			"rotation": [0, 90, -11],
			"translation": [1.75, -8.25, 2.75]
		},
		"firstperson_lefthand": {
			"rotation": [0, 90, -11],
			"translation": [1.75, -8.25, 2.75]
		},
		"ground": {
			"translation": [0, 5.5, 0],
			"scale": [0.5, 0.5, 0.5]
		},
		"gui": {
			"rotation": [-180, 0, -135],
			"translation": [-2, -2, 0.5],
			"scale": [0.5, 0.5, 0.5]
		},
		"head": {
			"rotation": [0, 0, 161.5],
			"translation": [6.75, 26, 0]
		},
		"fixed": {
			"translation": [0, -2.25, 0.5],
			"scale": [0.5, 0.5, 0.5]
		}
	},
	"groups": [
		{
			"name": "oceanic_terror",
			"origin": [8, 0, 8],
			"color": 0,
			"children": [
				{
					"name": "trident_head",
					"origin": [8, 22.88, 8],
					"color": 0,
					"children": [
						0,
						1,
						2,
						3,
						4,
						5,
						6,
						{
							"name": "group",
							"origin": [8, 22.88, 8],
							"color": 0,
							"children": [7, 8]
						}
					]
				},
				{
					"name": "trident_handle",
					"origin": [8, 22.88, 8],
					"color": 1,
					"children": [9, 10, 11]
				},
				{
					"name": "trident_bottom",
					"origin": [8, -0.44, 8],
					"color": 0,
					"children": [12, 13, 14, 15, 16, 17, 18, 19, 20]
				}
			]
		}
	]
}