{
	"credit": "Made with Blockbench",
	"texture_size": [128, 128],
	"textures": {
		"0": "holocraft:item/omegatana_unsheathed",
		"particle": "holocraft:item/omegatana_unsheathed"
	},
	"elements": [
		{
			"from": [4.26104, 18.91038, 7.68644],
			"to": [4.56236, 19.51302, 8.28908],
			"rotation": {"angle": 0, "axis": "y", "origin": [6.79472, 19.67599, 6.04376]},
			"faces": {
				"north": {"uv": [6.254, 3.004, 6.371, 3.121], "texture": "#0"},
				"east": {"uv": [7.129, 2.879, 7.246, 2.996], "texture": "#0"},
				"south": {"uv": [3.629, 7.254, 3.746, 7.371], "texture": "#0"},
				"west": {"uv": [7.754, 2.379, 7.871, 2.496], "texture": "#0"},
				"up": {"uv": [8.371, 2.621, 8.254, 2.504], "texture": "#0"},
				"down": {"uv": [8.371, 2.629, 8.254, 2.746], "texture": "#0"}
			}
		},
		{
			"from": [4.56236, 18.91038, 7.68644],
			"to": [4.86368, 20.11566, 8.28908],
			"rotation": {"angle": 0, "axis": "y", "origin": [6.79472, 19.67599, 6.04376]},
			"faces": {
				"north": {"uv": [4.879, 4.129, 4.996, 4.496], "texture": "#0"},
				"east": {"uv": [6.004, 7.754, 6.121, 8.121], "texture": "#0"},
				"south": {"uv": [7.879, 4.254, 7.996, 4.621], "texture": "#0"},
				"west": {"uv": [4.504, 7.879, 4.621, 8.246], "texture": "#0"},
				"up": {"uv": [8.371, 3.121, 8.254, 3.004], "texture": "#0"},
				"down": {"uv": [3.246, 8.254, 3.129, 8.371], "texture": "#0"}
			}
		},
		{
			"from": [5.165, 18.91038, 7.68644],
			"to": [5.46632, 20.41698, 8.28908],
			"rotation": {"angle": 0, "axis": "y", "origin": [6.79472, 19.67599, 6.04376]},
			"faces": {
				"north": {"uv": [4.629, 7.879, 4.746, 8.246], "texture": "#0"},
				"east": {"uv": [7.879, 4.629, 7.996, 4.996], "texture": "#0"},
				"south": {"uv": [4.754, 7.879, 4.871, 8.246], "texture": "#0"},
				"west": {"uv": [4.879, 7.879, 4.996, 8.246], "texture": "#0"},
				"up": {"uv": [8.371, 3.246, 8.254, 3.129], "texture": "#0"},
				"down": {"uv": [3.371, 8.254, 3.254, 8.371], "texture": "#0"}
			}
		},
		{
			"from": [5.46632, 18.91038, 7.68644],
			"to": [5.76764, 20.11566, 8.28908],
			"rotation": {"angle": 0, "axis": "y", "origin": [6.79472, 19.67599, 6.04376]},
			"faces": {
				"north": {"uv": [7.879, 5.004, 7.996, 5.371], "texture": "#0"},
				"east": {"uv": [7.879, 5.379, 7.996, 5.746], "texture": "#0"},
				"south": {"uv": [7.879, 5.754, 7.996, 6.121], "texture": "#0"},
				"west": {"uv": [6.129, 7.879, 6.246, 8.246], "texture": "#0"},
				"up": {"uv": [8.371, 3.621, 8.254, 3.504], "texture": "#0"},
				"down": {"uv": [8.371, 3.629, 8.254, 3.746], "texture": "#0"}
			}
		},
		{
			"from": [5.76764, 18.91038, 7.68644],
			"to": [6.06896, 19.81434, 8.28908],
			"rotation": {"angle": 0, "axis": "y", "origin": [6.79472, 19.67599, 6.04376]},
			"faces": {
				"north": {"uv": [5.129, 3.129, 5.246, 3.371], "texture": "#0"},
				"east": {"uv": [1.754, 8.004, 1.871, 8.246], "texture": "#0"},
				"south": {"uv": [1.879, 8.004, 1.996, 8.246], "texture": "#0"},
				"west": {"uv": [2.004, 8.004, 2.121, 8.246], "texture": "#0"},
				"up": {"uv": [3.871, 8.371, 3.754, 8.254], "texture": "#0"},
				"down": {"uv": [8.371, 3.754, 8.254, 3.871], "texture": "#0"}
			}
		},
		{
			"from": [4.86368, 18.91038, 7.68644],
			"to": [5.165, 20.7183, 8.28908],
			"rotation": {"angle": 0, "axis": "y", "origin": [6.79472, 19.67599, 6.04376]},
			"faces": {
				"north": {"uv": [3.754, 7.754, 3.871, 8.246], "texture": "#0"},
				"east": {"uv": [4.254, 7.754, 4.371, 8.246], "texture": "#0"},
				"south": {"uv": [4.379, 7.754, 4.496, 8.246], "texture": "#0"},
				"west": {"uv": [5.879, 7.754, 5.996, 8.246], "texture": "#0"},
				"up": {"uv": [8.371, 3.996, 8.254, 3.879], "texture": "#0"},
				"down": {"uv": [8.371, 4.004, 8.254, 4.121], "texture": "#0"}
			}
		},
		{
			"from": [6.06896, 18.91038, 7.68644],
			"to": [6.37028, 19.51302, 8.28908],
			"rotation": {"angle": 0, "axis": "y", "origin": [6.79472, 19.67599, 6.04376]},
			"faces": {
				"north": {"uv": [4.129, 8.254, 4.246, 8.371], "texture": "#0"},
				"east": {"uv": [8.254, 4.129, 8.371, 4.246], "texture": "#0"},
				"south": {"uv": [4.254, 8.254, 4.371, 8.371], "texture": "#0"},
				"west": {"uv": [8.254, 4.254, 8.371, 4.371], "texture": "#0"},
				"up": {"uv": [4.496, 8.371, 4.379, 8.254], "texture": "#0"},
				"down": {"uv": [8.371, 4.379, 8.254, 4.496], "texture": "#0"}
			}
		},
		{
			"from": [6.37028, 18.91038, 7.68644],
			"to": [6.6716, 19.2117, 8.28908],
			"rotation": {"angle": 0, "axis": "y", "origin": [6.79472, 19.67599, 6.04376]},
			"faces": {
				"north": {"uv": [4.504, 8.254, 4.621, 8.371], "texture": "#0"},
				"east": {"uv": [8.254, 4.504, 8.371, 4.621], "texture": "#0"},
				"south": {"uv": [4.629, 8.254, 4.746, 8.371], "texture": "#0"},
				"west": {"uv": [8.254, 4.629, 8.371, 4.746], "texture": "#0"},
				"up": {"uv": [4.871, 8.371, 4.754, 8.254], "texture": "#0"},
				"down": {"uv": [8.371, 4.754, 8.254, 4.871], "texture": "#0"}
			}
		},
		{
			"from": [7.54955, 20.72455, 7.32455],
			"to": [8.00045, 28.63045, 8.67545],
			"rotation": {"angle": -22.5, "axis": "z", "origin": [8, 27.55, 8.225]},
			"faces": {
				"north": {"uv": [5.25, 6.5, 5.375, 8.75], "texture": "#0"},
				"east": {"uv": [4.5, 0, 4.875, 2.25], "texture": "#0"},
				"south": {"uv": [5.375, 6.5, 5.5, 8.75], "texture": "#0"},
				"west": {"uv": [4.5, 2.25, 4.875, 4.5], "texture": "#0"},
				"up": {"uv": [8, 6.5, 7.875, 6.125], "texture": "#0"},
				"down": {"uv": [6.375, 7.875, 6.25, 8.25], "texture": "#0"}
			}
		},
		{
			"from": [5.75944, 22.50317, 7.326],
			"to": [10.25744, 22.95117, 8.674],
			"rotation": {"angle": -45, "axis": "z", "origin": [4.03344, 22.90217, 8.225]},
			"faces": {
				"north": {"uv": [7.25, 3.25, 8.375, 3.375], "texture": "#0"},
				"east": {"uv": [7.5, 4.125, 7.875, 4.25], "texture": "#0"},
				"south": {"uv": [7.25, 3.375, 8.375, 3.5], "texture": "#0"},
				"west": {"uv": [7.75, 3.125, 8.125, 3.25], "texture": "#0"},
				"up": {"uv": [6.25, 3.125, 5.125, 2.75], "texture": "#0"},
				"down": {"uv": [6.375, 3.125, 5.25, 3.5], "texture": "#0"}
			}
		},
		{
			"from": [3.67277, 17.43133, 7.32455],
			"to": [10.64867, 17.88223, 8.67545],
			"rotation": {"angle": -45, "axis": "z", "origin": [4.61822, 17.43178, 8.225]},
			"faces": {
				"north": {"uv": [6.25, 6.5, 8.25, 6.625], "texture": "#0"},
				"east": {"uv": [7.875, 0.375, 8.25, 0.5], "texture": "#0"},
				"south": {"uv": [6.25, 6.625, 8.25, 6.75], "texture": "#0"},
				"west": {"uv": [7.875, 7.25, 8.25, 7.375], "texture": "#0"},
				"up": {"uv": [7.125, 0.375, 5.125, 0], "texture": "#0"},
				"down": {"uv": [7.125, 0.375, 5.125, 0.75], "texture": "#0"}
			}
		},
		{
			"from": [8.17322, 17.43178, 7.325],
			"to": [11.27822, 17.88178, 8.675],
			"rotation": {"angle": -45, "axis": "z", "origin": [4.16822, 17.88178, 8.225]},
			"faces": {
				"north": {"uv": [6.625, 7.25, 7.5, 7.375], "texture": "#0"},
				"east": {"uv": [7.875, 7.375, 8.25, 7.5], "texture": "#0"},
				"south": {"uv": [7.25, 6.75, 8.125, 6.875], "texture": "#0"},
				"west": {"uv": [7.875, 7.5, 8.25, 7.625], "texture": "#0"},
				"up": {"uv": [6.125, 4.625, 5.25, 4.25], "texture": "#0"},
				"down": {"uv": [6.125, 4.625, 5.25, 5], "texture": "#0"}
			}
		},
		{
			"from": [8.62322, 16.98178, 7.325],
			"to": [11.72822, 17.43178, 8.675],
			"rotation": {"angle": -45, "axis": "z", "origin": [4.16822, 17.88178, 8.225]},
			"faces": {
				"north": {"uv": [7.25, 6.875, 8.125, 7], "texture": "#0"},
				"east": {"uv": [7.875, 7.625, 8.25, 7.75], "texture": "#0"},
				"south": {"uv": [7.25, 7, 8.125, 7.125], "texture": "#0"},
				"west": {"uv": [7.875, 7.75, 8.25, 7.875], "texture": "#0"},
				"up": {"uv": [6.125, 5.375, 5.25, 5], "texture": "#0"},
				"down": {"uv": [6.125, 5.375, 5.25, 5.75], "texture": "#0"}
			}
		},
		{
			"from": [9.07322, 16.53178, 7.325],
			"to": [12.17822, 16.98178, 8.675],
			"rotation": {"angle": -45, "axis": "z", "origin": [4.16822, 17.88178, 8.225]},
			"faces": {
				"north": {"uv": [7.25, 7.125, 8.125, 7.25], "texture": "#0"},
				"east": {"uv": [7.875, 7.875, 8.25, 8], "texture": "#0"},
				"south": {"uv": [7.375, 0, 8.25, 0.125], "texture": "#0"},
				"west": {"uv": [8, 0.5, 8.375, 0.625], "texture": "#0"},
				"up": {"uv": [6.125, 6.125, 5.25, 5.75], "texture": "#0"},
				"down": {"uv": [6.875, 0.75, 6, 1.125], "texture": "#0"}
			}
		},
		{
			"from": [7.55, 24.85, 7.325],
			"to": [8.45, 27.55, 8.675],
			"rotation": {"angle": 0, "axis": "y", "origin": [8, 27.55, 8.225]},
			"faces": {
				"north": {"uv": [5, 6.75, 5.25, 7.5], "texture": "#0"},
				"east": {"uv": [5.5, 6.5, 5.875, 7.25], "texture": "#0"},
				"south": {"uv": [7.125, 0, 7.375, 0.75], "texture": "#0"},
				"west": {"uv": [5.875, 6.5, 6.25, 7.25], "texture": "#0"},
				"up": {"uv": [7.625, 0.5, 7.375, 0.125], "texture": "#0"},
				"down": {"uv": [3.875, 7.375, 3.625, 7.75], "texture": "#0"}
			}
		},
		{
			"from": [8, 27.55, 7.325],
			"to": [8.45, 28.72, 8.675],
			"rotation": {"angle": 0, "axis": "y", "origin": [8, 28, 8.225]},
			"faces": {
				"north": {"uv": [0.125, 8, 0.25, 8.375], "texture": "#0"},
				"east": {"uv": [3.25, 7.25, 3.625, 7.625], "texture": "#0"},
				"south": {"uv": [0.25, 8, 0.375, 8.375], "texture": "#0"},
				"west": {"uv": [5.5, 7.25, 5.875, 7.625], "texture": "#0"},
				"up": {"uv": [1, 8.375, 0.875, 8], "texture": "#0"},
				"down": {"uv": [1.125, 8, 1, 8.375], "texture": "#0"}
			}
		},
		{
			"from": [4.4, 17.65, 7.325],
			"to": [8.55, 18.55, 8.675],
			"rotation": {"angle": 0, "axis": "y", "origin": [8, 19.45, 8.225]},
			"faces": {
				"north": {"uv": [6.375, 3.75, 7.5, 4], "texture": "#0"},
				"east": {"uv": [7.375, 0.5, 7.75, 0.75], "texture": "#0"},
				"south": {"uv": [6.375, 4, 7.5, 4.25], "texture": "#0"},
				"west": {"uv": [3.875, 7.375, 4.25, 7.625], "texture": "#0"},
				"up": {"uv": [6.375, 3.875, 5.25, 3.5], "texture": "#0"},
				"down": {"uv": [6.375, 3.875, 5.25, 4.25], "texture": "#0"}
			}
		},
		{
			"from": [3.95, 18.1, 7.325],
			"to": [4.4, 18.55, 8.675],
			"rotation": {"angle": 0, "axis": "y", "origin": [7.55, 19.45, 8.225]},
			"faces": {
				"north": {"uv": [4.875, 8.25, 5, 8.375], "texture": "#0"},
				"east": {"uv": [8, 0.625, 8.375, 0.75], "texture": "#0"},
				"south": {"uv": [8.25, 4.875, 8.375, 5], "texture": "#0"},
				"west": {"uv": [8, 0.75, 8.375, 0.875], "texture": "#0"},
				"up": {"uv": [1.25, 8.375, 1.125, 8], "texture": "#0"},
				"down": {"uv": [1.375, 8, 1.25, 8.375], "texture": "#0"}
			}
		},
		{
			"from": [7.55, 12.7, 7.55],
			"to": [8.45, 24.85, 8.45],
			"rotation": {"angle": 0, "axis": "y", "origin": [8, 28.9, 8]},
			"faces": {
				"north": {"uv": [4.5, 4.5, 4.75, 7.875], "texture": "#0"},
				"east": {"uv": [4.75, 4.5, 5, 7.875], "texture": "#0"},
				"south": {"uv": [4.875, 0, 5.125, 3.375], "texture": "#0"},
				"west": {"uv": [5, 3.375, 5.25, 6.75], "texture": "#0"},
				"up": {"uv": [8, 2.375, 7.75, 2.125], "texture": "#0"},
				"down": {"uv": [8, 2.875, 7.75, 3.125], "texture": "#0"}
			}
		},
		{
			"from": [8.45, 17.695, 7.505],
			"to": [8.9, 18.145, 8.495],
			"rotation": {"angle": 45, "axis": "z", "origin": [8.675, 16.975, 8]},
			"faces": {
				"north": {"uv": [5, 8.25, 5.125, 8.375], "texture": "#0"},
				"east": {"uv": [6, 2.625, 6.25, 2.75], "texture": "#0"},
				"south": {"uv": [5.125, 8.25, 5.25, 8.375], "texture": "#0"},
				"west": {"uv": [6.875, 2.5, 7.125, 2.625], "texture": "#0"},
				"up": {"uv": [2.25, 8.25, 2.125, 8], "texture": "#0"},
				"down": {"uv": [8.125, 2.125, 8, 2.375], "texture": "#0"}
			}
		},
		{
			"from": [8.45, 16.795, 7.505],
			"to": [8.9, 17.245, 8.495],
			"rotation": {"angle": 45, "axis": "z", "origin": [8.675, 16.075, 8]},
			"faces": {
				"north": {"uv": [8.25, 5.25, 8.375, 5.375], "texture": "#0"},
				"east": {"uv": [2.25, 8, 2.5, 8.125], "texture": "#0"},
				"south": {"uv": [8.25, 5.375, 8.375, 5.5], "texture": "#0"},
				"west": {"uv": [2.5, 8, 2.75, 8.125], "texture": "#0"},
				"up": {"uv": [8.125, 3.125, 8, 2.875], "texture": "#0"},
				"down": {"uv": [3.25, 8, 3.125, 8.25], "texture": "#0"}
			}
		},
		{
			"from": [8.45, 15.895, 7.505],
			"to": [8.9, 16.345, 8.495],
			"rotation": {"angle": 45, "axis": "z", "origin": [8.675, 15.175, 8]},
			"faces": {
				"north": {"uv": [8.25, 5.5, 8.375, 5.625], "texture": "#0"},
				"east": {"uv": [8, 4.25, 8.25, 4.375], "texture": "#0"},
				"south": {"uv": [8.25, 5.625, 8.375, 5.75], "texture": "#0"},
				"west": {"uv": [8, 4.375, 8.25, 4.5], "texture": "#0"},
				"up": {"uv": [3.375, 8.25, 3.25, 8], "texture": "#0"},
				"down": {"uv": [8.125, 4.5, 8, 4.75], "texture": "#0"}
			}
		},
		{
			"from": [8.45, 14.995, 7.505],
			"to": [8.9, 15.445, 8.495],
			"rotation": {"angle": 45, "axis": "z", "origin": [8.675, 14.275, 8]},
			"faces": {
				"north": {"uv": [5.75, 8.25, 5.875, 8.375], "texture": "#0"},
				"east": {"uv": [8, 4.75, 8.25, 4.875], "texture": "#0"},
				"south": {"uv": [8.25, 5.75, 8.375, 5.875], "texture": "#0"},
				"west": {"uv": [8, 4.875, 8.25, 5], "texture": "#0"},
				"up": {"uv": [8.125, 5.25, 8, 5], "texture": "#0"},
				"down": {"uv": [8.125, 5.25, 8, 5.5], "texture": "#0"}
			}
		},
		{
			"from": [8.45, 18.595, 7.505],
			"to": [8.9, 19.045, 8.495],
			"rotation": {"angle": 45, "axis": "z", "origin": [8.675, 17.875, 8]},
			"faces": {
				"north": {"uv": [5.875, 8.25, 6, 8.375], "texture": "#0"},
				"east": {"uv": [5.5, 8, 5.75, 8.125], "texture": "#0"},
				"south": {"uv": [8.25, 5.875, 8.375, 6], "texture": "#0"},
				"west": {"uv": [8, 5.5, 8.25, 5.625], "texture": "#0"},
				"up": {"uv": [8.125, 5.875, 8, 5.625], "texture": "#0"},
				"down": {"uv": [8.125, 5.875, 8, 6.125], "texture": "#0"}
			}
		},
		{
			"from": [8.45, 19.495, 7.505],
			"to": [8.9, 19.945, 8.495],
			"rotation": {"angle": 45, "axis": "z", "origin": [8.675, 18.775, 8]},
			"faces": {
				"north": {"uv": [8.25, 6, 8.375, 6.125], "texture": "#0"},
				"east": {"uv": [8, 6.125, 8.25, 6.25], "texture": "#0"},
				"south": {"uv": [6.125, 8.25, 6.25, 8.375], "texture": "#0"},
				"west": {"uv": [8, 6.25, 8.25, 6.375], "texture": "#0"},
				"up": {"uv": [6.75, 8.25, 6.625, 8], "texture": "#0"},
				"down": {"uv": [6.875, 8, 6.75, 8.25], "texture": "#0"}
			}
		},
		{
			"from": [8.45, 20.395, 7.505],
			"to": [8.9, 20.845, 8.495],
			"rotation": {"angle": 45, "axis": "z", "origin": [8.675, 19.675, 8]},
			"faces": {
				"north": {"uv": [8.25, 6.125, 8.375, 6.25], "texture": "#0"},
				"east": {"uv": [8, 6.375, 8.25, 6.5], "texture": "#0"},
				"south": {"uv": [6.25, 8.25, 6.375, 8.375], "texture": "#0"},
				"west": {"uv": [6.875, 8, 7.125, 8.125], "texture": "#0"},
				"up": {"uv": [7.25, 8.25, 7.125, 8], "texture": "#0"},
				"down": {"uv": [7.375, 8, 7.25, 8.25], "texture": "#0"}
			}
		},
		{
			"from": [8.45, 21.295, 7.505],
			"to": [8.9, 21.745, 8.495],
			"rotation": {"angle": 45, "axis": "z", "origin": [8.675, 20.575, 8]},
			"faces": {
				"north": {"uv": [8.25, 6.25, 8.375, 6.375], "texture": "#0"},
				"east": {"uv": [7.5, 8, 7.75, 8.125], "texture": "#0"},
				"south": {"uv": [6.375, 8.25, 6.5, 8.375], "texture": "#0"},
				"west": {"uv": [7.75, 8, 8, 8.125], "texture": "#0"},
				"up": {"uv": [8.125, 8.25, 8, 8], "texture": "#0"},
				"down": {"uv": [8.25, 0.125, 8.125, 0.375], "texture": "#0"}
			}
		},
		{
			"from": [8.45, 22.195, 7.505],
			"to": [8.9, 22.645, 8.495],
			"rotation": {"angle": 45, "axis": "z", "origin": [8.675, 21.475, 8]},
			"faces": {
				"north": {"uv": [8.25, 6.375, 8.375, 6.5], "texture": "#0"},
				"east": {"uv": [8.125, 0.875, 8.375, 1], "texture": "#0"},
				"south": {"uv": [6.5, 8.25, 6.625, 8.375], "texture": "#0"},
				"west": {"uv": [8.125, 1, 8.375, 1.125], "texture": "#0"},
				"up": {"uv": [8.25, 1.375, 8.125, 1.125], "texture": "#0"},
				"down": {"uv": [8.25, 1.375, 8.125, 1.625], "texture": "#0"}
			}
		},
		{
			"from": [8.45, 23.095, 7.505],
			"to": [8.9, 23.545, 8.495],
			"rotation": {"angle": 45, "axis": "z", "origin": [8.675, 22.375, 8]},
			"faces": {
				"north": {"uv": [8.25, 6.5, 8.375, 6.625], "texture": "#0"},
				"east": {"uv": [8.125, 1.625, 8.375, 1.75], "texture": "#0"},
				"south": {"uv": [6.625, 8.25, 6.75, 8.375], "texture": "#0"},
				"west": {"uv": [8.125, 1.75, 8.375, 1.875], "texture": "#0"},
				"up": {"uv": [8.25, 2.125, 8.125, 1.875], "texture": "#0"},
				"down": {"uv": [8.25, 2.125, 8.125, 2.375], "texture": "#0"}
			}
		},
		{
			"from": [8.45, 23.995, 7.505],
			"to": [8.9, 24.445, 8.495],
			"rotation": {"angle": 45, "axis": "z", "origin": [8.675, 23.275, 8]},
			"faces": {
				"north": {"uv": [8.25, 6.625, 8.375, 6.75], "texture": "#0"},
				"east": {"uv": [2.25, 8.125, 2.5, 8.25], "texture": "#0"},
				"south": {"uv": [6.75, 8.25, 6.875, 8.375], "texture": "#0"},
				"west": {"uv": [8.125, 2.375, 8.375, 2.5], "texture": "#0"},
				"up": {"uv": [2.625, 8.375, 2.5, 8.125], "texture": "#0"},
				"down": {"uv": [8.25, 2.5, 8.125, 2.75], "texture": "#0"}
			}
		},
		{
			"from": [8.45, 24.895, 7.505],
			"to": [8.9, 25.345, 8.495],
			"rotation": {"angle": 45, "axis": "z", "origin": [8.675, 24.175, 8]},
			"faces": {
				"north": {"uv": [8.25, 6.75, 8.375, 6.875], "texture": "#0"},
				"east": {"uv": [8.125, 2.75, 8.375, 2.875], "texture": "#0"},
				"south": {"uv": [8.25, 6.875, 8.375, 7], "texture": "#0"},
				"west": {"uv": [8.125, 2.875, 8.375, 3], "texture": "#0"},
				"up": {"uv": [2.75, 8.375, 2.625, 8.125], "texture": "#0"},
				"down": {"uv": [8.25, 3, 8.125, 3.25], "texture": "#0"}
			}
		},
		{
			"from": [7.1, -15.2, 8],
			"to": [8.855, 13.6, 8],
			"rotation": {"angle": 0, "axis": "y", "origin": [8, -15.2, 8]},
			"faces": {
				"north": {"uv": [1.75, 0, 2.25, 8], "texture": "#0"},
				"east": {"uv": [0, 0, 0, 8], "texture": "#0"},
				"south": {"uv": [2.25, 0, 2.75, 8], "texture": "#0"},
				"west": {"uv": [0, 0, 0, 8], "texture": "#0"},
				"up": {"uv": [0.5, 0, 0, 0], "texture": "#0"},
				"down": {"uv": [0.5, 0, 0, 0], "texture": "#0"}
			}
		},
		{
			"from": [8.45, -13.85, 7.9],
			"to": [8.855, -12.95, 8.1],
			"rotation": {"angle": 0, "axis": "y", "origin": [8, -15.2, 8.225]},
			"faces": {
				"north": {"uv": [8.125, 3.5, 8.25, 3.75], "texture": "#0"},
				"east": {"uv": [8.125, 3.75, 8.25, 4], "texture": "#0"},
				"south": {"uv": [8.125, 4, 8.25, 4.25], "texture": "#0"},
				"west": {"uv": [8.125, 4.5, 8.25, 4.75], "texture": "#0"},
				"up": {"uv": [8.375, 7.125, 8.25, 7], "texture": "#0"},
				"down": {"uv": [7.25, 8.25, 7.125, 8.375], "texture": "#0"}
			}
		},
		{
			"from": [8, -12.95, 7.9],
			"to": [8.855, 13.6, 8.1],
			"rotation": {"angle": 0, "axis": "y", "origin": [7.55, -15.2, 8.225]},
			"faces": {
				"north": {"uv": [3.75, 0, 4, 7.375], "texture": "#0"},
				"east": {"uv": [4.25, 0, 4.375, 7.375], "texture": "#0"},
				"south": {"uv": [4, 0, 4.25, 7.375], "texture": "#0"},
				"west": {"uv": [4.375, 0, 4.5, 7.375], "texture": "#0"},
				"up": {"uv": [8.375, 5.125, 8.125, 5], "texture": "#0"},
				"down": {"uv": [8.375, 5.125, 8.125, 5.25], "texture": "#0"}
			}
		},
		{
			"from": [6.2, 9.775, 7.505],
			"to": [9.215, 10.9, 8.495],
			"rotation": {"angle": -45, "axis": "z", "origin": [8, 10.45, 7.775]},
			"faces": {
				"north": {"uv": [6, 1.125, 6.875, 1.5], "texture": "#0"},
				"east": {"uv": [4.25, 7.375, 4.5, 7.75], "texture": "#0"},
				"south": {"uv": [6, 1.5, 6.875, 1.875], "texture": "#0"},
				"west": {"uv": [6.625, 7.375, 6.875, 7.75], "texture": "#0"},
				"up": {"uv": [7.75, 1, 6.875, 0.75], "texture": "#0"},
				"down": {"uv": [7.75, 1, 6.875, 1.25], "texture": "#0"}
			}
		},
		{
			"from": [9.215, 9.775, 7.505],
			"to": [9.665, 10.45, 8.495],
			"rotation": {"angle": -45, "axis": "z", "origin": [8, 10.45, 7.775]},
			"faces": {
				"north": {"uv": [8.125, 5.25, 8.25, 5.5], "texture": "#0"},
				"east": {"uv": [6.625, 7.75, 6.875, 8], "texture": "#0"},
				"south": {"uv": [5.5, 8.125, 5.625, 8.375], "texture": "#0"},
				"west": {"uv": [6.875, 7.75, 7.125, 8], "texture": "#0"},
				"up": {"uv": [5.75, 8.375, 5.625, 8.125], "texture": "#0"},
				"down": {"uv": [8.25, 5.625, 8.125, 5.875], "texture": "#0"}
			}
		},
		{
			"from": [6.515, 10.585, 7.73],
			"to": [6.965, 12.835, 8.27],
			"rotation": {"angle": -22.5, "axis": "z", "origin": [8.225, 11.35, 8]},
			"faces": {
				"north": {"uv": [4.125, 7.625, 4.25, 8.25], "texture": "#0"},
				"east": {"uv": [5.75, 7.625, 5.875, 8.25], "texture": "#0"},
				"south": {"uv": [7.75, 0.875, 7.875, 1.5], "texture": "#0"},
				"west": {"uv": [1.5, 7.75, 1.625, 8.375], "texture": "#0"},
				"up": {"uv": [8.375, 7.25, 8.25, 7.125], "texture": "#0"},
				"down": {"uv": [7.375, 8.25, 7.25, 8.375], "texture": "#0"}
			}
		},
		{
			"from": [6.2, 7.075, 7.505],
			"to": [9.215, 8.2, 8.495],
			"rotation": {"angle": -45, "axis": "z", "origin": [8, 7.75, 7.775]},
			"faces": {
				"north": {"uv": [6, 1.875, 6.875, 2.25], "texture": "#0"},
				"east": {"uv": [6.875, 7.375, 7.125, 7.75], "texture": "#0"},
				"south": {"uv": [6, 2.25, 6.875, 2.625], "texture": "#0"},
				"west": {"uv": [7.125, 7.375, 7.375, 7.75], "texture": "#0"},
				"up": {"uv": [7.75, 1.5, 6.875, 1.25], "texture": "#0"},
				"down": {"uv": [7.75, 1.5, 6.875, 1.75], "texture": "#0"}
			}
		},
		{
			"from": [9.215, 7.075, 7.505],
			"to": [9.665, 7.75, 8.495],
			"rotation": {"angle": -45, "axis": "z", "origin": [8, 7.75, 7.775]},
			"faces": {
				"north": {"uv": [8.125, 5.875, 8.25, 6.125], "texture": "#0"},
				"east": {"uv": [7.125, 7.75, 7.375, 8], "texture": "#0"},
				"south": {"uv": [6, 8.125, 6.125, 8.375], "texture": "#0"},
				"west": {"uv": [7.875, 0.125, 8.125, 0.375], "texture": "#0"},
				"up": {"uv": [8.25, 7, 8.125, 6.75], "texture": "#0"},
				"down": {"uv": [7, 8.125, 6.875, 8.375], "texture": "#0"}
			}
		},
		{
			"from": [6.515, 7.885, 7.73],
			"to": [7.01, 10.585, 8.27],
			"rotation": {"angle": -22.5, "axis": "z", "origin": [8.27, 8.65, 8]},
			"faces": {
				"north": {"uv": [4.875, 3.375, 5, 4.125], "texture": "#0"},
				"east": {"uv": [7.375, 7.375, 7.5, 8.125], "texture": "#0"},
				"south": {"uv": [5, 7.5, 5.125, 8.25], "texture": "#0"},
				"west": {"uv": [5.125, 7.5, 5.25, 8.25], "texture": "#0"},
				"up": {"uv": [8.375, 7.375, 8.25, 7.25], "texture": "#0"},
				"down": {"uv": [8.375, 7.375, 8.25, 7.5], "texture": "#0"}
			}
		},
		{
			"from": [6.2, 4.375, 7.505],
			"to": [9.215, 5.5, 8.495],
			"rotation": {"angle": -45, "axis": "z", "origin": [8, 5.05, 7.775]},
			"faces": {
				"north": {"uv": [6.125, 4.25, 7, 4.625], "texture": "#0"},
				"east": {"uv": [7.5, 3.75, 7.75, 4.125], "texture": "#0"},
				"south": {"uv": [6.125, 4.625, 7, 5], "texture": "#0"},
				"west": {"uv": [6.125, 7.5, 6.375, 7.875], "texture": "#0"},
				"up": {"uv": [7.75, 2, 6.875, 1.75], "texture": "#0"},
				"down": {"uv": [7.75, 2, 6.875, 2.25], "texture": "#0"}
			}
		},
		{
			"from": [9.215, 4.375, 7.505],
			"to": [9.665, 5.05, 8.495],
			"rotation": {"angle": -45, "axis": "z", "origin": [8, 5.05, 7.775]},
			"faces": {
				"north": {"uv": [7, 8.125, 7.125, 8.375], "texture": "#0"},
				"east": {"uv": [7.875, 0.875, 8.125, 1.125], "texture": "#0"},
				"south": {"uv": [8.125, 7, 8.25, 7.25], "texture": "#0"},
				"west": {"uv": [7.875, 1.125, 8.125, 1.375], "texture": "#0"},
				"up": {"uv": [7.5, 8.375, 7.375, 8.125], "texture": "#0"},
				"down": {"uv": [7.625, 8.125, 7.5, 8.375], "texture": "#0"}
			}
		},
		{
			"from": [6.515, 5.185, 7.73],
			"to": [7.01, 7.885, 8.27],
			"rotation": {"angle": -22.5, "axis": "z", "origin": [8.27, 5.95, 8]},
			"faces": {
				"north": {"uv": [6.375, 7.5, 6.5, 8.25], "texture": "#0"},
				"east": {"uv": [6.5, 7.5, 6.625, 8.25], "texture": "#0"},
				"south": {"uv": [7.5, 7.25, 7.625, 8], "texture": "#0"},
				"west": {"uv": [0, 7.625, 0.125, 8.375], "texture": "#0"},
				"up": {"uv": [8.375, 7.625, 8.25, 7.5], "texture": "#0"},
				"down": {"uv": [8.375, 7.625, 8.25, 7.75], "texture": "#0"}
			}
		},
		{
			"from": [6.2, 1.675, 7.505],
			"to": [9.215, 2.8, 8.495],
			"rotation": {"angle": -45, "axis": "z", "origin": [8, 2.35, 7.775]},
			"faces": {
				"north": {"uv": [6.125, 5, 7, 5.375], "texture": "#0"},
				"east": {"uv": [0.125, 7.625, 0.375, 8], "texture": "#0"},
				"south": {"uv": [5.25, 6.125, 6.125, 6.5], "texture": "#0"},
				"west": {"uv": [7.625, 0.125, 7.875, 0.5], "texture": "#0"},
				"up": {"uv": [7.75, 2.5, 6.875, 2.25], "texture": "#0"},
				"down": {"uv": [7.875, 4.25, 7, 4.5], "texture": "#0"}
			}
		},
		{
			"from": [9.215, 1.675, 7.505],
			"to": [9.665, 2.35, 8.495],
			"rotation": {"angle": -45, "axis": "z", "origin": [8, 2.35, 7.775]},
			"faces": {
				"north": {"uv": [7.625, 8.125, 7.75, 8.375], "texture": "#0"},
				"east": {"uv": [7.875, 1.375, 8.125, 1.625], "texture": "#0"},
				"south": {"uv": [7.75, 8.125, 7.875, 8.375], "texture": "#0"},
				"west": {"uv": [7.875, 1.625, 8.125, 1.875], "texture": "#0"},
				"up": {"uv": [8, 8.375, 7.875, 8.125], "texture": "#0"},
				"down": {"uv": [8.25, 8, 8.125, 8.25], "texture": "#0"}
			}
		},
		{
			"from": [6.515, 2.485, 7.73],
			"to": [7.01, 5.185, 8.27],
			"rotation": {"angle": -22.5, "axis": "z", "origin": [8.27, 3.25, 8]},
			"faces": {
				"north": {"uv": [0.375, 7.625, 0.5, 8.375], "texture": "#0"},
				"east": {"uv": [0.5, 7.625, 0.625, 8.375], "texture": "#0"},
				"south": {"uv": [0.625, 7.625, 0.75, 8.375], "texture": "#0"},
				"west": {"uv": [0.75, 7.625, 0.875, 8.375], "texture": "#0"},
				"up": {"uv": [8.375, 7.875, 8.25, 7.75], "texture": "#0"},
				"down": {"uv": [8.375, 7.875, 8.25, 8], "texture": "#0"}
			}
		},
		{
			"from": [6.2, -1.025, 7.505],
			"to": [9.215, 0.1, 8.495],
			"rotation": {"angle": -45, "axis": "z", "origin": [8, -0.35, 7.775]},
			"faces": {
				"north": {"uv": [6.125, 5.375, 7, 5.75], "texture": "#0"},
				"east": {"uv": [0.875, 7.625, 1.125, 8], "texture": "#0"},
				"south": {"uv": [6.125, 5.75, 7, 6.125], "texture": "#0"},
				"west": {"uv": [1.125, 7.625, 1.375, 8], "texture": "#0"},
				"up": {"uv": [7.875, 4.75, 7, 4.5], "texture": "#0"},
				"down": {"uv": [7.875, 4.75, 7, 5], "texture": "#0"}
			}
		},
		{
			"from": [9.215, -1.025, 7.505],
			"to": [9.665, -0.35, 8.495],
			"rotation": {"angle": -45, "axis": "z", "origin": [8, -0.35, 7.775]},
			"faces": {
				"north": {"uv": [8.25, 0, 8.375, 0.25], "texture": "#0"},
				"east": {"uv": [7.875, 1.875, 8.125, 2.125], "texture": "#0"},
				"south": {"uv": [8.25, 0.25, 8.375, 0.5], "texture": "#0"},
				"west": {"uv": [7.875, 2.375, 8.125, 2.625], "texture": "#0"},
				"up": {"uv": [8.375, 1.375, 8.25, 1.125], "texture": "#0"},
				"down": {"uv": [8.375, 1.375, 8.25, 1.625], "texture": "#0"}
			}
		},
		{
			"from": [6.515, -0.215, 7.73],
			"to": [7.01, 2.485, 8.27],
			"rotation": {"angle": -22.5, "axis": "z", "origin": [8.27, 0.55, 8]},
			"faces": {
				"north": {"uv": [1.375, 7.625, 1.5, 8.375], "texture": "#0"},
				"east": {"uv": [2.75, 7.625, 2.875, 8.375], "texture": "#0"},
				"south": {"uv": [2.875, 7.625, 3, 8.375], "texture": "#0"},
				"west": {"uv": [3, 7.625, 3.125, 8.375], "texture": "#0"},
				"up": {"uv": [8.125, 8.375, 8, 8.25], "texture": "#0"},
				"down": {"uv": [8.375, 8, 8.25, 8.125], "texture": "#0"}
			}
		},
		{
			"from": [6.2, -3.725, 7.505],
			"to": [9.215, -2.6, 8.495],
			"rotation": {"angle": -45, "axis": "z", "origin": [8, -3.05, 7.775]},
			"faces": {
				"north": {"uv": [6.125, 6.125, 7, 6.5], "texture": "#0"},
				"east": {"uv": [7.625, 2.5, 7.875, 2.875], "texture": "#0"},
				"south": {"uv": [6.25, 2.625, 7.125, 3], "texture": "#0"},
				"west": {"uv": [3.125, 7.625, 3.375, 8], "texture": "#0"},
				"up": {"uv": [7.875, 5.25, 7, 5], "texture": "#0"},
				"down": {"uv": [7.875, 5.25, 7, 5.5], "texture": "#0"}
			}
		},
		{
			"from": [9.215, -3.725, 7.505],
			"to": [9.665, -3.05, 8.495],
			"rotation": {"angle": -45, "axis": "z", "origin": [8, -3.05, 7.775]},
			"faces": {
				"north": {"uv": [1.75, 8.25, 1.875, 8.5], "texture": "#0"},
				"east": {"uv": [7.875, 2.625, 8.125, 2.875], "texture": "#0"},
				"south": {"uv": [1.875, 8.25, 2, 8.5], "texture": "#0"},
				"west": {"uv": [7.875, 3.5, 8.125, 3.75], "texture": "#0"},
				"up": {"uv": [8.375, 2.125, 8.25, 1.875], "texture": "#0"},
				"down": {"uv": [2.125, 8.25, 2, 8.5], "texture": "#0"}
			}
		},
		{
			"from": [6.515, -2.915, 7.73],
			"to": [7.01, -0.215, 8.27],
			"rotation": {"angle": -22.5, "axis": "z", "origin": [8.27, -2.15, 8]},
			"faces": {
				"north": {"uv": [3.375, 7.625, 3.5, 8.375], "texture": "#0"},
				"east": {"uv": [3.5, 7.625, 3.625, 8.375], "texture": "#0"},
				"south": {"uv": [3.875, 7.625, 4, 8.375], "texture": "#0"},
				"west": {"uv": [4, 7.625, 4.125, 8.375], "texture": "#0"},
				"up": {"uv": [8.25, 8.375, 8.125, 8.25], "texture": "#0"},
				"down": {"uv": [8.375, 8.125, 8.25, 8.25], "texture": "#0"}
			}
		},
		{
			"from": [6.2, -6.425, 7.505],
			"to": [9.215, -5.3, 8.495],
			"rotation": {"angle": -45, "axis": "z", "origin": [8, -5.75, 7.775]},
			"faces": {
				"north": {"uv": [6.375, 3, 7.25, 3.375], "texture": "#0"},
				"east": {"uv": [5.5, 7.625, 5.75, 8], "texture": "#0"},
				"south": {"uv": [6.375, 3.375, 7.25, 3.75], "texture": "#0"},
				"west": {"uv": [7.625, 7.25, 7.875, 7.625], "texture": "#0"},
				"up": {"uv": [7.875, 5.75, 7, 5.5], "texture": "#0"},
				"down": {"uv": [7.875, 5.75, 7, 6], "texture": "#0"}
			}
		},
		{
			"from": [9.215, -6.425, 7.505],
			"to": [9.665, -5.75, 8.495],
			"rotation": {"angle": -45, "axis": "z", "origin": [8, -5.75, 7.775]},
			"faces": {
				"north": {"uv": [2.125, 8.25, 2.25, 8.5], "texture": "#0"},
				"east": {"uv": [7.875, 3.75, 8.125, 4], "texture": "#0"},
				"south": {"uv": [8.25, 2.125, 8.375, 2.375], "texture": "#0"},
				"west": {"uv": [7.875, 4, 8.125, 4.25], "texture": "#0"},
				"up": {"uv": [2.375, 8.5, 2.25, 8.25], "texture": "#0"},
				"down": {"uv": [2.5, 8.25, 2.375, 8.5], "texture": "#0"}
			}
		},
		{
			"from": [6.695, -5.615, 7.73],
			"to": [7.19, -3.365, 8.27],
			"rotation": {"angle": -22.5, "axis": "z", "origin": [8.45, -4.4, 8]},
			"faces": {
				"north": {"uv": [7.75, 1.5, 7.875, 2.125], "texture": "#0"},
				"east": {"uv": [1.625, 7.75, 1.75, 8.375], "texture": "#0"},
				"south": {"uv": [7.75, 3.5, 7.875, 4.125], "texture": "#0"},
				"west": {"uv": [3.625, 7.75, 3.75, 8.375], "texture": "#0"},
				"up": {"uv": [8.375, 8.375, 8.25, 8.25], "texture": "#0"},
				"down": {"uv": [0.125, 8.375, 0, 8.5], "texture": "#0"}
			}
		}
	],
	"gui_light": "front",
	"display": {
		"thirdperson_righthand": {
			"rotation": [0, 90, 180],
			"translation": [-0.25, 12.25, 1]
		},
		"thirdperson_lefthand": {
			"rotation": [0, -90, 180],
			"translation": [-0.25, 12.25, 1]
		},
		"firstperson_righthand": {
			"rotation": [0, 90, -180],
			"translation": [0.5, 9.25, 1.75],
			"scale": [0.7, 0.7, 0.7]
		},
		"firstperson_lefthand": {
			"rotation": [0, -90, -180],
			"translation": [0.5, 9.25, 1.75],
			"scale": [0.7, 0.7, 0.7]
		},
		"ground": {
			"translation": [0, 10.5, 0],
			"scale": [0.5, 0.5, 0.5]
		},
		"gui": {
			"rotation": [180, 0, -134.75],
			"translation": [0.5, 0.75, 0],
			"scale": [0.45, 0.45, 0.45]
		},
		"head": {
			"translation": [0, 0, 7.5]
		},
		"fixed": {
			"translation": [0, 1.25, 0],
			"scale": [0.5, 0.5, 0.5]
		}
	},
	"groups": [
		{
			"name": "Soleiss",
			"origin": [8, -8, 8],
			"color": 0,
			"children": [
				{
					"name": "Omegatana",
					"origin": [8, 3.7, 8],
					"color": 0,
					"children": [
						{
							"name": "OmegaHandle",
							"origin": [8, 18.1, 8],
							"color": 0,
							"children": [
								{
									"name": "signia",
									"origin": [8, 18.1, 8.153],
									"color": 0,
									"children": [0, 1, 2, 3, 4, 5, 6, 7]
								},
								{
									"name": "Guard",
									"origin": [8, 14.5, 8],
									"color": 0,
									"children": [8, 9, 10, 11, 12, 13, 14, 15, 16, 17]
								},
								{
									"name": "Handle",
									"origin": [8, 30.7, 8],
									"color": 0,
									"children": [18, 19, 20, 21, 22, 23, 24, 25, 26, 27, 28, 29, 30]
								}
							]
						},
						{
							"name": "Blade",
							"origin": [8, 3.7, 8],
							"color": 0,
							"children": [31, 32, 33]
						},
						{
							"name": "7blades",
							"origin": [8, 18.1, 8],
							"color": 0,
							"children": [
								{
									"name": "1",
									"origin": [8, 18.1, 8],
									"color": 0,
									"children": [34, 35, 36]
								},
								{
									"name": "2",
									"origin": [8, 17.65, 8],
									"color": 0,
									"children": [37, 38, 39]
								},
								{
									"name": "3",
									"origin": [8, 14.95, 8],
									"color": 0,
									"children": [40, 41, 42]
								},
								{
									"name": "4",
									"origin": [8, 12.25, 8],
									"color": 0,
									"children": [43, 44, 45]
								},
								{
									"name": "5",
									"origin": [8, 9.55, 8],
									"color": 0,
									"children": [46, 47, 48]
								},
								{
									"name": "6",
									"origin": [8, 6.85, 8],
									"color": 0,
									"children": [49, 50, 51]
								},
								{
									"name": "7",
									"origin": [8, 4.15, 8],
									"color": 0,
									"children": [52, 53, 54]
								}
							]
						}
					]
				}
			]
		}
	]
}