{
	"credit": "Made with Blockbench",
	"texture_size": [128, 128],
	"textures": {
		"0": "holocraft:item/purrfect_execution"
	},
	"elements": [
		{
			"from": [-2.35, -0.62721, 3.3],
			"to": [0.35, 2.07279, 5.1],
			"rotation": {"angle": 45, "axis": "z", "origin": [-0.55, 1.17279, 4.2]},
			"faces": {
				"north": {"uv": [7.625, 0.625, 8, 1], "texture": "#0"},
				"east": {"uv": [0.5, 7.875, 0.75, 8.25], "texture": "#0"},
				"south": {"uv": [7.625, 1, 8, 1.375], "texture": "#0"},
				"west": {"uv": [7.875, 6.625, 8.125, 7], "texture": "#0"},
				"up": {"uv": [8.25, 4.75, 7.875, 4.5], "texture": "#0"},
				"down": {"uv": [8.375, 0, 8, 0.25], "texture": "#0"}
			}
		},
		{
			"from": [-2.35, -0.62721, -0.3],
			"to": [0.35, 2.07279, 1.5],
			"rotation": {"angle": 45, "axis": "z", "origin": [-0.55, 1.17279, 0.6]},
			"faces": {
				"north": {"uv": [7.625, 1.75, 8, 2.125], "texture": "#0"},
				"east": {"uv": [8, 0.625, 8.25, 1], "texture": "#0"},
				"south": {"uv": [7.625, 2.375, 8, 2.75], "texture": "#0"},
				"west": {"uv": [0.75, 8, 1, 8.375], "texture": "#0"},
				"up": {"uv": [8.375, 0.5, 8, 0.25], "texture": "#0"},
				"down": {"uv": [1.375, 8, 1, 8.25], "texture": "#0"}
			}
		},
		{
			"from": [-2.35, 0.27279, -2.1],
			"to": [-0.55, 2.07279, -0.3],
			"rotation": {"angle": 45, "axis": "z", "origin": [-0.55, 1.17279, 0.6]},
			"faces": {
				"north": {"uv": [3.75, 5, 4, 5.25], "texture": "#0"},
				"east": {"uv": [8.25, 3.125, 8.5, 3.375], "texture": "#0"},
				"south": {"uv": [3.25, 8.25, 3.5, 8.5], "texture": "#0"},
				"west": {"uv": [4.125, 8.25, 4.375, 8.5], "texture": "#0"},
				"up": {"uv": [4.625, 8.5, 4.375, 8.25], "texture": "#0"},
				"down": {"uv": [8.5, 4.5, 8.25, 4.75], "texture": "#0"}
			}
		},
		{
			"from": [-2.35, 1.17279, -3.9],
			"to": [-1.45, 2.07279, -2.1],
			"rotation": {"angle": 45, "axis": "z", "origin": [-0.55, 1.17279, -1.2]},
			"faces": {
				"north": {"uv": [5.5, 6.625, 5.625, 6.75], "texture": "#0"},
				"east": {"uv": [1, 6.25, 1.25, 6.375], "texture": "#0"},
				"south": {"uv": [7.625, 2.75, 7.75, 2.875], "texture": "#0"},
				"west": {"uv": [0.75, 6.875, 1, 7], "texture": "#0"},
				"up": {"uv": [3, 7.125, 2.875, 6.875], "texture": "#0"},
				"down": {"uv": [3.75, 7.625, 3.625, 7.875], "texture": "#0"}
			}
		},
		{
			"from": [-2.35, 0.27279, 1.5],
			"to": [-0.55, 2.07279, 3.3],
			"rotation": {"angle": 45, "axis": "z", "origin": [-0.55, 1.17279, 2.4]},
			"faces": {
				"north": {"uv": [4.875, 8.25, 5.125, 8.5], "texture": "#0"},
				"east": {"uv": [8.25, 5, 8.5, 5.25], "texture": "#0"},
				"south": {"uv": [5.125, 8.25, 5.375, 8.5], "texture": "#0"},
				"west": {"uv": [8.25, 5.25, 8.5, 5.5], "texture": "#0"},
				"up": {"uv": [5.625, 8.5, 5.375, 8.25], "texture": "#0"},
				"down": {"uv": [8.5, 5.5, 8.25, 5.75], "texture": "#0"}
			}
		},
		{
			"from": [15.65, -1.45, -3],
			"to": [18.35, 2.15, -0.3],
			"rotation": {"angle": -45, "axis": "z", "origin": [17, 1.025, 0.825]},
			"faces": {
				"north": {"uv": [0, 6.875, 0.375, 7.375], "texture": "#0"},
				"east": {"uv": [0.375, 6.875, 0.75, 7.375], "texture": "#0"},
				"south": {"uv": [6.875, 1.75, 7.25, 2.25], "texture": "#0"},
				"west": {"uv": [6.875, 6.625, 7.25, 7.125], "texture": "#0"},
				"up": {"uv": [2.875, 8, 2.5, 7.625], "texture": "#0"},
				"down": {"uv": [3.25, 7.625, 2.875, 8], "texture": "#0"}
			}
		},
		{
			"from": [15.6491, -1.4509, 4.1991],
			"to": [18.3509, 2.1509, 6.0009],
			"rotation": {"angle": -45, "axis": "z", "origin": [17, 1.025, -1.875]},
			"faces": {
				"north": {"uv": [0.75, 7, 1.125, 7.5], "texture": "#0"},
				"east": {"uv": [7.625, 6.625, 7.875, 7.125], "texture": "#0"},
				"south": {"uv": [1.125, 7, 1.5, 7.5], "texture": "#0"},
				"west": {"uv": [6.75, 7.625, 7, 8.125], "texture": "#0"},
				"up": {"uv": [8.375, 1.25, 8, 1], "texture": "#0"},
				"down": {"uv": [1.75, 8, 1.375, 8.25], "texture": "#0"}
			}
		},
		{
			"from": [16.1, 1.25, 3.3],
			"to": [17.9, 2.15, 6.9],
			"rotation": {"angle": -45, "axis": "z", "origin": [17, 1.025, -1.875]},
			"faces": {
				"north": {"uv": [2.25, 7, 2.5, 7.125], "texture": "#0"},
				"east": {"uv": [8, 1.25, 8.5, 1.375], "texture": "#0"},
				"south": {"uv": [8, 2.625, 8.25, 2.75], "texture": "#0"},
				"west": {"uv": [8, 2, 8.5, 2.125], "texture": "#0"},
				"up": {"uv": [7.25, 8.125, 7, 7.625], "texture": "#0"},
				"down": {"uv": [7.5, 7.625, 7.25, 8.125], "texture": "#0"}
			}
		},
		{
			"from": [16.55, 0.8, -7.5],
			"to": [17.45, 2.15, -4.8],
			"rotation": {"angle": -45, "axis": "z", "origin": [17, 1.025, 0.825]},
			"faces": {
				"north": {"uv": [8.375, 6.25, 8.5, 6.5], "texture": "#0"},
				"east": {"uv": [8, 1.75, 8.375, 2], "texture": "#0"},
				"south": {"uv": [6.5, 8.375, 6.625, 8.625], "texture": "#0"},
				"west": {"uv": [8, 2.375, 8.375, 2.625], "texture": "#0"},
				"up": {"uv": [3.625, 8.625, 3.5, 8.25], "texture": "#0"},
				"down": {"uv": [4.75, 8.25, 4.625, 8.625], "texture": "#0"}
			}
		},
		{
			"from": [16.1, -0.55, -4.8],
			"to": [17.9, 2.15, -3],
			"rotation": {"angle": -45, "axis": "z", "origin": [17, 1.025, 0.825]},
			"faces": {
				"north": {"uv": [2.5, 8, 2.75, 8.375], "texture": "#0"},
				"east": {"uv": [2.75, 8, 3, 8.375], "texture": "#0"},
				"south": {"uv": [3, 8, 3.25, 8.375], "texture": "#0"},
				"west": {"uv": [8, 3.125, 8.25, 3.5], "texture": "#0"},
				"up": {"uv": [5.875, 8.5, 5.625, 8.25], "texture": "#0"},
				"down": {"uv": [8.5, 5.75, 8.25, 6], "texture": "#0"}
			}
		},
		{
			"from": [13.4, 3.5, -4.8],
			"to": [16.1, 7.1, -2.1],
			"rotation": {"angle": -22.5, "axis": "z", "origin": [14.75, 5.975, -0.975]},
			"faces": {
				"north": {"uv": [1.5, 7, 1.875, 7.5], "texture": "#0"},
				"east": {"uv": [1.875, 7, 2.25, 7.5], "texture": "#0"},
				"south": {"uv": [4.125, 7, 4.5, 7.5], "texture": "#0"},
				"west": {"uv": [4.5, 7, 4.875, 7.5], "texture": "#0"},
				"up": {"uv": [8, 3.5, 7.625, 3.125], "texture": "#0"},
				"down": {"uv": [3.625, 7.625, 3.25, 8], "texture": "#0"}
			}
		},
		{
			"from": [13.3991, 3.4991, 4.1991],
			"to": [16.1009, 7.1009, 6.0009],
			"rotation": {"angle": -22.5, "axis": "z", "origin": [14.75, 5.975, -1.875]},
			"faces": {
				"north": {"uv": [2.25, 7.125, 2.625, 7.625], "texture": "#0"},
				"east": {"uv": [4.125, 7.75, 4.375, 8.25], "texture": "#0"},
				"south": {"uv": [2.625, 7.125, 3, 7.625], "texture": "#0"},
				"west": {"uv": [4.375, 7.75, 4.625, 8.25], "texture": "#0"},
				"up": {"uv": [3.625, 8.25, 3.25, 8], "texture": "#0"},
				"down": {"uv": [8.375, 3.5, 8, 3.75], "texture": "#0"}
			}
		},
		{
			"from": [13.85, 6.2, 3.3],
			"to": [15.65, 7.1, 6.9],
			"rotation": {"angle": -22.5, "axis": "z", "origin": [14.75, 5.975, -1.875]},
			"faces": {
				"north": {"uv": [8, 5.75, 8.25, 5.875], "texture": "#0"},
				"east": {"uv": [8.125, 2.25, 8.625, 2.375], "texture": "#0"},
				"south": {"uv": [8.375, 4.875, 8.625, 5], "texture": "#0"},
				"west": {"uv": [8.25, 3.375, 8.75, 3.5], "texture": "#0"},
				"up": {"uv": [5.5, 8.25, 5.25, 7.75], "texture": "#0"},
				"down": {"uv": [5.75, 7.75, 5.5, 8.25], "texture": "#0"}
			}
		},
		{
			"from": [14.3, 5.75, -9.3],
			"to": [15.2, 7.1, -6.6],
			"rotation": {"angle": -22.5, "axis": "z", "origin": [14.75, 5.975, -0.975]},
			"faces": {
				"north": {"uv": [6.625, 8.375, 6.75, 8.625], "texture": "#0"},
				"east": {"uv": [8, 4.75, 8.375, 5], "texture": "#0"},
				"south": {"uv": [8.375, 6.625, 8.5, 6.875], "texture": "#0"},
				"west": {"uv": [4.875, 8, 5.25, 8.25], "texture": "#0"},
				"up": {"uv": [6.375, 8.625, 6.25, 8.25], "texture": "#0"},
				"down": {"uv": [3.125, 8.375, 3, 8.75], "texture": "#0"}
			}
		},
		{
			"from": [13.85, 4.4, -6.6],
			"to": [15.65, 7.1, -4.8],
			"rotation": {"angle": -22.5, "axis": "z", "origin": [14.75, 5.975, -0.975]},
			"faces": {
				"north": {"uv": [8, 5, 8.25, 5.375], "texture": "#0"},
				"east": {"uv": [8, 5.375, 8.25, 5.75], "texture": "#0"},
				"south": {"uv": [6.375, 8, 6.625, 8.375], "texture": "#0"},
				"west": {"uv": [8, 7, 8.25, 7.375], "texture": "#0"},
				"up": {"uv": [6.25, 8.5, 6, 8.25], "texture": "#0"},
				"down": {"uv": [8.5, 7, 8.25, 7.25], "texture": "#0"}
			}
		},
		{
			"from": [-0.1, 3.5, -4.8],
			"to": [2.6, 7.1, -2.1],
			"rotation": {"angle": 22.5, "axis": "z", "origin": [1.25, 5.975, -0.975]},
			"faces": {
				"north": {"uv": [4.875, 7.125, 5.25, 7.625], "texture": "#0"},
				"east": {"uv": [6.375, 7.125, 6.75, 7.625], "texture": "#0"},
				"south": {"uv": [6.75, 7.125, 7.125, 7.625], "texture": "#0"},
				"west": {"uv": [7.125, 7.125, 7.5, 7.625], "texture": "#0"},
				"up": {"uv": [8, 3.875, 7.625, 3.5], "texture": "#0"},
				"down": {"uv": [8, 4.75, 7.625, 5.125], "texture": "#0"}
			}
		},
		{
			"from": [-0.1009, 3.4991, 4.1991],
			"to": [2.6009, 7.1009, 6.0009],
			"rotation": {"angle": 22.5, "axis": "z", "origin": [1.25, 5.975, -1.875]},
			"faces": {
				"north": {"uv": [7.25, 0.5, 7.625, 1], "texture": "#0"},
				"east": {"uv": [6.125, 7.75, 6.375, 8.25], "texture": "#0"},
				"south": {"uv": [7.25, 1, 7.625, 1.5], "texture": "#0"},
				"west": {"uv": [7.75, 7.125, 8, 7.625], "texture": "#0"},
				"up": {"uv": [8.375, 6.5, 8, 6.25], "texture": "#0"},
				"down": {"uv": [8.375, 7.375, 8, 7.625], "texture": "#0"}
			}
		},
		{
			"from": [0.35, 6.2, 3.3],
			"to": [2.15, 7.1, 6.9],
			"rotation": {"angle": 22.5, "axis": "z", "origin": [1.25, 5.975, -1.875]},
			"faces": {
				"north": {"uv": [6.75, 8.375, 7, 8.5], "texture": "#0"},
				"east": {"uv": [8.25, 6, 8.75, 6.125], "texture": "#0"},
				"south": {"uv": [8.375, 6.875, 8.625, 7], "texture": "#0"},
				"west": {"uv": [8.25, 7.25, 8.75, 7.375], "texture": "#0"},
				"up": {"uv": [7.75, 8.25, 7.5, 7.75], "texture": "#0"},
				"down": {"uv": [8, 7.625, 7.75, 8.125], "texture": "#0"}
			}
		},
		{
			"from": [0.8, 5.75, -9.3],
			"to": [1.7, 7.1, -6.6],
			"rotation": {"angle": 22.5, "axis": "z", "origin": [1.25, 5.975, -0.975]},
			"faces": {
				"north": {"uv": [8.375, 7.375, 8.5, 7.625], "texture": "#0"},
				"east": {"uv": [8, 7.625, 8.375, 7.875], "texture": "#0"},
				"south": {"uv": [8.375, 7.625, 8.5, 7.875], "texture": "#0"},
				"west": {"uv": [8, 7.875, 8.375, 8.125], "texture": "#0"},
				"up": {"uv": [3.25, 8.75, 3.125, 8.375], "texture": "#0"},
				"down": {"uv": [6.5, 8.375, 6.375, 8.75], "texture": "#0"}
			}
		},
		{
			"from": [0.35, 4.4, -6.6],
			"to": [2.15, 7.1, -4.8],
			"rotation": {"angle": 22.5, "axis": "z", "origin": [1.25, 5.975, -0.975]},
			"faces": {
				"north": {"uv": [0, 8.125, 0.25, 8.5], "texture": "#0"},
				"east": {"uv": [0.25, 8.125, 0.5, 8.5], "texture": "#0"},
				"south": {"uv": [1.75, 8.125, 2, 8.5], "texture": "#0"},
				"west": {"uv": [3.625, 8.125, 3.875, 8.5], "texture": "#0"},
				"up": {"uv": [7.75, 8.5, 7.5, 8.25], "texture": "#0"},
				"down": {"uv": [8.5, 8.125, 8.25, 8.375], "texture": "#0"}
			}
		},
		{
			"from": [6.2, 4.4, 3.3],
			"to": [9.8, 8.9, 8.7],
			"rotation": {"angle": 0, "axis": "y", "origin": [7.1, 5.3, 4.2]},
			"faces": {
				"north": {"uv": [0, 6.25, 0.5, 6.875], "texture": "#0"},
				"east": {"uv": [6, 0.5, 6.75, 1.125], "texture": "#0"},
				"south": {"uv": [0.5, 6.25, 1, 6.875], "texture": "#0"},
				"west": {"uv": [6, 1.125, 6.75, 1.75], "texture": "#0"},
				"up": {"uv": [6.5, 3.625, 6, 2.875], "texture": "#0"},
				"down": {"uv": [6.125, 6, 5.625, 6.75], "texture": "#0"}
			}
		},
		{
			"from": [6.47, 4.4, -6.96],
			"to": [9.53, 8.36, -3.9],
			"rotation": {"angle": 0, "axis": "y", "origin": [8, 6.38, -4.125]},
			"faces": {
				"north": {"uv": [1, 6.375, 1.5, 7], "texture": "#0"},
				"east": {"uv": [1.5, 6.375, 2, 7], "texture": "#0"},
				"south": {"uv": [6.375, 1.75, 6.875, 2.375], "texture": "#0"},
				"west": {"uv": [2, 6.375, 2.5, 7], "texture": "#0"},
				"up": {"uv": [6.875, 7.125, 6.375, 6.625], "texture": "#0"},
				"down": {"uv": [7.25, 0.5, 6.75, 1], "texture": "#0"}
			}
		},
		{
			"from": [6.74, 7.1, -11.82],
			"to": [9.26, 8.36, -6.96],
			"rotation": {"angle": 0, "axis": "y", "origin": [8, 6.38, -8.085]},
			"faces": {
				"north": {"uv": [8.125, 3.75, 8.5, 4], "texture": "#0"},
				"east": {"uv": [6.875, 3.625, 7.625, 3.875], "texture": "#0"},
				"south": {"uv": [6.625, 8.125, 7, 8.375], "texture": "#0"},
				"west": {"uv": [7, 6, 7.75, 6.25], "texture": "#0"},
				"up": {"uv": [2.875, 7.125, 2.5, 6.375], "texture": "#0"},
				"down": {"uv": [5.25, 6.375, 4.875, 7.125], "texture": "#0"}
			}
		},
		{
			"from": [8.9, 5.84, -10.02],
			"to": [9.26, 7.1, -6.96],
			"rotation": {"angle": 0, "axis": "y", "origin": [7.73, 5.12, -8.085]},
			"faces": {
				"north": {"uv": [8.375, 7.875, 8.5, 8.125], "texture": "#0"},
				"east": {"uv": [7.75, 2.75, 8.25, 3], "texture": "#0"},
				"south": {"uv": [8.25, 8.375, 8.375, 8.625], "texture": "#0"},
				"west": {"uv": [7.75, 5.875, 8.25, 6.125], "texture": "#0"},
				"up": {"uv": [3, 6.875, 2.875, 6.375], "texture": "#0"},
				"down": {"uv": [4.75, 7.75, 4.625, 8.25], "texture": "#0"}
			}
		},
		{
			"from": [6.74, 5.84, -10.02],
			"to": [7.1, 7.1, -6.96],
			"rotation": {"angle": 0, "axis": "y", "origin": [6.47, 5.12, -8.085]},
			"faces": {
				"north": {"uv": [8.375, 8.375, 8.5, 8.625], "texture": "#0"},
				"east": {"uv": [0, 7.875, 0.5, 8.125], "texture": "#0"},
				"south": {"uv": [0, 8.5, 0.125, 8.75], "texture": "#0"},
				"west": {"uv": [3.625, 7.875, 4.125, 8.125], "texture": "#0"},
				"up": {"uv": [5.875, 8.25, 5.75, 7.75], "texture": "#0"},
				"down": {"uv": [2.125, 8.125, 2, 8.625], "texture": "#0"}
			}
		},
		{
			"from": [7.37, 7.55, -15.6],
			"to": [8.63, 8.36, -11.82],
			"rotation": {"angle": 0, "axis": "y", "origin": [8, 6.38, -4.845]},
			"faces": {
				"north": {"uv": [8.375, 0, 8.625, 0.25], "texture": "#0"},
				"east": {"uv": [7.375, 6.25, 8, 6.5], "texture": "#0"},
				"south": {"uv": [8.375, 0.25, 8.625, 0.5], "texture": "#0"},
				"west": {"uv": [4.125, 7.5, 4.75, 7.75], "texture": "#0"},
				"up": {"uv": [2.125, 8.125, 1.875, 7.5], "texture": "#0"},
				"down": {"uv": [7.75, 7.125, 7.5, 7.75], "texture": "#0"}
			}
		},
		{
			"from": [6.65, 4.58, 0.15],
			"to": [9.35, 8.18, 2.85],
			"rotation": {"angle": 0, "axis": "y", "origin": [6.65, 5.48, -1.65]},
			"faces": {
				"north": {"uv": [7.25, 1.75, 7.625, 2.25], "texture": "#0"},
				"east": {"uv": [5.5, 7.25, 5.875, 7.75], "texture": "#0"},
				"south": {"uv": [7.25, 6.625, 7.625, 7.125], "texture": "#0"},
				"west": {"uv": [0, 7.375, 0.375, 7.875], "texture": "#0"},
				"up": {"uv": [5.25, 8, 4.875, 7.625], "texture": "#0"},
				"down": {"uv": [8, 5.125, 7.625, 5.5], "texture": "#0"}
			}
		},
		{
			"from": [6.83, 4.76, -3.54],
			"to": [9.17, 8, -0.3],
			"rotation": {"angle": 0, "axis": "y", "origin": [8, 6.38, -4.125]},
			"faces": {
				"north": {"uv": [0.375, 7.375, 0.75, 7.875], "texture": "#0"},
				"east": {"uv": [6.75, 1, 7.25, 1.5], "texture": "#0"},
				"south": {"uv": [0.75, 7.5, 1.125, 8], "texture": "#0"},
				"west": {"uv": [5.5, 6.75, 6, 7.25], "texture": "#0"},
				"up": {"uv": [1.5, 8, 1.125, 7.5], "texture": "#0"},
				"down": {"uv": [1.875, 7.5, 1.5, 8], "texture": "#0"}
			}
		},
		{
			"from": [6.51102, 7.9991, 7.9566],
			"to": [9.05532, 8.9009, 10.5009],
			"rotation": {"angle": 45, "axis": "y", "origin": [7.25442, 8.45, 8.7]},
			"faces": {
				"north": {"uv": [7, 6.25, 7.375, 6.375], "texture": "#0"},
				"east": {"uv": [8.375, 3.5, 8.75, 3.625], "texture": "#0"},
				"south": {"uv": [8.375, 3.625, 8.75, 3.75], "texture": "#0"},
				"west": {"uv": [8.375, 4.75, 8.75, 4.875], "texture": "#0"},
				"up": {"uv": [8, 5.875, 7.625, 5.5], "texture": "#0"},
				"down": {"uv": [6.75, 7.625, 6.375, 8], "texture": "#0"}
			}
		},
		{
			"from": [7.1, 5.03, 2.4],
			"to": [8.9, 7.73, 4.2],
			"rotation": {"angle": 0, "axis": "y", "origin": [7.1, 5.03, 2.4]},
			"faces": {
				"north": {"uv": [3.875, 8.125, 4.125, 8.5], "texture": "#0"},
				"east": {"uv": [8.125, 6.625, 8.375, 7], "texture": "#0"},
				"south": {"uv": [7, 8.125, 7.25, 8.5], "texture": "#0"},
				"west": {"uv": [7.25, 8.125, 7.5, 8.5], "texture": "#0"},
				"up": {"uv": [1, 8.625, 0.75, 8.375], "texture": "#0"},
				"down": {"uv": [8.625, 1, 8.375, 1.25], "texture": "#0"}
			}
		},
		{
			"from": [7.1, 5.03, -1.2],
			"to": [8.9, 7.73, 0.6],
			"rotation": {"angle": 0, "axis": "y", "origin": [7.1, 5.03, -1.2]},
			"faces": {
				"north": {"uv": [7.75, 8.125, 8, 8.5], "texture": "#0"},
				"east": {"uv": [8, 8.125, 8.25, 8.5], "texture": "#0"},
				"south": {"uv": [0.5, 8.25, 0.75, 8.625], "texture": "#0"},
				"west": {"uv": [8.25, 0.625, 8.5, 1], "texture": "#0"},
				"up": {"uv": [8.625, 2, 8.375, 1.75], "texture": "#0"},
				"down": {"uv": [8.625, 2.375, 8.375, 2.625], "texture": "#0"}
			}
		},
		{
			"from": [7.1, 5.03, -4.8],
			"to": [8.9, 7.73, -3],
			"rotation": {"angle": 0, "axis": "y", "origin": [8, 6.38, -4.305]},
			"faces": {
				"north": {"uv": [1, 8.25, 1.25, 8.625], "texture": "#0"},
				"east": {"uv": [1.25, 8.25, 1.5, 8.625], "texture": "#0"},
				"south": {"uv": [1.5, 8.25, 1.75, 8.625], "texture": "#0"},
				"west": {"uv": [8.25, 2.625, 8.5, 3], "texture": "#0"},
				"up": {"uv": [2.75, 8.625, 2.5, 8.375], "texture": "#0"},
				"down": {"uv": [3, 8.375, 2.75, 8.625], "texture": "#0"}
			}
		},
		{
			"from": [0.08, -3.51, 23.26],
			"to": [15.92, 5.4, 25.24],
			"rotation": {"angle": 0, "axis": "y", "origin": [0.08, 4.41, 23.26]},
			"faces": {
				"north": {"uv": [0, 2.75, 2, 3.875], "texture": "#0"},
				"east": {"uv": [5.25, 6.625, 5.5, 7.75], "texture": "#0"},
				"south": {"uv": [2, 2.75, 4, 3.875], "texture": "#0"},
				"west": {"uv": [6.125, 6.625, 6.375, 7.75], "texture": "#0"},
				"up": {"uv": [7.625, 5.75, 5.625, 5.5], "texture": "#0"},
				"down": {"uv": [7.625, 5.75, 5.625, 6], "texture": "#0"}
			}
		},
		{
			"from": [0.4265, -3.1635, 24.5965],
			"to": [15.5735, 7.0335, 30.8335],
			"rotation": {"angle": 0, "axis": "y", "origin": [0.08, 4.41, 22.27]},
			"faces": {
				"north": {"uv": [0, 0, 2, 1.375], "texture": "#0"},
				"east": {"uv": [1.25, 5, 2.125, 6.375], "texture": "#0"},
				"south": {"uv": [0, 1.375, 2, 2.75], "texture": "#0"},
				"west": {"uv": [2.125, 5, 3, 6.375], "texture": "#0"},
				"up": {"uv": [6, 3.125, 4, 2.25], "texture": "#0"},
				"down": {"uv": [6, 3.125, 4, 4], "texture": "#0"}
			}
		},
		{
			"from": [0.081, -3.509, 29.201],
			"to": [15.919, 5.399, 31.999],
			"rotation": {"angle": 0, "axis": "y", "origin": [0.08, 4.41, 30.19]},
			"faces": {
				"north": {"uv": [0, 3.875, 2, 5], "texture": "#0"},
				"east": {"uv": [4.875, 5.25, 5.25, 6.375], "texture": "#0"},
				"south": {"uv": [2, 3.875, 4, 5], "texture": "#0"},
				"west": {"uv": [6, 1.75, 6.375, 2.875], "texture": "#0"},
				"up": {"uv": [7.625, 5.125, 5.625, 4.75], "texture": "#0"},
				"down": {"uv": [7.625, 5.125, 5.625, 5.5], "texture": "#0"}
			}
		},
		{
			"from": [-0.2665, -3.8565, 30.8335],
			"to": [16.2665, 7.7265, 32],
			"rotation": {"angle": 0, "axis": "y", "origin": [0.08, 4.41, 30.19]},
			"faces": {
				"north": {"uv": [2, 0, 4, 1.375], "texture": "#0"},
				"east": {"uv": [6, 6.75, 6.125, 8.125], "texture": "#0"},
				"south": {"uv": [2, 1.375, 4, 2.75], "texture": "#0"},
				"west": {"uv": [5.875, 7.25, 6, 8.625], "texture": "#0"},
				"up": {"uv": [8.75, 1.625, 6.75, 1.5], "texture": "#0"},
				"down": {"uv": [8.75, 1.625, 6.75, 1.75], "texture": "#0"}
			}
		},
		{
			"from": [0.081, 5.401, 23.261],
			"to": [15.919, 7.379, 31.999],
			"rotation": {"angle": 0, "axis": "y", "origin": [0.08, 4.41, 22.27]},
			"faces": {
				"north": {"uv": [6, 0, 8, 0.25], "texture": "#0"},
				"east": {"uv": [6.5, 3.125, 7.625, 3.375], "texture": "#0"},
				"south": {"uv": [6, 0.25, 8, 0.5], "texture": "#0"},
				"west": {"uv": [6.5, 3.375, 7.625, 3.625], "texture": "#0"},
				"up": {"uv": [6, 1.125, 4, 0], "texture": "#0"},
				"down": {"uv": [6, 1.125, 4, 2.25], "texture": "#0"}
			}
		},
		{
			"from": [3.04901, 6.38901, 19.29901],
			"to": [12.95099, 8.37099, 29.20099],
			"rotation": {"angle": -45, "axis": "y", "origin": [8, 7.38, 24.25]},
			"faces": {
				"north": {"uv": [6.375, 2.375, 7.625, 2.625], "texture": "#0"},
				"east": {"uv": [6.375, 2.625, 7.625, 2.875], "texture": "#0"},
				"south": {"uv": [6.125, 6.375, 7.375, 6.625], "texture": "#0"},
				"west": {"uv": [6.5, 2.875, 7.75, 3.125], "texture": "#0"},
				"up": {"uv": [5.25, 5.25, 4, 4], "texture": "#0"},
				"down": {"uv": [1.25, 5, 0, 6.25], "texture": "#0"}
			}
		},
		{
			"from": [3.05, 7.875, 19.3],
			"to": [4.04, 8.865, 29.2],
			"rotation": {"angle": -45, "axis": "y", "origin": [8, 8.37, 24.25]},
			"faces": {
				"north": {"uv": [1.75, 8, 1.875, 8.125], "texture": "#0"},
				"east": {"uv": [7.375, 6.5, 8.625, 6.625], "texture": "#0"},
				"south": {"uv": [8, 3.75, 8.125, 3.875], "texture": "#0"},
				"west": {"uv": [7.625, 0.5, 8.875, 0.625], "texture": "#0"},
				"up": {"uv": [2.375, 8.875, 2.25, 7.625], "texture": "#0"},
				"down": {"uv": [2.5, 7.625, 2.375, 8.875], "texture": "#0"}
			}
		},
		{
			"from": [4.04, 7.875, 19.3],
			"to": [11.96, 8.865, 20.29],
			"rotation": {"angle": -45, "axis": "y", "origin": [8, 8.37, 24.25]},
			"faces": {
				"north": {"uv": [7.625, 1.375, 8.625, 1.5], "texture": "#0"},
				"east": {"uv": [6.625, 8, 6.75, 8.125], "texture": "#0"},
				"south": {"uv": [7.625, 2.125, 8.625, 2.25], "texture": "#0"},
				"west": {"uv": [6, 8.125, 6.125, 8.25], "texture": "#0"},
				"up": {"uv": [8.75, 3.125, 7.75, 3], "texture": "#0"},
				"down": {"uv": [8.75, 6.125, 7.75, 6.25], "texture": "#0"}
			}
		},
		{
			"from": [4.04, 7.875, 28.21],
			"to": [11.96, 8.865, 29.2],
			"rotation": {"angle": -45, "axis": "y", "origin": [8, 8.37, 24.25]},
			"faces": {
				"north": {"uv": [7.875, 4, 8.875, 4.125], "texture": "#0"},
				"east": {"uv": [0.125, 8.5, 0.25, 8.625], "texture": "#0"},
				"south": {"uv": [7.875, 4.125, 8.875, 4.25], "texture": "#0"},
				"west": {"uv": [0.25, 8.5, 0.375, 8.625], "texture": "#0"},
				"up": {"uv": [8.875, 4.375, 7.875, 4.25], "texture": "#0"},
				"down": {"uv": [8.875, 4.375, 7.875, 4.5], "texture": "#0"}
			}
		},
		{
			"from": [11.96, 7.875, 19.3],
			"to": [12.95, 8.865, 29.2],
			"rotation": {"angle": -45, "axis": "y", "origin": [8, 8.37, 24.25]},
			"faces": {
				"north": {"uv": [7.625, 5.875, 7.75, 6], "texture": "#0"},
				"east": {"uv": [6.875, 2.25, 8.125, 2.375], "texture": "#0"},
				"south": {"uv": [7.875, 7, 8, 7.125], "texture": "#0"},
				"west": {"uv": [6.875, 3.875, 8.125, 4], "texture": "#0"},
				"up": {"uv": [2.25, 8.75, 2.125, 7.5], "texture": "#0"},
				"down": {"uv": [4.875, 7.5, 4.75, 8.75], "texture": "#0"}
			}
		},
		{
			"from": [3.545, 7.6245, 19.795],
			"to": [4.436, 8.5155, 28.705],
			"rotation": {"angle": -45, "axis": "y", "origin": [8, 7.07, 24.25]},
			"faces": {
				"north": {"uv": [1.75, 8, 1.875, 8.125], "texture": "#0"},
				"east": {"uv": [7.375, 6.5, 8.625, 6.625], "texture": "#0"},
				"south": {"uv": [8, 3.75, 8.125, 3.875], "texture": "#0"},
				"west": {"uv": [7.625, 0.5, 8.875, 0.625], "texture": "#0"},
				"up": {"uv": [2.375, 8.875, 2.25, 7.625], "texture": "#0"},
				"down": {"uv": [2.5, 7.625, 2.375, 8.875], "texture": "#0"}
			}
		},
		{
			"from": [4.436, 7.6245, 19.795],
			"to": [11.564, 8.5155, 20.686],
			"rotation": {"angle": -45, "axis": "y", "origin": [8, 7.07, 24.25]},
			"faces": {
				"north": {"uv": [7.625, 1.375, 8.625, 1.5], "texture": "#0"},
				"east": {"uv": [6.625, 8, 6.75, 8.125], "texture": "#0"},
				"south": {"uv": [7.625, 2.125, 8.625, 2.25], "texture": "#0"},
				"west": {"uv": [6, 8.125, 6.125, 8.25], "texture": "#0"},
				"up": {"uv": [8.75, 3.125, 7.75, 3], "texture": "#0"},
				"down": {"uv": [8.75, 6.125, 7.75, 6.25], "texture": "#0"}
			}
		},
		{
			"from": [4.436, 7.6245, 27.814],
			"to": [11.564, 8.5155, 28.705],
			"rotation": {"angle": -45, "axis": "y", "origin": [8, 7.07, 24.25]},
			"faces": {
				"north": {"uv": [7.875, 4, 8.875, 4.125], "texture": "#0"},
				"east": {"uv": [0.125, 8.5, 0.25, 8.625], "texture": "#0"},
				"south": {"uv": [7.875, 4.125, 8.875, 4.25], "texture": "#0"},
				"west": {"uv": [0.25, 8.5, 0.375, 8.625], "texture": "#0"},
				"up": {"uv": [8.875, 4.375, 7.875, 4.25], "texture": "#0"},
				"down": {"uv": [8.875, 4.375, 7.875, 4.5], "texture": "#0"}
			}
		},
		{
			"from": [11.564, 7.6245, 19.795],
			"to": [12.455, 8.5155, 28.705],
			"rotation": {"angle": -45, "axis": "y", "origin": [8, 7.07, 24.25]},
			"faces": {
				"north": {"uv": [7.625, 5.875, 7.75, 6], "texture": "#0"},
				"east": {"uv": [6.875, 2.25, 8.125, 2.375], "texture": "#0"},
				"south": {"uv": [7.875, 7, 8, 7.125], "texture": "#0"},
				"west": {"uv": [6.875, 3.875, 8.125, 4], "texture": "#0"},
				"up": {"uv": [2.25, 8.75, 2.125, 7.5], "texture": "#0"},
				"down": {"uv": [4.875, 7.5, 4.75, 8.75], "texture": "#0"}
			}
		},
		{
			"from": [6.65, 7.46, 7.8],
			"to": [9.35, 7.46, 20.4],
			"rotation": {"angle": 0, "axis": "y", "origin": [8, 2.15, 6]},
			"faces": {
				"north": {"uv": [0, 0, 0.375, 0], "texture": "#0"},
				"east": {"uv": [0, 0, 1.75, 0], "texture": "#0"},
				"south": {"uv": [0, 0, 0.375, 0], "texture": "#0"},
				"west": {"uv": [0, 0, 1.75, 0], "texture": "#0"},
				"up": {"uv": [4.5, 7, 4.125, 5.25], "texture": "#0"},
				"down": {"uv": [4.875, 5.25, 4.5, 7], "texture": "#0"}
			}
		},
		{
			"from": [17.58325, -0.82, 20.60553],
			"to": [17.58325, 1.88, 26.90553],
			"rotation": {"angle": -22.5, "axis": "y", "origin": [17.58325, 0.53, 17.90553]},
			"faces": {
				"north": {"uv": [0, 0, 0, 0.375], "texture": "#0"},
				"east": {"uv": [6, 3.625, 6.875, 4], "texture": "#0"},
				"south": {"uv": [0, 0, 0, 0.375], "texture": "#0"},
				"west": {"uv": [6.125, 6, 7, 6.375], "texture": "#0"},
				"up": {"uv": [0, 0.875, 0, 0], "texture": "#0"},
				"down": {"uv": [0, 0, 0, 0.875], "texture": "#0"}
			}
		},
		{
			"from": [16.55, -0.82, 4.2],
			"to": [16.55, 1.88, 20.4],
			"rotation": {"angle": 0, "axis": "y", "origin": [8, 2.15, 6]},
			"faces": {
				"north": {"uv": [0, 0, 0, 0.375], "texture": "#0"},
				"east": {"uv": [5.625, 4, 7.875, 4.375], "texture": "#0"},
				"south": {"uv": [0, 0, 0, 0.375], "texture": "#0"},
				"west": {"uv": [5.625, 4.375, 7.875, 4.75], "texture": "#0"},
				"up": {"uv": [0, 2.25, 0, 0], "texture": "#0"},
				"down": {"uv": [0, 0, 0, 2.25], "texture": "#0"}
			}
		},
		{
			"from": [16.55, -0.82, -2.8],
			"to": [16.55, 1.88, 13.4],
			"rotation": {"angle": 0, "axis": "y", "origin": [8, 2.15, -1]},
			"faces": {
				"north": {"uv": [0, 0, 0, 0.375], "texture": "#0"},
				"east": {"uv": [8.5, 0.625, 10.5, 1], "texture": "#0"},
				"south": {"uv": [0, 0, 0, 0.375], "texture": "#0"},
				"west": {"uv": [8.5, 2.625, 10.5, 3], "texture": "#0"},
				"up": {"uv": [0, 2, 0, 0], "texture": "#0"},
				"down": {"uv": [0, 0, 0, 2], "texture": "#0"}
			}
		},
		{
			"from": [-0.64, 6.56, 5.1],
			"to": [2.06, 6.56, 24],
			"rotation": {"angle": 22.5, "axis": "z", "origin": [1.7, 7.46, 15.9]},
			"faces": {
				"north": {"uv": [0, 0, 0.375, 0], "texture": "#0"},
				"east": {"uv": [0, 0, 2.625, 0], "texture": "#0"},
				"south": {"uv": [0, 0, 0.375, 0], "texture": "#0"},
				"west": {"uv": [0, 0, 2.625, 0], "texture": "#0"},
				"up": {"uv": [3.375, 7.625, 3, 5], "texture": "#0"},
				"down": {"uv": [3.75, 5, 3.375, 7.625], "texture": "#0"}
			}
		},
		{
			"from": [-0.64, 6.56, -4.9],
			"to": [2.06, 6.56, 14],
			"rotation": {"angle": 22.5, "axis": "z", "origin": [1.7, 7.46, 5.9]},
			"faces": {
				"north": {"uv": [0, 0, 0.375, 0], "texture": "#0"},
				"east": {"uv": [0, 0, 2.375, 0], "texture": "#0"},
				"south": {"uv": [0, 0, 0.375, 0], "texture": "#0"},
				"west": {"uv": [0, 0, 2.375, 0], "texture": "#0"},
				"up": {"uv": [4, 10.875, 3.625, 8.5], "texture": "#0"},
				"down": {"uv": [4.375, 8.5, 4, 10.875], "texture": "#0"}
			}
		},
		{
			"from": [13.94, 6.56, -4.9],
			"to": [16.64, 6.56, 14],
			"rotation": {"angle": -22.5, "axis": "z", "origin": [14.3, 7.46, 5.9]},
			"faces": {
				"north": {"uv": [0.375, 0, 0, 0], "texture": "#0"},
				"east": {"uv": [2.375, 0, 0, 0], "texture": "#0"},
				"south": {"uv": [0.375, 0, 0, 0], "texture": "#0"},
				"west": {"uv": [2.375, 0, 0, 0], "texture": "#0"},
				"up": {"uv": [3.625, 10.875, 4, 8.5], "texture": "#0"},
				"down": {"uv": [4, 8.5, 4.375, 10.875], "texture": "#0"}
			}
		},
		{
			"from": [13.94, 6.56, 5.1],
			"to": [16.64, 6.56, 24],
			"rotation": {"angle": -22.5, "axis": "z", "origin": [14.3, 7.46, 15.9]},
			"faces": {
				"north": {"uv": [0, 0, 0.375, 0], "texture": "#0"},
				"east": {"uv": [0, 0, 2.625, 0], "texture": "#0"},
				"south": {"uv": [0, 0, 0.375, 0], "texture": "#0"},
				"west": {"uv": [0, 0, 2.625, 0], "texture": "#0"},
				"up": {"uv": [4.125, 7.875, 3.75, 5.25], "texture": "#0"},
				"down": {"uv": [5.625, 4, 5.25, 6.625], "texture": "#0"}
			}
		}
	],
	"gui_light": "front",
	"display": {
		"thirdperson_righthand": {
			"rotation": [0, 0, -90],
			"translation": [2, -2, 1.25],
			"scale": [0.27, 0.2, 0.24]
		},
		"thirdperson_lefthand": {
			"translation": [0, 0.75, 1.5],
			"scale": [-0.2, 0.2, 0.2]
		},
		"firstperson_righthand": {
			"rotation": [20.22, -6.61, -9.74],
			"translation": [4, 0, 1.25],
			"scale": [0.5, 0.5, 0.5]
		},
		"firstperson_lefthand": {
			"rotation": [20.22, -6.61, -9.74],
			"translation": [4, 0, 1.25],
			"scale": [-0.5, 0.5, 0.5]
		},
		"ground": {
			"translation": [0, 3, 0],
			"scale": [0.3, 0.3, 0.3]
		},
		"gui": {
			"rotation": [78.18, -43, 13.53],
			"translation": [0.25, 1.5, -4],
			"scale": [0.35, 0.35, 0.35]
		},
		"head": {
			"translation": [0, 11, 0]
		},
		"fixed": {
			"rotation": [90, 0, 180],
			"translation": [0, 0.75, -4],
			"scale": [0.6, 0.6, 0.6]
		}
	},
	"groups": [
		{
			"name": "claws",
			"origin": [8, 8, 6],
			"color": 0,
			"children": [
				{
					"name": "smol_side_claw",
					"origin": [8, 8, 6],
					"color": 0,
					"children": [0, 1, 2, 3, 4]
				},
				{
					"name": "side_claw2",
					"origin": [8, 8, 6],
					"color": 0,
					"children": [5, 6, 7, 8, 9]
				},
				{
					"name": "side_claw3",
					"origin": [8, 8, 6],
					"color": 0,
					"children": [10, 11, 12, 13, 14]
				},
				{
					"name": "side_claw",
					"origin": [8, 8, 6],
					"color": 0,
					"children": [15, 16, 17, 18, 19]
				},
				{
					"name": "middle_claw",
					"origin": [8, 8, 6],
					"color": 0,
					"children": [20, 21, 22, 23, 24, 25, 26, 27, 28, 29, 30, 31]
				}
			]
		},
		{
			"name": "Band",
			"origin": [8, 9.35, 10.5],
			"color": 0,
			"children": [
				32,
				33,
				34,
				35,
				36,
				{
					"name": "group",
					"origin": [8, 9.35, 10.5],
					"color": 0,
					"children": [
						37,
						{
							"name": "group",
							"origin": [8, 8.37, 24.25],
							"color": 0,
							"children": [38, 39, 40, 41]
						},
						{
							"name": "group",
							"origin": [8, 8.37, 24.25],
							"color": 0,
							"children": [42, 43, 44, 45]
						}
					]
				}
			]
		},
		{
			"name": "Chains",
			"origin": [8, 2.15, 6],
			"color": 0,
			"children": [46, 47, 48, 49, 50, 51, 52, 53]
		}
	]
}