{
	"credit": "Made with Blockbench",
	"texture_size": [128, 128],
	"textures": {
		"0": "holocraft:item/resonant_strike"
	},
	"elements": [
		{
			"from": [7.586, 17.435, 7.6035],
			"to": [9.854, 19.703, 7.6035],
			"rotation": {"angle": -22.5, "axis": "y", "origin": [8.27, 7.299, 7.811]},
			"faces": {
				"north": {"uv": [0.004, 0.004, 1.496, 1.496], "texture": "#0"},
				"east": {"uv": [0.004, 0.004, 0.004, 1.496], "texture": "#0"},
				"south": {"uv": [0.004, 1.504, 1.496, 2.996], "texture": "#0"},
				"west": {"uv": [0.004, 0.004, 0.004, 1.496], "texture": "#0"},
				"up": {"uv": [1.496, 0.004, 0.004, 0.004], "texture": "#0"},
				"down": {"uv": [1.496, 0.004, 0.004, 0.004], "texture": "#0"}
			}
		},
		{
			"from": [8.036, 22.085, 7.2035],
			"to": [10.304, 24.353, 7.2035],
			"rotation": {"angle": -45, "axis": "y", "origin": [8.72, 23.569, 7.6035]},
			"faces": {
				"north": {"uv": [0.004, 0.004, 1.496, 1.496], "texture": "#0"},
				"east": {"uv": [0.004, 0.004, 0.004, 1.496], "texture": "#0"},
				"south": {"uv": [0.004, 1.504, 1.496, 2.996], "texture": "#0"},
				"west": {"uv": [0.004, 0.004, 0.004, 1.496], "texture": "#0"},
				"up": {"uv": [1.496, 0.004, 0.004, 0.004], "texture": "#0"},
				"down": {"uv": [1.496, 0.004, 0.004, 0.004], "texture": "#0"}
			}
		},
		{
			"from": [5.5568, 21.768, 7.3128],
			"to": [7.3712, 23.5824, 7.3128],
			"rotation": {"angle": 22.5, "axis": "y", "origin": [7.784, 5.8392, 7.8488]},
			"faces": {
				"north": {"uv": [1.496, 0.004, 0.004, 1.496], "texture": "#0"},
				"east": {"uv": [0.004, 0.004, 0.004, 1.496], "texture": "#0"},
				"south": {"uv": [1.496, 1.504, 0.004, 2.996], "texture": "#0"},
				"west": {"uv": [0.004, 0.004, 0.004, 1.496], "texture": "#0"},
				"up": {"uv": [0.004, 0.004, 1.496, 0.004], "texture": "#0"},
				"down": {"uv": [0.004, 0.004, 1.496, 0.004], "texture": "#0"}
			}
		},
		{
			"from": [7.125, 26, 7.825],
			"to": [8.875, 26.35, 8.175],
			"rotation": {"angle": 0, "axis": "y", "origin": [6.6, 25.95, 6.6]},
			"faces": {
				"north": {"uv": [3.254, 0.754, 4.496, 0.996], "texture": "#0"},
				"east": {"uv": [3.754, 2.504, 3.996, 2.746], "texture": "#0"},
				"south": {"uv": [3.254, 1.004, 4.496, 1.246], "texture": "#0"},
				"west": {"uv": [4.129, 1.754, 4.371, 1.996], "texture": "#0"},
				"up": {"uv": [4.496, 1.496, 3.254, 1.254], "texture": "#0"},
				"down": {"uv": [4.496, 1.504, 3.254, 1.746], "texture": "#0"}
			}
		},
		{
			"from": [8.525, 26.35, 7.825],
			"to": [8.875, 30.725, 8.175],
			"rotation": {"angle": 0, "axis": "y", "origin": [6.6, 25.95, 6.6]},
			"faces": {
				"north": {"uv": [2.504, 0.004, 2.746, 3.121], "texture": "#0"},
				"east": {"uv": [2.754, 0.004, 2.996, 3.121], "texture": "#0"},
				"south": {"uv": [0.004, 3.004, 0.246, 6.121], "texture": "#0"},
				"west": {"uv": [3.004, 0.004, 3.246, 3.121], "texture": "#0"},
				"up": {"uv": [4.371, 2.246, 4.129, 2.004], "texture": "#0"},
				"down": {"uv": [4.621, 1.754, 4.379, 1.996], "texture": "#0"}
			}
		},
		{
			"from": [7.125, 26.35, 7.825],
			"to": [7.475, 30.725, 8.175],
			"rotation": {"angle": 0, "axis": "y", "origin": [6.6, 25.95, 6.6]},
			"faces": {
				"north": {"uv": [0.254, 3.004, 0.496, 6.121], "texture": "#0"},
				"east": {"uv": [0.504, 3.004, 0.746, 6.121], "texture": "#0"},
				"south": {"uv": [0.754, 3.004, 0.996, 6.121], "texture": "#0"},
				"west": {"uv": [1.004, 3.004, 1.246, 6.121], "texture": "#0"},
				"up": {"uv": [4.621, 2.246, 4.379, 2.004], "texture": "#0"},
				"down": {"uv": [4.246, 4.379, 4.004, 4.621], "texture": "#0"}
			}
		},
		{
			"from": [7.651, 15.801, 7.651],
			"to": [8.349, 16.499, 8.349],
			"rotation": {"angle": 45, "axis": "z", "origin": [8, 16.15, 8]},
			"faces": {
				"north": {"uv": [4.254, 4.379, 4.496, 4.621], "texture": "#0"},
				"east": {"uv": [4.504, 0.004, 4.746, 0.246], "texture": "#0"},
				"south": {"uv": [4.504, 0.254, 4.746, 0.496], "texture": "#0"},
				"west": {"uv": [4.504, 0.504, 4.746, 0.746], "texture": "#0"},
				"up": {"uv": [4.746, 0.996, 4.504, 0.754], "texture": "#0"},
				"down": {"uv": [4.746, 1.004, 4.504, 1.246], "texture": "#0"}
			}
		},
		{
			"from": [8, 16.15, 7.65],
			"to": [9.05, 17.2, 8.35],
			"rotation": {"angle": 45, "axis": "z", "origin": [8, 16.15, 8]},
			"faces": {
				"north": {"uv": [3.254, 2.754, 3.621, 3.121], "texture": "#0"},
				"east": {"uv": [1.254, 3.004, 1.496, 3.371], "texture": "#0"},
				"south": {"uv": [3.254, 3.129, 3.621, 3.496], "texture": "#0"},
				"west": {"uv": [1.254, 3.379, 1.496, 3.746], "texture": "#0"},
				"up": {"uv": [4.121, 1.996, 3.754, 1.754], "texture": "#0"},
				"down": {"uv": [4.121, 2.004, 3.754, 2.246], "texture": "#0"}
			}
		},
		{
			"from": [11.5, 20, 7.825],
			"to": [13.6, 22.1, 8.175],
			"rotation": {"angle": 45, "axis": "z", "origin": [8, 16.5, 8]},
			"faces": {
				"north": {"uv": [2.504, 3.129, 3.246, 3.871], "texture": "#0"},
				"east": {"uv": [1.254, 3.754, 1.371, 4.496], "texture": "#0"},
				"south": {"uv": [3.254, 0.004, 3.996, 0.746], "texture": "#0"},
				"west": {"uv": [1.379, 3.754, 1.496, 4.496], "texture": "#0"},
				"up": {"uv": [4.496, 2.371, 3.754, 2.254], "texture": "#0"},
				"down": {"uv": [4.496, 2.379, 3.754, 2.496], "texture": "#0"}
			}
		},
		{
			"from": [13.6, 21.05, 7.825],
			"to": [14.65, 22.1, 8.175],
			"rotation": {"angle": 45, "axis": "z", "origin": [8, 16.5, 8]},
			"faces": {
				"north": {"uv": [3.254, 3.504, 3.621, 3.871], "texture": "#0"},
				"east": {"uv": [4.754, 2.254, 4.871, 2.621], "texture": "#0"},
				"south": {"uv": [3.629, 2.754, 3.996, 3.121], "texture": "#0"},
				"west": {"uv": [4.754, 2.629, 4.871, 2.996], "texture": "#0"},
				"up": {"uv": [4.371, 0.746, 4.004, 0.629], "texture": "#0"},
				"down": {"uv": [5.121, 3.004, 4.754, 3.121], "texture": "#0"}
			}
		},
		{
			"from": [1.35, 21.05, 7.825],
			"to": [2.4, 22.1, 8.175],
			"rotation": {"angle": -45, "axis": "z", "origin": [8, 16.5, 8]},
			"faces": {
				"north": {"uv": [3.629, 3.129, 3.996, 3.496], "texture": "#0"},
				"east": {"uv": [4.754, 3.129, 4.871, 3.496], "texture": "#0"},
				"south": {"uv": [3.629, 3.504, 3.996, 3.871], "texture": "#0"},
				"west": {"uv": [4.754, 3.504, 4.871, 3.871], "texture": "#0"},
				"up": {"uv": [5.121, 3.996, 4.754, 3.879], "texture": "#0"},
				"down": {"uv": [5.121, 4.004, 4.754, 4.121], "texture": "#0"}
			}
		},
		{
			"from": [0.99965, 21.74965, 7.82465],
			"to": [1.70035, 22.45035, 8.17535],
			"rotation": {"angle": -45, "axis": "z", "origin": [8, 16.5, 8]},
			"faces": {
				"north": {"uv": [1.254, 4.504, 1.496, 4.746], "texture": "#0"},
				"east": {"uv": [3.629, 4.879, 3.746, 5.121], "texture": "#0"},
				"south": {"uv": [4.504, 1.254, 4.746, 1.496], "texture": "#0"},
				"west": {"uv": [3.754, 4.879, 3.871, 5.121], "texture": "#0"},
				"up": {"uv": [5.121, 4.246, 4.879, 4.129], "texture": "#0"},
				"down": {"uv": [4.496, 4.879, 4.254, 4.996], "texture": "#0"}
			}
		},
		{
			"from": [14.29965, 21.74965, 7.82465],
			"to": [15.00035, 22.45035, 8.17535],
			"rotation": {"angle": 45, "axis": "z", "origin": [8, 16.5, 8]},
			"faces": {
				"north": {"uv": [4.504, 1.504, 4.746, 1.746], "texture": "#0"},
				"east": {"uv": [3.879, 4.879, 3.996, 5.121], "texture": "#0"},
				"south": {"uv": [4.504, 2.254, 4.746, 2.496], "texture": "#0"},
				"west": {"uv": [4.879, 4.254, 4.996, 4.496], "texture": "#0"},
				"up": {"uv": [5.121, 4.621, 4.879, 4.504], "texture": "#0"},
				"down": {"uv": [5.121, 4.629, 4.879, 4.746], "texture": "#0"}
			}
		},
		{
			"from": [7.826, 17.201, 7.826],
			"to": [8.174, 19.299, 8.174],
			"rotation": {"angle": 0, "axis": "y", "origin": [5.2, 15.45, 5.2]},
			"faces": {
				"north": {"uv": [2.504, 3.879, 2.621, 4.621], "texture": "#0"},
				"east": {"uv": [2.629, 3.879, 2.746, 4.621], "texture": "#0"},
				"south": {"uv": [2.754, 3.879, 2.871, 4.621], "texture": "#0"},
				"west": {"uv": [2.879, 3.879, 2.996, 4.621], "texture": "#0"},
				"up": {"uv": [4.496, 0.746, 4.379, 0.629], "texture": "#0"},
				"down": {"uv": [1.371, 5.004, 1.254, 5.121], "texture": "#0"}
			}
		},
		{
			"from": [7.82535, 21.12035, 7.82535],
			"to": [8.17465, 22.16965, 8.17465],
			"rotation": {"angle": 0, "axis": "y", "origin": [5.2, 18.32, 5.2]},
			"faces": {
				"north": {"uv": [4.754, 4.129, 4.871, 4.496], "texture": "#0"},
				"east": {"uv": [4.629, 4.754, 4.746, 5.121], "texture": "#0"},
				"south": {"uv": [4.754, 4.754, 4.871, 5.121], "texture": "#0"},
				"west": {"uv": [4.879, 2.254, 4.996, 2.621], "texture": "#0"},
				"up": {"uv": [5.121, 1.371, 5.004, 1.254], "texture": "#0"},
				"down": {"uv": [1.496, 5.004, 1.379, 5.121], "texture": "#0"}
			}
		},
		{
			"from": [7.825, 19.125, 7.825],
			"to": [8.175, 20.525, 8.175],
			"rotation": {"angle": -45, "axis": "z", "origin": [8, 19.125, 8]},
			"faces": {
				"north": {"uv": [4.504, 2.504, 4.621, 2.996], "texture": "#0"},
				"east": {"uv": [4.504, 3.004, 4.621, 3.496], "texture": "#0"},
				"south": {"uv": [4.504, 3.504, 4.621, 3.996], "texture": "#0"},
				"west": {"uv": [4.504, 4.004, 4.621, 4.496], "texture": "#0"},
				"up": {"uv": [5.121, 1.496, 5.004, 1.379], "texture": "#0"},
				"down": {"uv": [5.121, 1.504, 5.004, 1.621], "texture": "#0"}
			}
		},
		{
			"from": [7.824, 19.124, 7.824],
			"to": [8.176, 20.526, 8.176],
			"rotation": {"angle": 45, "axis": "z", "origin": [8, 19.125, 8]},
			"faces": {
				"north": {"uv": [4.504, 4.504, 4.621, 4.996], "texture": "#0"},
				"east": {"uv": [4.629, 1.754, 4.746, 2.246], "texture": "#0"},
				"south": {"uv": [2.504, 4.629, 2.621, 5.121], "texture": "#0"},
				"west": {"uv": [4.629, 2.504, 4.746, 2.996], "texture": "#0"},
				"up": {"uv": [5.121, 1.746, 5.004, 1.629], "texture": "#0"},
				"down": {"uv": [5.121, 1.754, 5.004, 1.871], "texture": "#0"}
			}
		},
		{
			"from": [9.16395, 19.86646, 7.824],
			"to": [9.51595, 21.61846, 8.176],
			"rotation": {"angle": 45, "axis": "z", "origin": [8.98995, 19.86746, 8]},
			"faces": {
				"north": {"uv": [4.004, 0.004, 4.121, 0.621], "texture": "#0"},
				"east": {"uv": [4.004, 2.504, 4.121, 3.121], "texture": "#0"},
				"south": {"uv": [4.004, 3.129, 4.121, 3.746], "texture": "#0"},
				"west": {"uv": [4.004, 3.754, 4.121, 4.371], "texture": "#0"},
				"up": {"uv": [5.121, 1.996, 5.004, 1.879], "texture": "#0"},
				"down": {"uv": [5.121, 2.004, 5.004, 2.121], "texture": "#0"}
			}
		},
		{
			"from": [6.48505, 19.86746, 7.825],
			"to": [6.83505, 21.61746, 8.175],
			"rotation": {"angle": -45, "axis": "z", "origin": [7.01005, 19.86746, 8]},
			"faces": {
				"north": {"uv": [4.129, 0.004, 4.246, 0.621], "texture": "#0"},
				"east": {"uv": [4.129, 2.504, 4.246, 3.121], "texture": "#0"},
				"south": {"uv": [4.129, 3.129, 4.246, 3.746], "texture": "#0"},
				"west": {"uv": [4.129, 3.754, 4.246, 4.371], "texture": "#0"},
				"up": {"uv": [5.121, 2.246, 5.004, 2.129], "texture": "#0"},
				"down": {"uv": [5.121, 2.254, 5.004, 2.371], "texture": "#0"}
			}
		},
		{
			"from": [7.65, 17.2, 7.825],
			"to": [8, 18.6, 8.175],
			"rotation": {"angle": 22.5, "axis": "z", "origin": [7.825, 17.375, 8]},
			"faces": {
				"north": {"uv": [2.629, 4.629, 2.746, 5.121], "texture": "#0"},
				"east": {"uv": [2.754, 4.629, 2.871, 5.121], "texture": "#0"},
				"south": {"uv": [2.879, 4.629, 2.996, 5.121], "texture": "#0"},
				"west": {"uv": [4.629, 3.004, 4.746, 3.496], "texture": "#0"},
				"up": {"uv": [5.121, 2.496, 5.004, 2.379], "texture": "#0"},
				"down": {"uv": [5.121, 2.504, 5.004, 2.621], "texture": "#0"}
			}
		},
		{
			"from": [8, 17.2, 7.825],
			"to": [8.35, 18.6, 8.175],
			"rotation": {"angle": -22.5, "axis": "z", "origin": [8.175, 17.375, 8]},
			"faces": {
				"north": {"uv": [4.629, 3.504, 4.746, 3.996], "texture": "#0"},
				"east": {"uv": [4.004, 4.629, 4.121, 5.121], "texture": "#0"},
				"south": {"uv": [4.629, 4.004, 4.746, 4.496], "texture": "#0"},
				"west": {"uv": [4.129, 4.629, 4.246, 5.121], "texture": "#0"},
				"up": {"uv": [5.121, 2.746, 5.004, 2.629], "texture": "#0"},
				"down": {"uv": [5.121, 2.754, 5.004, 2.871], "texture": "#0"}
			}
		},
		{
			"from": [8.38383, 18.26563, 7.82585],
			"to": [8.73213, 19.31393, 8.17415],
			"rotation": {"angle": 45, "axis": "z", "origin": [8.55798, 18.43978, 8]},
			"faces": {
				"north": {"uv": [4.879, 2.629, 4.996, 2.996], "texture": "#0"},
				"east": {"uv": [3.004, 4.879, 3.121, 5.246], "texture": "#0"},
				"south": {"uv": [3.129, 4.879, 3.246, 5.246], "texture": "#0"},
				"west": {"uv": [4.879, 3.129, 4.996, 3.496], "texture": "#0"},
				"up": {"uv": [5.121, 2.996, 5.004, 2.879], "texture": "#0"},
				"down": {"uv": [5.121, 3.129, 5.004, 3.246], "texture": "#0"}
			}
		},
		{
			"from": [7.26737, 18.26513, 7.82535],
			"to": [7.61667, 19.31443, 8.17465],
			"rotation": {"angle": -45, "axis": "z", "origin": [7.44202, 18.43978, 8]},
			"faces": {
				"north": {"uv": [3.254, 4.879, 3.371, 5.246], "texture": "#0"},
				"east": {"uv": [3.379, 4.879, 3.496, 5.246], "texture": "#0"},
				"south": {"uv": [3.504, 4.879, 3.621, 5.246], "texture": "#0"},
				"west": {"uv": [4.879, 3.504, 4.996, 3.871], "texture": "#0"},
				"up": {"uv": [5.121, 3.371, 5.004, 3.254], "texture": "#0"},
				"down": {"uv": [5.121, 3.379, 5.004, 3.496], "texture": "#0"}
			}
		},
		{
			"from": [7.545, 24.795, 8],
			"to": [8.945, 26.195, 8],
			"rotation": {"angle": 45, "axis": "z", "origin": [8, 25.25, 8]},
			"faces": {
				"north": {"uv": [3.254, 1.754, 3.746, 2.246], "texture": "#0"},
				"east": {"uv": [0.004, 0.004, 0.004, 0.496], "texture": "#0"},
				"south": {"uv": [3.254, 2.254, 3.746, 2.746], "texture": "#0"},
				"west": {"uv": [0.004, 0.004, 0.004, 0.496], "texture": "#0"},
				"up": {"uv": [0.496, 0.004, 0.004, 0.004], "texture": "#0"},
				"down": {"uv": [0.496, 0.004, 0.004, 0.004], "texture": "#0"}
			}
		},
		{
			"from": [7.72, -7.93, 7.72],
			"to": [8.28, 16.08, 8.28],
			"rotation": {"angle": 0, "axis": "y", "origin": [8, -8, 8]},
			"faces": {
				"north": {"uv": [1.504, 0.004, 1.746, 8.621], "texture": "#0"},
				"east": {"uv": [1.754, 0.004, 1.996, 8.621], "texture": "#0"},
				"south": {"uv": [2.004, 0.004, 2.246, 8.621], "texture": "#0"},
				"west": {"uv": [2.254, 0.004, 2.496, 8.621], "texture": "#0"},
				"up": {"uv": [4.496, 4.871, 4.254, 4.629], "texture": "#0"},
				"down": {"uv": [4.871, 4.504, 4.629, 4.746], "texture": "#0"}
			}
		},
		{
			"from": [8.53576, -9.47773, 7.825],
			"to": [8.88576, -7.72773, 8.175],
			"rotation": {"angle": 22.5, "axis": "z", "origin": [8.53576, -9.47773, 8.175]},
			"faces": {
				"north": {"uv": [4.254, 0.004, 4.371, 0.621], "texture": "#0"},
				"east": {"uv": [4.254, 2.504, 4.371, 3.121], "texture": "#0"},
				"south": {"uv": [3.004, 4.254, 3.121, 4.871], "texture": "#0"},
				"west": {"uv": [3.129, 4.254, 3.246, 4.871], "texture": "#0"},
				"up": {"uv": [5.121, 3.621, 5.004, 3.504], "texture": "#0"},
				"down": {"uv": [5.121, 3.629, 5.004, 3.746], "texture": "#0"}
			}
		},
		{
			"from": [7.86706, -10.82564, 7.826],
			"to": [8.21506, -9.07764, 8.174],
			"rotation": {"angle": -22.5, "axis": "z", "origin": [7.86606, -10.82664, 8.175]},
			"faces": {
				"north": {"uv": [4.254, 3.129, 4.371, 3.746], "texture": "#0"},
				"east": {"uv": [3.254, 4.254, 3.371, 4.871], "texture": "#0"},
				"south": {"uv": [3.379, 4.254, 3.496, 4.871], "texture": "#0"},
				"west": {"uv": [3.504, 4.254, 3.621, 4.871], "texture": "#0"},
				"up": {"uv": [5.121, 3.871, 5.004, 3.754], "texture": "#0"},
				"down": {"uv": [4.371, 5.004, 4.254, 5.121], "texture": "#0"}
			}
		},
		{
			"from": [7.11524, -9.47673, 7.826],
			"to": [7.46324, -7.72873, 8.174],
			"rotation": {"angle": -22.5, "axis": "z", "origin": [7.46424, -9.47773, 8.175]},
			"faces": {
				"north": {"uv": [3.629, 4.254, 3.746, 4.871], "texture": "#0"},
				"east": {"uv": [3.754, 4.254, 3.871, 4.871], "texture": "#0"},
				"south": {"uv": [4.254, 3.754, 4.371, 4.371], "texture": "#0"},
				"west": {"uv": [3.879, 4.254, 3.996, 4.871], "texture": "#0"},
				"up": {"uv": [5.121, 4.371, 5.004, 4.254], "texture": "#0"},
				"down": {"uv": [4.496, 5.004, 4.379, 5.121], "texture": "#0"}
			}
		},
		{
			"from": [7.78394, -10.82664, 7.825],
			"to": [8.13394, -9.07664, 8.175],
			"rotation": {"angle": 22.5, "axis": "z", "origin": [8.13394, -10.82664, 8.175]},
			"faces": {
				"north": {"uv": [4.379, 0.004, 4.496, 0.621], "texture": "#0"},
				"east": {"uv": [4.379, 2.504, 4.496, 3.121], "texture": "#0"},
				"south": {"uv": [4.379, 3.129, 4.496, 3.746], "texture": "#0"},
				"west": {"uv": [4.379, 3.754, 4.496, 4.371], "texture": "#0"},
				"up": {"uv": [5.121, 4.496, 5.004, 4.379], "texture": "#0"},
				"down": {"uv": [4.621, 5.004, 4.504, 5.121], "texture": "#0"}
			}
		},
		{
			"from": [7.58, -11.92, 7.58],
			"to": [8.42, -11.08, 8.42],
			"rotation": {"angle": 45, "axis": "z", "origin": [8, -11.5, 8]},
			"faces": {
				"north": {"uv": [4.754, 0.004, 4.996, 0.246], "texture": "#0"},
				"east": {"uv": [4.754, 0.254, 4.996, 0.496], "texture": "#0"},
				"south": {"uv": [4.754, 0.504, 4.996, 0.746], "texture": "#0"},
				"west": {"uv": [4.754, 0.754, 4.996, 0.996], "texture": "#0"},
				"up": {"uv": [4.996, 1.246, 4.754, 1.004], "texture": "#0"},
				"down": {"uv": [1.496, 4.754, 1.254, 4.996], "texture": "#0"}
			}
		},
		{
			"from": [7.65, -12.9, 7.65],
			"to": [8.35, -12.55, 8.35],
			"rotation": {"angle": 0, "axis": "y", "origin": [8, -12.55, 8]},
			"faces": {
				"north": {"uv": [4.879, 4.754, 5.121, 4.871], "texture": "#0"},
				"east": {"uv": [4.879, 4.879, 5.121, 4.996], "texture": "#0"},
				"south": {"uv": [5.004, 0.004, 5.246, 0.121], "texture": "#0"},
				"west": {"uv": [5.004, 0.129, 5.246, 0.246], "texture": "#0"},
				"up": {"uv": [4.996, 1.496, 4.754, 1.254], "texture": "#0"},
				"down": {"uv": [4.996, 1.504, 4.754, 1.746], "texture": "#0"}
			}
		},
		{
			"from": [7.755, -12.795, 7.755],
			"to": [8.245, -11.955, 8.245],
			"rotation": {"angle": 0, "axis": "y", "origin": [8, -12.2, 8]},
			"faces": {
				"north": {"uv": [3.004, 3.879, 3.246, 4.246], "texture": "#0"},
				"east": {"uv": [3.254, 3.879, 3.496, 4.246], "texture": "#0"},
				"south": {"uv": [3.504, 3.879, 3.746, 4.246], "texture": "#0"},
				"west": {"uv": [3.754, 3.879, 3.996, 4.246], "texture": "#0"},
				"up": {"uv": [4.996, 1.996, 4.754, 1.754], "texture": "#0"},
				"down": {"uv": [4.996, 2.004, 4.754, 2.246], "texture": "#0"}
			}
		},
		{
			"from": [7.8215, -11.5035, 7.8215],
			"to": [8.1785, -10.7965, 8.1785],
			"rotation": {"angle": 0, "axis": "y", "origin": [7.825, -11.15, 8.175]},
			"faces": {
				"north": {"uv": [5.004, 0.254, 5.121, 0.496], "texture": "#0"},
				"east": {"uv": [5.004, 0.504, 5.121, 0.746], "texture": "#0"},
				"south": {"uv": [5.004, 0.754, 5.121, 0.996], "texture": "#0"},
				"west": {"uv": [5.004, 1.004, 5.121, 1.246], "texture": "#0"},
				"up": {"uv": [4.996, 5.121, 4.879, 5.004], "texture": "#0"},
				"down": {"uv": [5.121, 5.004, 5.004, 5.121], "texture": "#0"}
			}
		}
	],
	"gui_light": "front",
	"display": {
		"thirdperson_righthand": {
			"rotation": [0, 90, 0],
			"translation": [0, 0, 1],
			"scale": [1.2, 1.2, 1.2]
		},
		"thirdperson_lefthand": {
			"rotation": [0, 90, 0],
			"translation": [0, 0, 1],
			"scale": [1.2, 1.2, 1.2]
		},
		"firstperson_righthand": {
			"rotation": [0, 100, 0],
			"translation": [1, -7, 0]
		},
		"firstperson_lefthand": {
			"rotation": [0, 100, 0],
			"translation": [1, -7, 0]
		},
		"ground": {
			"translation": [0, 10, 0],
			"scale": [0.5, 0.5, 0.5]
		},
		"gui": {
			"rotation": [0, 0, -45],
			"translation": [-0.25, -0.25, 0],
			"scale": [0.47, 0.47, 0.47]
		},
		"head": {
			"translation": [0, -3.75, 7.5],
			"scale": [1.7, 1.7, 1.7]
		},
		"fixed": {
			"translation": [0, 0, -0.25],
			"scale": [0.7, 0.7, 0.7]
		}
	},
	"groups": [
		{
			"name": "resonant_strike",
			"origin": [8, -8, 8],
			"color": 0,
			"children": [
				{
					"name": "0",
					"origin": [8, -8, 8],
					"color": 0,
					"children": [0, 1, 2]
				},
				{
					"name": "1",
					"origin": [8, 27.35, 8],
					"color": 0,
					"children": [3, 4, 5]
				},
				{
					"name": "2",
					"origin": [8, 18.25, 8],
					"color": 0,
					"children": [6, 7, 8, 9, 10, 11, 12, 13, 14, 15, 16, 17, 18, 19, 20, 21, 22, 23]
				},
				{
					"name": "3",
					"origin": [8, -8, 8],
					"color": 0,
					"children": [24]
				},
				{
					"name": "4",
					"origin": [8, -9.66715, 8],
					"color": 0,
					"children": [25, 26, 27, 28, 29, 30, 31, 32]
				}
			]
		}
	]
}