{
	"credit": "Made with Blockbench",
	"texture_size": [128, 128],
	"textures": {
		"0": "holocraft:item/rest_in_peace"
	},
	"elements": [
		{
			"from": [4.736, 26.656, 8],
			"to": [6.096, 29.104, 8],
			"rotation": {"angle": 0, "axis": "y", "origin": [8, 25.16, 8]},
			"faces": {
				"north": {"uv": [10.004, 0.004, 10.621, 1.121], "texture": "#0"},
				"east": {"uv": [0.004, 0.004, 0.004, 1.121], "texture": "#0"},
				"south": {"uv": [10.004, 1.129, 10.621, 2.246], "texture": "#0"},
				"west": {"uv": [0.004, 0.004, 0.004, 1.121], "texture": "#0"},
				"up": {"uv": [0.621, 0.004, 0.004, 0.004], "texture": "#0"},
				"down": {"uv": [0.621, 0.004, 0.004, 0.004], "texture": "#0"}
			}
		},
		{
			"from": [4.6544, 27.608, 7.8912],
			"to": [4.9264, 28.152, 8.1088],
			"rotation": {"angle": 0, "axis": "y", "origin": [8, 25.16, 8]},
			"faces": {
				"north": {"uv": [8.629, 7.504, 8.746, 7.746], "texture": "#0"},
				"east": {"uv": [8.629, 7.754, 8.746, 7.996], "texture": "#0"},
				"south": {"uv": [8.629, 8.004, 8.746, 8.246], "texture": "#0"},
				"west": {"uv": [8.629, 8.254, 8.746, 8.496], "texture": "#0"},
				"up": {"uv": [8.746, 9.746, 8.629, 9.629], "texture": "#0"},
				"down": {"uv": [9.746, 8.629, 9.629, 8.746], "texture": "#0"}
			}
		},
		{
			"from": [4.38512, 27.74672, 7.89392],
			"to": [5.19568, 28.01328, 8.10608],
			"rotation": {"angle": 0, "axis": "y", "origin": [8, 25.16, 8]},
			"faces": {
				"north": {"uv": [8.254, 7.504, 8.621, 7.621], "texture": "#0"},
				"east": {"uv": [9.629, 8.754, 9.746, 8.871], "texture": "#0"},
				"south": {"uv": [8.254, 7.629, 8.621, 7.746], "texture": "#0"},
				"west": {"uv": [9.629, 8.879, 9.746, 8.996], "texture": "#0"},
				"up": {"uv": [8.621, 7.871, 8.254, 7.754], "texture": "#0"},
				"down": {"uv": [8.621, 7.879, 8.254, 7.996], "texture": "#0"}
			}
		},
		{
			"from": [4.1648, 27.7984, 7.9456],
			"to": [4.6, 27.9616, 8.0544],
			"rotation": {"angle": 0, "axis": "y", "origin": [8, 25.16, 8]},
			"faces": {
				"north": {"uv": [8.754, 7.504, 8.996, 7.621], "texture": "#0"},
				"east": {"uv": [9.629, 9.004, 9.746, 9.121], "texture": "#0"},
				"south": {"uv": [8.754, 7.629, 8.996, 7.746], "texture": "#0"},
				"west": {"uv": [8.629, 9.754, 8.746, 9.871], "texture": "#0"},
				"up": {"uv": [8.996, 7.871, 8.754, 7.754], "texture": "#0"},
				"down": {"uv": [8.996, 7.879, 8.754, 7.996], "texture": "#0"}
			}
		},
		{
			"from": [4.8176, 26.384, 7.8912],
			"to": [5.0896, 26.928, 8.1088],
			"rotation": {"angle": 45, "axis": "z", "origin": [4.668, 26.792, 8]},
			"faces": {
				"north": {"uv": [8.754, 8.004, 8.871, 8.246], "texture": "#0"},
				"east": {"uv": [8.754, 8.254, 8.871, 8.496], "texture": "#0"},
				"south": {"uv": [8.879, 8.004, 8.996, 8.246], "texture": "#0"},
				"west": {"uv": [8.879, 8.254, 8.996, 8.496], "texture": "#0"},
				"up": {"uv": [9.996, 0.121, 9.879, 0.004], "texture": "#0"},
				"down": {"uv": [9.996, 0.129, 9.879, 0.246], "texture": "#0"}
			}
		},
		{
			"from": [4.54832, 26.52272, 7.89392],
			"to": [5.35888, 26.78928, 8.10608],
			"rotation": {"angle": 45, "axis": "z", "origin": [4.668, 26.792, 8]},
			"faces": {
				"north": {"uv": [8.254, 8.004, 8.621, 8.121], "texture": "#0"},
				"east": {"uv": [9.879, 2.879, 9.996, 2.996], "texture": "#0"},
				"south": {"uv": [8.254, 8.129, 8.621, 8.246], "texture": "#0"},
				"west": {"uv": [9.879, 3.004, 9.996, 3.121], "texture": "#0"},
				"up": {"uv": [8.621, 8.371, 8.254, 8.254], "texture": "#0"},
				"down": {"uv": [8.621, 8.379, 8.254, 8.496], "texture": "#0"}
			}
		},
		{
			"from": [4.328, 26.5744, 7.9456],
			"to": [4.7632, 26.7376, 8.0544],
			"rotation": {"angle": 45, "axis": "z", "origin": [4.668, 26.792, 8]},
			"faces": {
				"north": {"uv": [9.379, 0.004, 9.621, 0.121], "texture": "#0"},
				"east": {"uv": [9.879, 3.129, 9.996, 3.246], "texture": "#0"},
				"south": {"uv": [9.379, 0.129, 9.621, 0.246], "texture": "#0"},
				"west": {"uv": [9.879, 3.254, 9.996, 3.371], "texture": "#0"},
				"up": {"uv": [9.871, 0.121, 9.629, 0.004], "texture": "#0"},
				"down": {"uv": [9.871, 0.129, 9.629, 0.246], "texture": "#0"}
			}
		},
		{
			"from": [-6.96, 20.128, 8],
			"to": [9.36, 31.552, 8],
			"rotation": {"angle": 0, "axis": "y", "origin": [8.272, 24.344, 8]},
			"faces": {
				"north": {"uv": [0.004, 0.004, 7.496, 5.246], "texture": "#0"},
				"east": {"uv": [0.004, 0.004, 0.004, 5.246], "texture": "#0"},
				"south": {"uv": [0.004, 5.254, 7.496, 10.496], "texture": "#0"},
				"west": {"uv": [0.004, 0.004, 0.004, 5.246], "texture": "#0"},
				"up": {"uv": [7.496, 0.004, 0.004, 0.004], "texture": "#0"},
				"down": {"uv": [7.496, 0.004, 0.004, 0.004], "texture": "#0"}
			}
		},
		{
			"from": [8.00054, 25.16054, 7.81014],
			"to": [8.54346, 26.79146, 8.18986],
			"rotation": {"angle": 0, "axis": "y", "origin": [8, 25.16, 8]},
			"faces": {
				"north": {"uv": [8.504, 5.754, 8.746, 6.496], "texture": "#0"},
				"east": {"uv": [8.504, 6.504, 8.746, 7.246], "texture": "#0"},
				"south": {"uv": [8.254, 8.504, 8.496, 9.246], "texture": "#0"},
				"west": {"uv": [8.504, 8.504, 8.746, 9.246], "texture": "#0"},
				"up": {"uv": [9.746, 6.246, 9.504, 6.004], "texture": "#0"},
				"down": {"uv": [9.746, 6.254, 9.504, 6.496], "texture": "#0"}
			}
		},
		{
			"from": [7.45654, 24.88854, 7.81014],
			"to": [7.99946, 26.79146, 8.18986],
			"rotation": {"angle": 0, "axis": "y", "origin": [7.728, 25.16, 8]},
			"faces": {
				"north": {"uv": [8.504, 1.754, 8.746, 2.621], "texture": "#0"},
				"east": {"uv": [8.504, 2.629, 8.746, 3.496], "texture": "#0"},
				"south": {"uv": [8.504, 3.504, 8.746, 4.371], "texture": "#0"},
				"west": {"uv": [8.504, 4.379, 8.746, 5.246], "texture": "#0"},
				"up": {"uv": [9.746, 6.746, 9.504, 6.504], "texture": "#0"},
				"down": {"uv": [9.746, 7.254, 9.504, 7.496], "texture": "#0"}
			}
		},
		{
			"from": [5.552, 25.16, 7.8096],
			"to": [7.456, 26.248, 8.1904],
			"rotation": {"angle": -45, "axis": "z", "origin": [7.728, 25.16, 8]},
			"faces": {
				"north": {"uv": [8.254, 0.004, 9.121, 0.496], "texture": "#0"},
				"east": {"uv": [9.129, 1.254, 9.371, 1.746], "texture": "#0"},
				"south": {"uv": [8.254, 0.504, 9.121, 0.996], "texture": "#0"},
				"west": {"uv": [9.254, 2.504, 9.496, 2.996], "texture": "#0"},
				"up": {"uv": [9.371, 5.496, 8.504, 5.254], "texture": "#0"},
				"down": {"uv": [9.371, 5.504, 8.504, 5.746], "texture": "#0"}
			}
		},
		{
			"from": [5.8704, 26.65172, 7.80933],
			"to": [7.23094, 27.46827, 8.19067],
			"rotation": {"angle": 0, "axis": "y", "origin": [7.50267, 25.29199, 8]},
			"faces": {
				"north": {"uv": [8.504, 1.004, 9.121, 1.371], "texture": "#0"},
				"east": {"uv": [9.254, 7.629, 9.496, 7.996], "texture": "#0"},
				"south": {"uv": [8.504, 1.379, 9.121, 1.746], "texture": "#0"},
				"west": {"uv": [8.254, 9.254, 8.496, 9.621], "texture": "#0"},
				"up": {"uv": [9.371, 7.246, 8.754, 7.004], "texture": "#0"},
				"down": {"uv": [9.621, 8.129, 9.004, 8.371], "texture": "#0"}
			}
		},
		{
			"from": [7.72854, 24.61654, 7.81014],
			"to": [7.99946, 24.88746, 8.18986],
			"rotation": {"angle": 0, "axis": "y", "origin": [7.728, 24.616, 8]},
			"faces": {
				"north": {"uv": [9.504, 5.129, 9.621, 5.246], "texture": "#0"},
				"east": {"uv": [9.754, 2.004, 9.996, 2.121], "texture": "#0"},
				"south": {"uv": [9.754, 6.629, 9.871, 6.746], "texture": "#0"},
				"west": {"uv": [9.754, 2.129, 9.996, 2.246], "texture": "#0"},
				"up": {"uv": [9.871, 3.121, 9.754, 2.879], "texture": "#0"},
				"down": {"uv": [9.871, 3.129, 9.754, 3.371], "texture": "#0"}
			}
		},
		{
			"from": [5.78907, 27.73999, 7.9456],
			"to": [6.06107, 28.82799, 8.0544],
			"rotation": {"angle": 0, "axis": "y", "origin": [5.78907, 25.83599, 7.864]},
			"faces": {
				"north": {"uv": [9.379, 1.254, 9.496, 1.746], "texture": "#0"},
				"east": {"uv": [9.504, 7.504, 9.621, 7.996], "texture": "#0"},
				"south": {"uv": [9.504, 8.379, 9.621, 8.871], "texture": "#0"},
				"west": {"uv": [9.504, 8.879, 9.621, 9.371], "texture": "#0"},
				"up": {"uv": [8.996, 9.871, 8.879, 9.754], "texture": "#0"},
				"down": {"uv": [9.871, 8.879, 9.754, 8.996], "texture": "#0"}
			}
		},
		{
			"from": [5.78934, 27.60427, 7.94587],
			"to": [7.1488, 27.87572, 8.05413],
			"rotation": {"angle": 0, "axis": "y", "origin": [5.78907, 24.88399, 7.864]},
			"faces": {
				"north": {"uv": [9.379, 0.254, 9.996, 0.371], "texture": "#0"},
				"east": {"uv": [9.754, 9.004, 9.871, 9.121], "texture": "#0"},
				"south": {"uv": [9.379, 0.379, 9.996, 0.496], "texture": "#0"},
				"west": {"uv": [9.754, 9.629, 9.871, 9.746], "texture": "#0"},
				"up": {"uv": [9.996, 0.621, 9.379, 0.504], "texture": "#0"},
				"down": {"uv": [9.996, 0.629, 9.379, 0.746], "texture": "#0"}
			}
		},
		{
			"from": [5.59867, 27.46799, 7.8096],
			"to": [7.23067, 27.73999, 8.1904],
			"rotation": {"angle": 0, "axis": "y", "origin": [7.23067, 25.56399, 8]},
			"faces": {
				"north": {"uv": [8.754, 5.129, 9.496, 5.246], "texture": "#0"},
				"east": {"uv": [9.754, 3.379, 9.996, 3.496], "texture": "#0"},
				"south": {"uv": [9.254, 5.004, 9.996, 5.121], "texture": "#0"},
				"west": {"uv": [9.754, 3.504, 9.996, 3.621], "texture": "#0"},
				"up": {"uv": [9.246, 7.496, 8.504, 7.254], "texture": "#0"},
				"down": {"uv": [9.496, 1.754, 8.754, 1.996], "texture": "#0"}
			}
		},
		{
			"from": [6.79547, 27.73999, 7.9456],
			"to": [7.06747, 28.82799, 8.0544],
			"rotation": {"angle": 0, "axis": "y", "origin": [6.79547, 25.83599, 7.864]},
			"faces": {
				"north": {"uv": [9.254, 9.504, 9.371, 9.996], "texture": "#0"},
				"east": {"uv": [9.379, 9.504, 9.496, 9.996], "texture": "#0"},
				"south": {"uv": [9.504, 9.379, 9.621, 9.871], "texture": "#0"},
				"west": {"uv": [9.629, 1.254, 9.746, 1.746], "texture": "#0"},
				"up": {"uv": [9.871, 9.871, 9.754, 9.754], "texture": "#0"},
				"down": {"uv": [9.996, 1.254, 9.879, 1.371], "texture": "#0"}
			}
		},
		{
			"from": [6.95833, 27.73965, 7.80926],
			"to": [7.23101, 28.82833, 8.19074],
			"rotation": {"angle": 0, "axis": "y", "origin": [7.23067, 25.83599, 8]},
			"faces": {
				"north": {"uv": [9.629, 1.754, 9.746, 2.246], "texture": "#0"},
				"east": {"uv": [9.254, 3.004, 9.496, 3.496], "texture": "#0"},
				"south": {"uv": [9.629, 5.129, 9.746, 5.621], "texture": "#0"},
				"west": {"uv": [9.254, 3.504, 9.496, 3.996], "texture": "#0"},
				"up": {"uv": [9.871, 3.871, 9.754, 3.629], "texture": "#0"},
				"down": {"uv": [9.871, 3.879, 9.754, 4.121], "texture": "#0"}
			}
		},
		{
			"from": [5.78934, 28.66507, 7.94587],
			"to": [7.1488, 28.93652, 8.05413],
			"rotation": {"angle": 0, "axis": "y", "origin": [5.78907, 25.94479, 7.864]},
			"faces": {
				"north": {"uv": [9.379, 0.754, 9.996, 0.871], "texture": "#0"},
				"east": {"uv": [9.879, 1.379, 9.996, 1.496], "texture": "#0"},
				"south": {"uv": [9.379, 0.879, 9.996, 0.996], "texture": "#0"},
				"west": {"uv": [9.879, 1.504, 9.996, 1.621], "texture": "#0"},
				"up": {"uv": [9.996, 1.121, 9.379, 1.004], "texture": "#0"},
				"down": {"uv": [9.996, 1.129, 9.379, 1.246], "texture": "#0"}
			}
		},
		{
			"from": [5.59833, 28.82765, 7.80926],
			"to": [7.23101, 29.10033, 8.19074],
			"rotation": {"angle": 0, "axis": "y", "origin": [7.23067, 26.92399, 8]},
			"faces": {
				"north": {"uv": [9.254, 6.879, 9.996, 6.996], "texture": "#0"},
				"east": {"uv": [9.754, 4.129, 9.996, 4.246], "texture": "#0"},
				"south": {"uv": [9.254, 8.004, 9.996, 8.121], "texture": "#0"},
				"west": {"uv": [9.754, 4.254, 9.996, 4.371], "texture": "#0"},
				"up": {"uv": [9.496, 2.246, 8.754, 2.004], "texture": "#0"},
				"down": {"uv": [9.496, 2.254, 8.754, 2.496], "texture": "#0"}
			}
		},
		{
			"from": [5.59867, 27.73999, 7.8096],
			"to": [5.87067, 28.82799, 8.1904],
			"rotation": {"angle": 0, "axis": "y", "origin": [5.87067, 25.83599, 8]},
			"faces": {
				"north": {"uv": [9.629, 7.504, 9.746, 7.996], "texture": "#0"},
				"east": {"uv": [9.254, 4.004, 9.496, 4.496], "texture": "#0"},
				"south": {"uv": [8.004, 9.629, 8.121, 10.121], "texture": "#0"},
				"west": {"uv": [9.254, 4.504, 9.496, 4.996], "texture": "#0"},
				"up": {"uv": [9.871, 4.621, 9.754, 4.379], "texture": "#0"},
				"down": {"uv": [9.871, 4.629, 9.754, 4.871], "texture": "#0"}
			}
		},
		{
			"from": [7.18373, 28.42373, 7.80933],
			"to": [7.72827, 29.78427, 8.19067],
			"rotation": {"angle": 0, "axis": "y", "origin": [7.456, 28.424, 8]},
			"faces": {
				"north": {"uv": [8.004, 9.004, 8.246, 9.621], "texture": "#0"},
				"east": {"uv": [9.004, 8.379, 9.246, 8.996], "texture": "#0"},
				"south": {"uv": [9.004, 9.004, 9.246, 9.621], "texture": "#0"},
				"west": {"uv": [9.129, 0.004, 9.371, 0.621], "texture": "#0"},
				"up": {"uv": [9.871, 2.496, 9.629, 2.254], "texture": "#0"},
				"down": {"uv": [9.871, 7.004, 9.629, 7.246], "texture": "#0"}
			}
		},
		{
			"from": [8.27173, 28.69573, 7.94533],
			"to": [8.81627, 30.05627, 8.05467],
			"rotation": {"angle": 0, "axis": "y", "origin": [8.544, 28.696, 8]},
			"faces": {
				"north": {"uv": [9.129, 0.629, 9.371, 1.246], "texture": "#0"},
				"east": {"uv": [9.504, 1.254, 9.621, 1.871], "texture": "#0"},
				"south": {"uv": [8.754, 9.129, 8.996, 9.746], "texture": "#0"},
				"west": {"uv": [9.504, 1.879, 9.621, 2.496], "texture": "#0"},
				"up": {"uv": [9.996, 4.996, 9.754, 4.879], "texture": "#0"},
				"down": {"uv": [9.996, 5.129, 9.754, 5.246], "texture": "#0"}
			}
		},
		{
			"from": [8.3264, 28.968, 7.9456],
			"to": [9.4144, 29.784, 8.0544],
			"rotation": {"angle": -22.5, "axis": "z", "origin": [8.544, 28.968, 8]},
			"faces": {
				"north": {"uv": [8.754, 2.504, 9.246, 2.871], "texture": "#0"},
				"east": {"uv": [9.004, 9.629, 9.121, 9.996], "texture": "#0"},
				"south": {"uv": [8.754, 2.879, 9.246, 3.246], "texture": "#0"},
				"west": {"uv": [9.129, 9.629, 9.246, 9.996], "texture": "#0"},
				"up": {"uv": [9.996, 6.871, 9.504, 6.754], "texture": "#0"},
				"down": {"uv": [10.121, 5.629, 9.629, 5.746], "texture": "#0"}
			}
		},
		{
			"from": [8.3264, 29.784, 7.9456],
			"to": [9.1424, 30.056, 8.0544],
			"rotation": {"angle": -22.5, "axis": "z", "origin": [8.544, 28.968, 8]},
			"faces": {
				"north": {"uv": [9.629, 9.129, 9.996, 9.246], "texture": "#0"},
				"east": {"uv": [9.879, 1.629, 9.996, 1.746], "texture": "#0"},
				"south": {"uv": [9.629, 9.254, 9.996, 9.371], "texture": "#0"},
				"west": {"uv": [9.879, 1.754, 9.996, 1.871], "texture": "#0"},
				"up": {"uv": [9.996, 9.496, 9.629, 9.379], "texture": "#0"},
				"down": {"uv": [9.996, 9.504, 9.629, 9.621], "texture": "#0"}
			}
		},
		{
			"from": [9.4144, 29.24, 7.9456],
			"to": [9.9584, 29.784, 8.0544],
			"rotation": {"angle": -22.5, "axis": "z", "origin": [8.544, 28.968, 8]},
			"faces": {
				"north": {"uv": [8.129, 9.629, 8.371, 9.871], "texture": "#0"},
				"east": {"uv": [9.754, 5.254, 9.871, 5.496], "texture": "#0"},
				"south": {"uv": [9.629, 8.129, 9.871, 8.371], "texture": "#0"},
				"west": {"uv": [9.754, 5.754, 9.871, 5.996], "texture": "#0"},
				"up": {"uv": [9.996, 5.621, 9.754, 5.504], "texture": "#0"},
				"down": {"uv": [9.996, 6.004, 9.754, 6.121], "texture": "#0"}
			}
		},
		{
			"from": [9.9584, 29.512, 7.9456],
			"to": [10.2304, 29.784, 8.0544],
			"rotation": {"angle": -22.5, "axis": "z", "origin": [8.544, 28.968, 8]},
			"faces": {
				"north": {"uv": [9.879, 1.879, 9.996, 1.996], "texture": "#0"},
				"east": {"uv": [9.879, 2.254, 9.996, 2.371], "texture": "#0"},
				"south": {"uv": [9.879, 2.379, 9.996, 2.496], "texture": "#0"},
				"west": {"uv": [9.879, 2.504, 9.996, 2.621], "texture": "#0"},
				"up": {"uv": [9.996, 2.746, 9.879, 2.629], "texture": "#0"},
				"down": {"uv": [9.996, 2.754, 9.879, 2.871], "texture": "#0"}
			}
		},
		{
			"from": [7.728, 28.968, 7.9456],
			"to": [8.272, 29.784, 8.0544],
			"rotation": {"angle": 0, "axis": "y", "origin": [8, 28.696, 8]},
			"faces": {
				"north": {"uv": [9.254, 8.379, 9.496, 8.746], "texture": "#0"},
				"east": {"uv": [9.629, 9.629, 9.746, 9.996], "texture": "#0"},
				"south": {"uv": [8.504, 9.254, 8.746, 9.621], "texture": "#0"},
				"west": {"uv": [9.754, 1.254, 9.871, 1.621], "texture": "#0"},
				"up": {"uv": [9.996, 6.246, 9.754, 6.129], "texture": "#0"},
				"down": {"uv": [9.996, 6.254, 9.754, 6.371], "texture": "#0"}
			}
		},
		{
			"from": [7.18373, 27.87973, 7.80933],
			"to": [7.45627, 28.42427, 8.19067],
			"rotation": {"angle": 0, "axis": "y", "origin": [7.456, 27.88, 8]},
			"faces": {
				"north": {"uv": [9.754, 6.379, 9.871, 6.621], "texture": "#0"},
				"east": {"uv": [8.379, 9.629, 8.621, 9.871], "texture": "#0"},
				"south": {"uv": [9.754, 7.254, 9.871, 7.496], "texture": "#0"},
				"west": {"uv": [9.629, 8.379, 9.871, 8.621], "texture": "#0"},
				"up": {"uv": [9.871, 7.746, 9.754, 7.504], "texture": "#0"},
				"down": {"uv": [9.871, 7.754, 9.754, 7.996], "texture": "#0"}
			}
		},
		{
			"from": [6.91173, 28.96773, 7.80933],
			"to": [7.18427, 29.51227, 8.19067],
			"rotation": {"angle": 0, "axis": "y", "origin": [7.456, 28.968, 8]},
			"faces": {
				"north": {"uv": [9.754, 1.629, 9.871, 1.996], "texture": "#0"},
				"east": {"uv": [9.254, 8.754, 9.496, 9.121], "texture": "#0"},
				"south": {"uv": [9.754, 2.504, 9.871, 2.871], "texture": "#0"},
				"west": {"uv": [9.254, 9.129, 9.496, 9.496], "texture": "#0"},
				"up": {"uv": [9.871, 8.871, 9.754, 8.629], "texture": "#0"},
				"down": {"uv": [8.871, 9.754, 8.754, 9.996], "texture": "#0"}
			}
		},
		{
			"from": [8.34, 0, 7.66],
			"to": [9.02, 6.12, 8.34],
			"rotation": {"angle": 0, "axis": "y", "origin": [8.68, 0, 8]},
			"faces": {
				"north": {"uv": [8.004, 0.004, 8.246, 2.246], "texture": "#0"},
				"east": {"uv": [8.004, 2.254, 8.246, 4.496], "texture": "#0"},
				"south": {"uv": [8.004, 4.504, 8.246, 6.746], "texture": "#0"},
				"west": {"uv": [8.004, 6.754, 8.246, 8.996], "texture": "#0"},
				"up": {"uv": [9.621, 5.496, 9.379, 5.254], "texture": "#0"},
				"down": {"uv": [9.621, 5.504, 9.379, 5.746], "texture": "#0"}
			}
		},
		{
			"from": [8.17037, 5.95073, 7.65966],
			"to": [8.85105, 6.97141, 8.34034],
			"rotation": {"angle": 22.5, "axis": "z", "origin": [8.51071, 6.46107, 8]},
			"faces": {
				"north": {"uv": [9.254, 5.754, 9.496, 6.121], "texture": "#0"},
				"east": {"uv": [9.254, 6.129, 9.496, 6.496], "texture": "#0"},
				"south": {"uv": [9.254, 6.504, 9.496, 6.871], "texture": "#0"},
				"west": {"uv": [9.254, 7.254, 9.496, 7.621], "texture": "#0"},
				"up": {"uv": [9.621, 7.246, 9.379, 7.004], "texture": "#0"},
				"down": {"uv": [9.746, 2.504, 9.504, 2.746], "texture": "#0"}
			}
		},
		{
			"from": [8.83505, 20.95445, 7.66],
			"to": [9.51505, 22.65445, 8.34],
			"rotation": {"angle": 22.5, "axis": "z", "origin": [9.17505, 21.46445, 8]},
			"faces": {
				"north": {"uv": [8.754, 3.254, 8.996, 3.871], "texture": "#0"},
				"east": {"uv": [8.754, 3.879, 8.996, 4.496], "texture": "#0"},
				"south": {"uv": [8.754, 4.504, 8.996, 5.121], "texture": "#0"},
				"west": {"uv": [8.754, 5.754, 8.996, 6.371], "texture": "#0"},
				"up": {"uv": [9.746, 2.996, 9.504, 2.754], "texture": "#0"},
				"down": {"uv": [9.746, 3.004, 9.504, 3.246], "texture": "#0"}
			}
		},
		{
			"from": [8.00142, 6.80213, 7.66],
			"to": [8.68142, 20.40213, 8.34],
			"rotation": {"angle": 0, "axis": "y", "origin": [8.34142, 14.28213, 8]},
			"faces": {
				"north": {"uv": [7.504, 0.004, 7.746, 4.996], "texture": "#0"},
				"east": {"uv": [7.504, 5.004, 7.746, 9.996], "texture": "#0"},
				"south": {"uv": [7.754, 0.004, 7.996, 4.996], "texture": "#0"},
				"west": {"uv": [7.754, 5.004, 7.996, 9.996], "texture": "#0"},
				"up": {"uv": [9.746, 3.496, 9.504, 3.254], "texture": "#0"},
				"down": {"uv": [9.746, 3.504, 9.504, 3.746], "texture": "#0"}
			}
		},
		{
			"from": [8.40588, 22.43409, 7.66034],
			"to": [9.0852, 26.85341, 8.33966],
			"rotation": {"angle": 0, "axis": "y", "origin": [8.74554, 22.43375, 8]},
			"faces": {
				"north": {"uv": [8.254, 1.004, 8.496, 2.621], "texture": "#0"},
				"east": {"uv": [8.254, 2.629, 8.496, 4.246], "texture": "#0"},
				"south": {"uv": [8.254, 4.254, 8.496, 5.871], "texture": "#0"},
				"west": {"uv": [8.254, 5.879, 8.496, 7.496], "texture": "#0"},
				"up": {"uv": [9.746, 3.996, 9.504, 3.754], "texture": "#0"},
				"down": {"uv": [9.746, 4.004, 9.504, 4.246], "texture": "#0"}
			}
		},
		{
			"from": [8.70494, 26.65894, 7.66],
			"to": [9.38494, 28.35894, 8.34],
			"rotation": {"angle": -22.5, "axis": "z", "origin": [9.04494, 27.50894, 8]},
			"faces": {
				"north": {"uv": [8.754, 6.379, 8.996, 6.996], "texture": "#0"},
				"east": {"uv": [8.754, 8.504, 8.996, 9.121], "texture": "#0"},
				"south": {"uv": [9.004, 3.254, 9.246, 3.871], "texture": "#0"},
				"west": {"uv": [9.004, 3.879, 9.246, 4.496], "texture": "#0"},
				"up": {"uv": [9.746, 4.496, 9.504, 4.254], "texture": "#0"},
				"down": {"uv": [9.746, 4.504, 9.504, 4.746], "texture": "#0"}
			}
		},
		{
			"from": [8.50322, 19.9131, 7.66034],
			"to": [9.18254, 21.61242, 8.33966],
			"rotation": {"angle": -45, "axis": "z", "origin": [8.84288, 20.76276, 8]},
			"faces": {
				"north": {"uv": [9.004, 4.504, 9.246, 5.121], "texture": "#0"},
				"east": {"uv": [9.004, 5.754, 9.246, 6.371], "texture": "#0"},
				"south": {"uv": [9.004, 6.379, 9.246, 6.996], "texture": "#0"},
				"west": {"uv": [9.004, 7.504, 9.246, 8.121], "texture": "#0"},
				"up": {"uv": [9.746, 4.996, 9.504, 4.754], "texture": "#0"},
				"down": {"uv": [9.746, 5.754, 9.504, 5.996], "texture": "#0"}
			}
		}
	],
	"gui_light": "front",
	"display": {
		"thirdperson_righthand": {
			"rotation": [12, -90, 0],
			"translation": [0, -7, -0.75],
			"scale": [1.5, 1.5, 1.5]
		},
		"thirdperson_lefthand": {
			"rotation": [12, 90, 0],
			"translation": [0, -7, -0.75],
			"scale": [1.5, 1.5, 1.5]
		},
		"firstperson_righthand": {
			"rotation": [-11, -90, 0],
			"translation": [-0.5, -5.5, 5.75],
			"scale": [0.9, 0.9, 0.9]
		},
		"firstperson_lefthand": {
			"rotation": [-11, 90, 0],
			"translation": [-0.5, -5.5, 5.75],
			"scale": [0.9, 0.9, 0.9]
		},
		"ground": {
			"translation": [0, 2.25, 0],
			"scale": [0.5, 0.5, 0.5]
		},
		"gui": {
			"rotation": [-173.64, -32.19, -136.16],
			"translation": [-4.25, -3.25, 0],
			"scale": [0.6, 0.6, 0.6]
		},
		"head": {
			"rotation": [0, 0, -43.5],
			"translation": [-8.25, -21.75, 4.25],
			"scale": [1.7, 1.7, 1.7]
		},
		"fixed": {
			"translation": [0, -5.25, -0.25],
			"scale": [0.7, 0.7, 0.7]
		}
	},
	"groups": [
		{
			"name": "scythe",
			"origin": [19, 0, 8],
			"color": 0,
			"children": [
				{
					"name": "extra",
					"origin": [19, 25.16, 8],
					"color": 0,
					"children": [0, 1, 2, 3, 4, 5, 6]
				},
				{
					"name": "blade",
					"origin": [19.272, 24.344, 8],
					"color": 0,
					"children": [7]
				},
				{
					"name": "guard",
					"origin": [19, 25.16, 8],
					"color": 0,
					"children": [
						8,
						9,
						10,
						11,
						12,
						{
							"name": "bone2",
							"origin": [16.87067, 25.83599, 8],
							"color": 0,
							"children": [13, 14, 15, 16, 17, 18, 19, 20]
						},
						21,
						22,
						23,
						24,
						25,
						26,
						27,
						28,
						29
					]
				},
				{
					"name": "handle",
					"origin": [19.68, 7.48, 8],
					"color": 0,
					"children": [30, 31, 32, 33, 34, 35, 36]
				}
			]
		}
	]
}