{
	"credit": "Made with Blockbench",
	"texture_size": [32, 32],
	"textures": {
		"0": "holocraft:item/gem_of_emotions",
		"particle": "holocraft:item/gem_of_emotions"
	},
	"elements": [
		{
			"name": "1",
			"from": [6, 5, 5],
			"to": [10, 7, 11],
			"rotation": {"angle": 0, "axis": "y", "origin": [7, 5, 7]},
			"faces": {
				"north": {"uv": [2, 9, 4, 10], "texture": "#0"},
				"east": {"uv": [2, 8, 5, 9], "texture": "#0"},
				"south": {"uv": [9, 5, 11, 6], "texture": "#0"},
				"west": {"uv": [8, 2, 11, 3], "texture": "#0"},
				"up": {"uv": [2, 3, 0, 0], "texture": "#0"},
				"down": {"uv": [4, 0, 2, 3], "texture": "#0"}
			}
		},
		{
			"name": "1",
			"from": [5, 5, 6],
			"to": [11, 7, 10],
			"rotation": {"angle": 0, "axis": "y", "origin": [7, 5, 7]},
			"faces": {
				"north": {"uv": [8, 3, 11, 4], "texture": "#0"},
				"east": {"uv": [9, 6, 11, 7], "texture": "#0"},
				"south": {"uv": [8, 4, 11, 5], "texture": "#0"},
				"west": {"uv": [9, 7, 11, 8], "texture": "#0"},
				"up": {"uv": [3, 5, 0, 3], "texture": "#0"},
				"down": {"uv": [6, 3, 3, 5], "texture": "#0"}
			}
		},
		{
			"name": "2",
			"from": [6, 3, 6],
			"to": [10, 9, 10],
			"rotation": {"angle": 0, "axis": "y", "origin": [7, 5, 7]},
			"faces": {
				"north": {"uv": [4, 0, 6, 3], "texture": "#0"},
				"east": {"uv": [0, 5, 2, 8], "texture": "#0"},
				"south": {"uv": [2, 5, 4, 8], "texture": "#0"},
				"west": {"uv": [4, 5, 6, 8], "texture": "#0"},
				"up": {"uv": [2, 10, 0, 8], "texture": "#0"},
				"down": {"uv": [10, 0, 8, 2], "texture": "#0"}
			}
		},
		{
			"name": "3",
			"from": [7, 1, 7],
			"to": [9, 11, 9],
			"rotation": {"angle": 0, "axis": "y", "origin": [7, 7, 7]},
			"faces": {
				"north": {"uv": [6, 0, 7, 5], "texture": "#0"},
				"east": {"uv": [6, 5, 7, 10], "texture": "#0"},
				"south": {"uv": [7, 0, 8, 5], "texture": "#0"},
				"west": {"uv": [7, 5, 8, 10], "texture": "#0"},
				"up": {"uv": [5, 10, 4, 9], "texture": "#0"},
				"down": {"uv": [10, 8, 9, 9], "texture": "#0"}
			}
		},
		{
			"name": "4",
			"from": [7.5, 0, 7.5],
			"to": [8.5, 12, 8.5],
			"rotation": {"angle": 0, "axis": "y", "origin": [6.5, 8, 7.5]},
			"faces": {
				"north": {"uv": [5, 8, 5.5, 14], "texture": "#0"},
				"east": {"uv": [8, 5, 8.5, 11], "texture": "#0"},
				"south": {"uv": [5.5, 8, 6, 14], "texture": "#0"},
				"west": {"uv": [8.5, 5, 9, 11], "texture": "#0"},
				"up": {"uv": [9.5, 9.5, 9, 9], "texture": "#0"},
				"down": {"uv": [9.5, 9.5, 9, 10], "texture": "#0"}
			}
		}
	],
	"gui_light": "front",
	"display": {
		"thirdperson_righthand": {
			"rotation": [64.24, 56.68, 0.99],
			"translation": [0, 3, 3],
			"scale": [0.4, 0.4, 0.4]
		},
		"thirdperson_lefthand": {
			"rotation": [-110.71, -10, 178.59],
			"translation": [0, 3, 3],
			"scale": [0.4, 0.4, 0.4]
		},
		"firstperson_righthand": {
			"rotation": [0, 22.25, 0],
			"translation": [1.25, 4.25, 0],
			"scale": [0.5, 0.5, 0.5]
		},
		"firstperson_lefthand": {
			"rotation": [0, -58.25, 0],
			"translation": [1.25, 4.25, 0],
			"scale": [0.5, 0.5, 0.5]
		},
		"ground": {
			"translation": [0, 2.75, 0],
			"scale": [0.5, 0.5, 0.5]
		},
		"gui": {
			"rotation": [-180, -64.5, -180],
			"translation": [0, 2, 0]
		},
		"head": {
			"translation": [14.25, 0, 0],
			"scale": [0.5, 0.5, 0.5]
		},
		"fixed": {
			"rotation": [0, 45, 0],
			"translation": [0, 2, 0]
		}
	},
	"groups": [
		{
			"name": "gem",
			"origin": [8, 8, 8],
			"color": 8,
			"children": [0, 1, 2, 3, 4]
		}
	]
}