{
	"credit": "Made with Blockbench",
	"texture_size": [256, 256],
	"textures": {
		"0": "holocraft:item/thorn_of_order"
	},
	"elements": [
		{
			"from": [7.832, 2.632, 7.832],
			"to": [8.168, 5.698, 8.168],
			"rotation": {"angle": 0, "axis": "y", "origin": [8, 2.8, 8]},
			"faces": {
				"north": {"uv": [2.502, 5.8145, 2.623, 6.748], "texture": "#0"},
				"east": {"uv": [5.8145, 2.5645, 5.9355, 3.498], "texture": "#0"},
				"south": {"uv": [5.8145, 3.502, 5.9355, 4.4355], "texture": "#0"},
				"west": {"uv": [5.8145, 4.4395, 5.9355, 5.373], "texture": "#0"},
				"up": {"uv": [6.1855, 4.8105, 6.0645, 4.6895], "texture": "#0"},
				"down": {"uv": [6.5605, 5.877, 6.4395, 5.998], "texture": "#0"}
			}
		},
		{
			"from": [8, 2.8, 7.79],
			"to": [8.21, 3.22, 8.21],
			"rotation": {"angle": 0, "axis": "y", "origin": [8, 3.22, 8]},
			"faces": {
				"north": {"uv": [5.377, 5.127, 5.4355, 5.248], "texture": "#0"},
				"east": {"uv": [6.8145, 2.3145, 6.9355, 2.4355], "texture": "#0"},
				"south": {"uv": [5.9395, 5.252, 5.998, 5.373], "texture": "#0"},
				"west": {"uv": [7.252, 0.9395, 7.373, 1.0605], "texture": "#0"},
				"up": {"uv": [5.8105, 6.248, 5.752, 6.127], "texture": "#0"},
				"down": {"uv": [6.8105, 2.0645, 6.752, 2.1855], "texture": "#0"}
			}
		},
		{
			"from": [7.79, 2.758, 7.79],
			"to": [7.958, 3.178, 8.21],
			"rotation": {"angle": 0, "axis": "y", "origin": [7.748, 3.178, 8]},
			"faces": {
				"north": {"uv": [7.002, 1.5645, 7.0605, 1.6855], "texture": "#0"},
				"east": {"uv": [7.3145, 4.502, 7.4355, 4.623], "texture": "#0"},
				"south": {"uv": [0.752, 7.252, 0.8105, 7.373], "texture": "#0"},
				"west": {"uv": [7.8145, 0.002, 7.9355, 0.123], "texture": "#0"},
				"up": {"uv": [5.873, 7.4355, 5.8145, 7.3145], "texture": "#0"},
				"down": {"uv": [7.4355, 1.752, 7.377, 1.873], "texture": "#0"}
			}
		},
		{
			"from": [7.79, 3.22, 7.79],
			"to": [8.21, 4.06, 8.21],
			"rotation": {"angle": 0, "axis": "y", "origin": [8, 3.64, 8]},
			"faces": {
				"north": {"uv": [5.4395, 3.6895, 5.5605, 3.9355], "texture": "#0"},
				"east": {"uv": [5.3145, 7.252, 5.4355, 7.498], "texture": "#0"},
				"south": {"uv": [6.127, 7.252, 6.248, 7.498], "texture": "#0"},
				"west": {"uv": [1.752, 7.3145, 1.873, 7.5605], "texture": "#0"},
				"up": {"uv": [7.9355, 1.6855, 7.8145, 1.5645], "texture": "#0"},
				"down": {"uv": [7.9355, 2.5645, 7.8145, 2.6855], "texture": "#0"}
			}
		},
		{
			"from": [7.79, 4.375, 7.79],
			"to": [8.21, 5.215, 8.21],
			"rotation": {"angle": 0, "axis": "y", "origin": [8, 4.69, 8]},
			"faces": {
				"north": {"uv": [3.627, 7.3145, 3.748, 7.5605], "texture": "#0"},
				"east": {"uv": [4.5645, 7.377, 4.6855, 7.623], "texture": "#0"},
				"south": {"uv": [5.502, 7.377, 5.623, 7.623], "texture": "#0"},
				"west": {"uv": [2.1895, 7.502, 2.3105, 7.748], "texture": "#0"},
				"up": {"uv": [7.9355, 2.873, 7.8145, 2.752], "texture": "#0"},
				"down": {"uv": [3.1855, 7.8145, 3.0645, 7.9355], "texture": "#0"}
			}
		},
		{
			"from": [7.79, 5.425, 7.79],
			"to": [8.21, 5.635, 8.21],
			"rotation": {"angle": 0, "axis": "y", "origin": [8, 4.585, 8]},
			"faces": {
				"north": {"uv": [5.627, 7.252, 5.748, 7.3105], "texture": "#0"},
				"east": {"uv": [6.377, 7.252, 6.498, 7.3105], "texture": "#0"},
				"south": {"uv": [4.1895, 7.3145, 4.3105, 7.373], "texture": "#0"},
				"west": {"uv": [7.627, 4.252, 7.748, 4.3105], "texture": "#0"},
				"up": {"uv": [3.3105, 7.9355, 3.1895, 7.8145], "texture": "#0"},
				"down": {"uv": [3.4355, 7.8145, 3.3145, 7.9355], "texture": "#0"}
			}
		},
		{
			"from": [7.37, 1.624, 7.79],
			"to": [8, 2.044, 8.21],
			"rotation": {"angle": -22.5, "axis": "z", "origin": [7.79, 1.834, 8]},
			"faces": {
				"north": {"uv": [5.4395, 7.627, 5.623, 7.748], "texture": "#0"},
				"east": {"uv": [7.8145, 3.377, 7.9355, 3.498], "texture": "#0"},
				"south": {"uv": [7.627, 5.877, 7.8105, 5.998], "texture": "#0"},
				"west": {"uv": [3.4395, 7.8145, 3.5605, 7.9355], "texture": "#0"},
				"up": {"uv": [6.1855, 7.748, 6.002, 7.627], "texture": "#0"},
				"down": {"uv": [7.8105, 6.002, 7.627, 6.123], "texture": "#0"}
			}
		},
		{
			"from": [8, 1.624, 7.79],
			"to": [8.63, 2.044, 8.21],
			"rotation": {"angle": 22.5, "axis": "z", "origin": [8.21, 1.834, 8]},
			"faces": {
				"north": {"uv": [7.627, 6.127, 7.8105, 6.248], "texture": "#0"},
				"east": {"uv": [3.5645, 7.8145, 3.6855, 7.9355], "texture": "#0"},
				"south": {"uv": [6.1895, 7.627, 6.373, 7.748], "texture": "#0"},
				"west": {"uv": [4.127, 7.8145, 4.248, 7.9355], "texture": "#0"},
				"up": {"uv": [7.8105, 6.373, 7.627, 6.252], "texture": "#0"},
				"down": {"uv": [7.8105, 6.377, 7.627, 6.498], "texture": "#0"}
			}
		},
		{
			"from": [7.78979, 1.53979, 7.78979],
			"to": [8.21021, 1.96021, 8.21021],
			"rotation": {"angle": 0, "axis": "y", "origin": [8, 1.54, 8]},
			"faces": {
				"north": {"uv": [4.252, 7.8145, 4.373, 7.9355], "texture": "#0"},
				"east": {"uv": [4.377, 7.8145, 4.498, 7.9355], "texture": "#0"},
				"south": {"uv": [4.6895, 7.8145, 4.8105, 7.9355], "texture": "#0"},
				"west": {"uv": [4.8145, 7.8145, 4.9355, 7.9355], "texture": "#0"},
				"up": {"uv": [5.0605, 7.9355, 4.9395, 7.8145], "texture": "#0"},
				"down": {"uv": [5.3105, 7.8145, 5.1895, 7.9355], "texture": "#0"}
			}
		},
		{
			"from": [7.47479, 0.27979, 7.89479],
			"to": [8.52521, 1.33021, 8.10521],
			"rotation": {"angle": 0, "axis": "y", "origin": [8.105, 0.91, 8.105]},
			"faces": {
				"north": {"uv": [2.0645, 4.002, 2.248, 4.1855], "texture": "#0"},
				"east": {"uv": [2.252, 7.3145, 2.3105, 7.498], "texture": "#0"},
				"south": {"uv": [7.252, 1.877, 7.4355, 2.0605], "texture": "#0"},
				"west": {"uv": [7.127, 7.3145, 7.1855, 7.498], "texture": "#0"},
				"up": {"uv": [5.748, 2.4355, 5.5645, 2.377], "texture": "#0"},
				"down": {"uv": [2.998, 6.1895, 2.8145, 6.248], "texture": "#0"}
			}
		},
		{
			"from": [7.769, 2.17, 7.769],
			"to": [8.231, 2.632, 8.231],
			"rotation": {"angle": 0, "axis": "y", "origin": [8, 2.191, 8]},
			"faces": {
				"north": {"uv": [7.8145, 5.377, 7.9355, 5.498], "texture": "#0"},
				"east": {"uv": [7.8145, 5.877, 7.9355, 5.998], "texture": "#0"},
				"south": {"uv": [7.8145, 6.002, 7.9355, 6.123], "texture": "#0"},
				"west": {"uv": [7.8145, 6.127, 7.9355, 6.248], "texture": "#0"},
				"up": {"uv": [7.9355, 6.373, 7.8145, 6.252], "texture": "#0"},
				"down": {"uv": [7.9355, 6.377, 7.8145, 6.498], "texture": "#0"}
			}
		},
		{
			"from": [7.853, 1.288, 7.748],
			"to": [8.147, 1.792, 8.252],
			"rotation": {"angle": 0, "axis": "y", "origin": [7.895, 1.33, 8]},
			"faces": {
				"north": {"uv": [2.002, 7.377, 2.0605, 7.498], "texture": "#0"},
				"east": {"uv": [6.4395, 7.8145, 6.5605, 7.9355], "texture": "#0"},
				"south": {"uv": [2.627, 7.377, 2.6855, 7.498], "texture": "#0"},
				"west": {"uv": [7.8145, 6.627, 7.9355, 6.748], "texture": "#0"},
				"up": {"uv": [0.623, 7.5605, 0.5645, 7.4395], "texture": "#0"},
				"down": {"uv": [7.498, 2.3145, 7.4395, 2.4355], "texture": "#0"}
			}
		},
		{
			"from": [7.832, 1.792, 7.832],
			"to": [8.168, 2.338, 8.168],
			"rotation": {"angle": 0, "axis": "y", "origin": [8, 1.75, 8]},
			"faces": {
				"north": {"uv": [6.5645, 4.502, 6.6855, 4.6855], "texture": "#0"},
				"east": {"uv": [0.8145, 7.002, 0.9355, 7.1855], "texture": "#0"},
				"south": {"uv": [6.502, 7.627, 6.623, 7.8105], "texture": "#0"},
				"west": {"uv": [7.627, 6.502, 7.748, 6.6855], "texture": "#0"},
				"up": {"uv": [6.9355, 7.9355, 6.8145, 7.8145], "texture": "#0"},
				"down": {"uv": [7.0605, 7.8145, 6.9395, 7.9355], "texture": "#0"}
			}
		},
		{
			"from": [7.727, 5.677, 7.727],
			"to": [8.273, 6.223, 8.273],
			"rotation": {"angle": 0, "axis": "y", "origin": [8, 1.96, 8]},
			"faces": {
				"north": {"uv": [7.0645, 7.8145, 7.1855, 7.9355], "texture": "#0"},
				"east": {"uv": [7.8145, 7.127, 7.9355, 7.248], "texture": "#0"},
				"south": {"uv": [7.8145, 7.252, 7.9355, 7.373], "texture": "#0"},
				"west": {"uv": [7.627, 7.8145, 7.748, 7.9355], "texture": "#0"},
				"up": {"uv": [0.3105, 7.998, 0.1895, 7.877], "texture": "#0"},
				"down": {"uv": [7.998, 0.1895, 7.877, 0.3105], "texture": "#0"}
			}
		},
		{
			"from": [7.286, 5.95, 7.601],
			"to": [8.714, 7.378, 8.399],
			"rotation": {"angle": 0, "axis": "y", "origin": [8, 1.96, 7.895]},
			"faces": {
				"north": {"uv": [2.752, 1.377, 3.1855, 1.8105], "texture": "#0"},
				"east": {"uv": [5.9395, 4.8145, 6.1855, 5.248], "texture": "#0"},
				"south": {"uv": [5.127, 2.002, 5.5605, 2.4355], "texture": "#0"},
				"west": {"uv": [1.6895, 6.002, 1.9355, 6.4355], "texture": "#0"},
				"up": {"uv": [6.4355, 5.498, 6.002, 5.252], "texture": "#0"},
				"down": {"uv": [6.4355, 5.502, 6.002, 5.748], "texture": "#0"}
			}
		},
		{
			"from": [8.105, 7.63, 7.685],
			"to": [9.155, 8.05, 8.315],
			"rotation": {"angle": 0, "axis": "y", "origin": [8, 1.96, 8.105]},
			"faces": {
				"north": {"uv": [5.127, 3.127, 5.4355, 3.248], "texture": "#0"},
				"east": {"uv": [6.627, 7.627, 6.8105, 7.748], "texture": "#0"},
				"south": {"uv": [7.127, 6.9395, 7.4355, 7.0605], "texture": "#0"},
				"west": {"uv": [7.627, 6.6895, 7.8105, 6.8105], "texture": "#0"},
				"up": {"uv": [7.0605, 1.873, 6.752, 1.6895], "texture": "#0"},
				"down": {"uv": [7.0605, 1.877, 6.752, 2.0605], "texture": "#0"}
			}
		},
		{
			"from": [8.105, 8.05, 7.685],
			"to": [8.525, 8.26, 8.315],
			"rotation": {"angle": 0, "axis": "y", "origin": [8, 1.96, 8.105]},
			"faces": {
				"north": {"uv": [4.8145, 7.9395, 4.9355, 7.998], "texture": "#0"},
				"east": {"uv": [7.252, 4.8145, 7.4355, 4.873], "texture": "#0"},
				"south": {"uv": [4.9395, 7.9395, 5.0605, 7.998], "texture": "#0"},
				"west": {"uv": [7.252, 6.877, 7.4355, 6.9355], "texture": "#0"},
				"up": {"uv": [6.9355, 7.8105, 6.8145, 7.627], "texture": "#0"},
				"down": {"uv": [7.748, 6.8145, 7.627, 6.998], "texture": "#0"}
			}
		},
		{
			"from": [9.365, 6.79, 7.685],
			"to": [9.575, 7, 8.315],
			"rotation": {"angle": 0, "axis": "y", "origin": [8, 1.96, 8.105]},
			"faces": {
				"north": {"uv": [3.1895, 1.752, 3.248, 1.8105], "texture": "#0"},
				"east": {"uv": [7.877, 7.0645, 8.0605, 7.123], "texture": "#0"},
				"south": {"uv": [6.252, 6.1895, 6.3105, 6.248], "texture": "#0"},
				"west": {"uv": [7.9395, 0.5645, 8.123, 0.623], "texture": "#0"},
				"up": {"uv": [1.5605, 7.998, 1.502, 7.8145], "texture": "#0"},
				"down": {"uv": [2.1855, 7.8145, 2.127, 7.998], "texture": "#0"}
			}
		},
		{
			"from": [6.425, 6.79, 7.685],
			"to": [6.635, 7, 8.315],
			"rotation": {"angle": 0, "axis": "y", "origin": [8, 1.96, 8.105]},
			"faces": {
				"north": {"uv": [6.9395, 7.252, 6.998, 7.3105], "texture": "#0"},
				"east": {"uv": [7.9395, 0.627, 8.123, 0.6855], "texture": "#0"},
				"south": {"uv": [7.3145, 5.1895, 7.373, 5.248], "texture": "#0"},
				"west": {"uv": [7.9395, 0.6895, 8.123, 0.748], "texture": "#0"},
				"up": {"uv": [3.748, 7.998, 3.6895, 7.8145], "texture": "#0"},
				"down": {"uv": [0.0605, 7.877, 0.002, 8.0605], "texture": "#0"}
			}
		},
		{
			"from": [8.945, 6.79, 7.685],
			"to": [9.365, 7.63, 8.315],
			"rotation": {"angle": 0, "axis": "y", "origin": [8, 1.96, 8.105]},
			"faces": {
				"north": {"uv": [7.502, 3.752, 7.623, 3.998], "texture": "#0"},
				"east": {"uv": [6.8145, 2.0645, 6.998, 2.3105], "texture": "#0"},
				"south": {"uv": [3.8145, 7.502, 3.9355, 7.748], "texture": "#0"},
				"west": {"uv": [4.0645, 6.877, 4.248, 7.123], "texture": "#0"},
				"up": {"uv": [7.0605, 7.8105, 6.9395, 7.627], "texture": "#0"},
				"down": {"uv": [7.748, 7.002, 7.627, 7.1855], "texture": "#0"}
			}
		},
		{
			"from": [6.845, 7.63, 7.685],
			"to": [7.895, 8.05, 8.315],
			"rotation": {"angle": 0, "axis": "y", "origin": [8, 1.96, 8.105]},
			"faces": {
				"north": {"uv": [7.1895, 1.4395, 7.498, 1.5605], "texture": "#0"},
				"east": {"uv": [7.627, 7.1895, 7.8105, 7.3105], "texture": "#0"},
				"south": {"uv": [7.1895, 2.4395, 7.498, 2.5605], "texture": "#0"},
				"west": {"uv": [7.252, 7.627, 7.4355, 7.748], "texture": "#0"},
				"up": {"uv": [7.0605, 5.4355, 6.752, 5.252], "texture": "#0"},
				"down": {"uv": [7.0605, 5.4395, 6.752, 5.623], "texture": "#0"}
			}
		},
		{
			"from": [7.055, 8.26, 7.685],
			"to": [7.685, 8.89, 8.315],
			"rotation": {"angle": 0, "axis": "y", "origin": [8, 1.96, 8.105]},
			"faces": {
				"north": {"uv": [7.252, 4.627, 7.4355, 4.8105], "texture": "#0"},
				"east": {"uv": [7.252, 5.5645, 7.4355, 5.748], "texture": "#0"},
				"south": {"uv": [7.252, 5.752, 7.4355, 5.9355], "texture": "#0"},
				"west": {"uv": [7.252, 5.9395, 7.4355, 6.123], "texture": "#0"},
				"up": {"uv": [7.4355, 6.3105, 7.252, 6.127], "texture": "#0"},
				"down": {"uv": [7.4355, 6.3145, 7.252, 6.498], "texture": "#0"}
			}
		},
		{
			"from": [7.874, 8.449, 7.727],
			"to": [8.126, 8.701, 8.273],
			"rotation": {"angle": 0, "axis": "y", "origin": [8, 1.96, 8.105]},
			"faces": {
				"north": {"uv": [0.502, 7.877, 0.623, 7.998], "texture": "#0"},
				"east": {"uv": [7.627, 7.3145, 7.8105, 7.4355], "texture": "#0"},
				"south": {"uv": [0.627, 7.877, 0.748, 7.998], "texture": "#0"},
				"west": {"uv": [7.4395, 7.627, 7.623, 7.748], "texture": "#0"},
				"up": {"uv": [7.1855, 7.8105, 7.0645, 7.627], "texture": "#0"},
				"down": {"uv": [7.748, 7.4395, 7.627, 7.623], "texture": "#0"}
			}
		},
		{
			"from": [7.748, 8.323, 7.748],
			"to": [8.252, 8.827, 8.252],
			"rotation": {"angle": 0, "axis": "y", "origin": [8, 1.96, 8.105]},
			"faces": {
				"north": {"uv": [7.252, 6.502, 7.4355, 6.6855], "texture": "#0"},
				"east": {"uv": [7.252, 6.6895, 7.4355, 6.873], "texture": "#0"},
				"south": {"uv": [6.752, 7.252, 6.9355, 7.4355], "texture": "#0"},
				"west": {"uv": [7.252, 7.0645, 7.4355, 7.248], "texture": "#0"},
				"up": {"uv": [7.4355, 7.4355, 7.252, 7.252], "texture": "#0"},
				"down": {"uv": [0.373, 7.3145, 0.1895, 7.498], "texture": "#0"}
			}
		},
		{
			"from": [8.315, 8.26, 7.685],
			"to": [8.945, 8.89, 8.315],
			"rotation": {"angle": 0, "axis": "y", "origin": [8, 1.96, 8.105]},
			"faces": {
				"north": {"uv": [1.5645, 7.3145, 1.748, 7.498], "texture": "#0"},
				"east": {"uv": [2.0645, 7.3145, 2.248, 7.498], "texture": "#0"},
				"south": {"uv": [2.6895, 7.3145, 2.873, 7.498], "texture": "#0"},
				"west": {"uv": [2.877, 7.3145, 3.0605, 7.498], "texture": "#0"},
				"up": {"uv": [3.248, 7.498, 3.0645, 7.3145], "texture": "#0"},
				"down": {"uv": [3.4355, 7.3145, 3.252, 7.498], "texture": "#0"}
			}
		},
		{
			"from": [6.635, 6.79, 7.685],
			"to": [7.055, 7.63, 8.315],
			"rotation": {"angle": 0, "axis": "y", "origin": [8, 1.96, 8.105]},
			"faces": {
				"north": {"uv": [3.9395, 7.502, 4.0605, 7.748], "texture": "#0"},
				"east": {"uv": [4.252, 6.877, 4.4355, 7.123], "texture": "#0"},
				"south": {"uv": [7.502, 4.002, 7.623, 4.248], "texture": "#0"},
				"west": {"uv": [4.4395, 6.877, 4.623, 7.123], "texture": "#0"},
				"up": {"uv": [7.748, 7.8105, 7.627, 7.627], "texture": "#0"},
				"down": {"uv": [0.3105, 7.6895, 0.1895, 7.873], "texture": "#0"}
			}
		},
		{
			"from": [7.475, 8.05, 7.685],
			"to": [7.895, 8.26, 8.315],
			"rotation": {"angle": 0, "axis": "y", "origin": [8, 1.96, 8.105]},
			"faces": {
				"north": {"uv": [7.9395, 5.002, 8.0605, 5.0605], "texture": "#0"},
				"east": {"uv": [7.9395, 0.752, 8.123, 0.8105], "texture": "#0"},
				"south": {"uv": [7.9395, 5.0645, 8.0605, 5.123], "texture": "#0"},
				"west": {"uv": [7.9395, 0.8145, 8.123, 0.873], "texture": "#0"},
				"up": {"uv": [0.623, 7.873, 0.502, 7.6895], "texture": "#0"},
				"down": {"uv": [0.748, 7.6895, 0.627, 7.873], "texture": "#0"}
			}
		},
		{
			"from": [8.105, 8.89, 7.685],
			"to": [8.735, 10.78, 8.315],
			"rotation": {"angle": 0, "axis": "y", "origin": [8, 1.96, 8.105]},
			"faces": {
				"north": {"uv": [0.002, 6.0645, 0.1855, 6.623], "texture": "#0"},
				"east": {"uv": [0.1895, 6.0645, 0.373, 6.623], "texture": "#0"},
				"south": {"uv": [0.377, 6.0645, 0.5605, 6.623], "texture": "#0"},
				"west": {"uv": [6.0645, 3.3145, 6.248, 3.873], "texture": "#0"},
				"up": {"uv": [3.623, 7.498, 3.4395, 7.3145], "texture": "#0"},
				"down": {"uv": [3.998, 7.3145, 3.8145, 7.498], "texture": "#0"}
			}
		},
		{
			"from": [7.265, 8.89, 7.685],
			"to": [7.895, 10.78, 8.315],
			"rotation": {"angle": 0, "axis": "y", "origin": [8, 1.96, 8.105]},
			"faces": {
				"north": {"uv": [6.0645, 3.877, 6.248, 4.4355], "texture": "#0"},
				"east": {"uv": [6.127, 1.0645, 6.3105, 1.623], "texture": "#0"},
				"south": {"uv": [6.127, 1.627, 6.3105, 2.1855], "texture": "#0"},
				"west": {"uv": [6.127, 2.1895, 6.3105, 2.748], "texture": "#0"},
				"up": {"uv": [7.498, 4.0605, 7.3145, 3.877], "texture": "#0"},
				"down": {"uv": [4.1855, 7.3145, 4.002, 7.498], "texture": "#0"}
			}
		},
		{
			"from": [6.52979, 10.56979, 7.68479],
			"to": [8.00021, 11.20021, 8.31521],
			"rotation": {"angle": -22.5, "axis": "z", "origin": [7.58, 10.78, 8]},
			"faces": {
				"north": {"uv": [6.252, 4.0645, 6.6855, 4.248], "texture": "#0"},
				"east": {"uv": [7.3145, 4.0645, 7.498, 4.248], "texture": "#0"},
				"south": {"uv": [6.252, 4.252, 6.6855, 4.4355], "texture": "#0"},
				"west": {"uv": [7.3145, 5.002, 7.498, 5.1855], "texture": "#0"},
				"up": {"uv": [6.3105, 6.4355, 5.877, 6.252], "texture": "#0"},
				"down": {"uv": [6.6855, 6.002, 6.252, 6.1855], "texture": "#0"}
			}
		},
		{
			"from": [6.53, 11.2, 7.685],
			"to": [6.74, 11.41, 8.315],
			"rotation": {"angle": -22.5, "axis": "z", "origin": [7.58, 10.78, 8]},
			"faces": {
				"north": {"uv": [7.377, 1.002, 7.4355, 1.0605], "texture": "#0"},
				"east": {"uv": [7.9395, 0.877, 8.123, 0.9355], "texture": "#0"},
				"south": {"uv": [7.4395, 1.377, 7.498, 1.4355], "texture": "#0"},
				"west": {"uv": [7.9395, 1.5645, 8.123, 1.623], "texture": "#0"},
				"up": {"uv": [4.6855, 8.0605, 4.627, 7.877], "texture": "#0"},
				"down": {"uv": [7.498, 7.877, 7.4395, 8.0605], "texture": "#0"}
			}
		},
		{
			"from": [9.26, 11.2, 7.685],
			"to": [9.47, 11.41, 8.315],
			"rotation": {"angle": 22.5, "axis": "z", "origin": [8.42, 10.78, 8]},
			"faces": {
				"north": {"uv": [6.3145, 7.4395, 6.373, 7.498], "texture": "#0"},
				"east": {"uv": [7.9395, 1.627, 8.123, 1.6855], "texture": "#0"},
				"south": {"uv": [7.502, 0.5645, 7.5605, 0.623], "texture": "#0"},
				"west": {"uv": [7.9395, 2.0645, 8.123, 2.123], "texture": "#0"},
				"up": {"uv": [1.998, 8.123, 1.9395, 7.9395], "texture": "#0"},
				"down": {"uv": [2.248, 7.9395, 2.1895, 8.123], "texture": "#0"}
			}
		},
		{
			"from": [7.7938, 10.44358, 7.68458],
			"to": [8.63464, 11.28442, 8.31542],
			"rotation": {"angle": 45, "axis": "z", "origin": [7.58422, 10.822, 8]},
			"faces": {
				"north": {"uv": [5.377, 1.0645, 5.623, 1.3105], "texture": "#0"},
				"east": {"uv": [0.9395, 6.9395, 1.123, 7.1855], "texture": "#0"},
				"south": {"uv": [6.5645, 2.1895, 6.8105, 2.4355], "texture": "#0"},
				"west": {"uv": [1.127, 6.9395, 1.3105, 7.1855], "texture": "#0"},
				"up": {"uv": [1.5605, 7.123, 1.3145, 6.9395], "texture": "#0"},
				"down": {"uv": [7.1855, 2.3145, 6.9395, 2.498], "texture": "#0"}
			}
		},
		{
			"from": [8.00401, 11.28379, 7.68479],
			"to": [8.63443, 12.54421, 8.31521],
			"rotation": {"angle": 45, "axis": "z", "origin": [7.58422, 12.082, 8]},
			"faces": {
				"north": {"uv": [5.5645, 2.002, 5.748, 2.373], "texture": "#0"},
				"east": {"uv": [6.377, 0.002, 6.5605, 0.373], "texture": "#0"},
				"south": {"uv": [6.127, 6.4395, 6.3105, 6.8105], "texture": "#0"},
				"west": {"uv": [6.502, 3.3145, 6.6855, 3.6855], "texture": "#0"},
				"up": {"uv": [5.8105, 7.498, 5.627, 7.3145], "texture": "#0"},
				"down": {"uv": [6.5605, 7.3145, 6.377, 7.498], "texture": "#0"}
			}
		},
		{
			"from": [7.36578, 11.284, 7.685],
			"to": [7.99578, 12.544, 8.315],
			"rotation": {"angle": -45, "axis": "z", "origin": [8.41578, 12.082, 8]},
			"faces": {
				"north": {"uv": [6.502, 3.6895, 6.6855, 4.0605], "texture": "#0"},
				"east": {"uv": [3.9395, 6.502, 4.123, 6.873], "texture": "#0"},
				"south": {"uv": [4.127, 6.502, 4.3105, 6.873], "texture": "#0"},
				"west": {"uv": [4.3145, 6.502, 4.498, 6.873], "texture": "#0"},
				"up": {"uv": [6.748, 7.498, 6.5645, 7.3145], "texture": "#0"},
				"down": {"uv": [7.123, 7.3145, 6.9395, 7.498], "texture": "#0"}
			}
		},
		{
			"from": [7.99979, 10.56979, 7.68479],
			"to": [9.47021, 11.20021, 8.31521],
			"rotation": {"angle": 22.5, "axis": "z", "origin": [8.42, 10.78, 8]},
			"faces": {
				"north": {"uv": [6.3145, 1.0645, 6.748, 1.248], "texture": "#0"},
				"east": {"uv": [7.377, 0.002, 7.5605, 0.1855], "texture": "#0"},
				"south": {"uv": [6.3145, 1.252, 6.748, 1.4355], "texture": "#0"},
				"west": {"uv": [7.377, 0.627, 7.5605, 0.8105], "texture": "#0"},
				"up": {"uv": [6.748, 1.623, 6.3145, 1.4395], "texture": "#0"},
				"down": {"uv": [6.748, 1.627, 6.3145, 1.8105], "texture": "#0"}
			}
		},
		{
			"from": [6.74, 6.37, 7.895],
			"to": [9.89, 9.1, 8.105],
			"rotation": {"angle": 0, "axis": "y", "origin": [8, 1.96, 8]},
			"faces": {
				"north": {"uv": [2.252, 3.377, 3.1855, 4.1855], "texture": "#0"},
				"east": {"uv": [3.1895, 3.377, 3.248, 4.1855], "texture": "#0"},
				"south": {"uv": [0.002, 4.002, 0.9355, 4.8105], "texture": "#0"},
				"west": {"uv": [5.752, 3.6895, 5.8105, 4.498], "texture": "#0"},
				"up": {"uv": [7.6855, 0.3105, 6.752, 0.252], "texture": "#0"},
				"down": {"uv": [7.6855, 0.3145, 6.752, 0.373], "texture": "#0"}
			}
		},
		{
			"from": [6.95, 9.1, 7.895],
			"to": [9.05, 12.25, 8.105],
			"rotation": {"angle": 0, "axis": "y", "origin": [8, 4.9, 8]},
			"faces": {
				"north": {"uv": [4.502, 1.377, 5.123, 2.3105], "texture": "#0"},
				"east": {"uv": [0.4395, 6.627, 0.498, 7.5605], "texture": "#0"},
				"south": {"uv": [4.502, 2.3145, 5.123, 3.248], "texture": "#0"},
				"west": {"uv": [0.502, 6.627, 0.5605, 7.5605], "texture": "#0"},
				"up": {"uv": [7.748, 2.873, 7.127, 2.8145], "texture": "#0"},
				"down": {"uv": [7.8105, 2.5645, 7.1895, 2.623], "texture": "#0"}
			}
		},
		{
			"from": [6.95, 14.98, 7.895],
			"to": [9.05, 18.97, 8.105],
			"rotation": {"angle": 0, "axis": "y", "origin": [8, 4.9, 8]},
			"faces": {
				"north": {"uv": [4.127, 3.377, 4.748, 4.5605], "texture": "#0"},
				"east": {"uv": [6.002, 6.4395, 6.0605, 7.623], "texture": "#0"},
				"south": {"uv": [2.0645, 4.1895, 2.6855, 5.373], "texture": "#0"},
				"west": {"uv": [6.0645, 6.4395, 6.123, 7.623], "texture": "#0"},
				"up": {"uv": [7.8105, 2.6855, 7.1895, 2.627], "texture": "#0"},
				"down": {"uv": [7.8105, 2.9395, 7.1895, 2.998], "texture": "#0"}
			}
		},
		{
			"from": [8.21, 14.56, 7.895],
			"to": [8.84, 14.98, 8.105],
			"rotation": {"angle": 0, "axis": "y", "origin": [8, 4.9, 8]},
			"faces": {
				"north": {"uv": [7.6895, 0.252, 7.873, 0.373], "texture": "#0"},
				"east": {"uv": [5.752, 7.502, 5.8105, 7.623], "texture": "#0"},
				"south": {"uv": [1.002, 7.6895, 1.1855, 7.8105], "texture": "#0"},
				"west": {"uv": [4.377, 7.6895, 4.4355, 7.8105], "texture": "#0"},
				"up": {"uv": [8.123, 2.1855, 7.9395, 2.127], "texture": "#0"},
				"down": {"uv": [8.123, 2.502, 7.9395, 2.5605], "texture": "#0"}
			}
		},
		{
			"from": [7.16, 14.56, 7.895],
			"to": [7.79, 14.98, 8.105],
			"rotation": {"angle": 0, "axis": "y", "origin": [8, 4.9, 8]},
			"faces": {
				"north": {"uv": [7.6895, 1.3145, 7.873, 1.4355], "texture": "#0"},
				"east": {"uv": [5.1895, 7.9395, 5.248, 8.0605], "texture": "#0"},
				"south": {"uv": [7.6895, 1.4395, 7.873, 1.5605], "texture": "#0"},
				"west": {"uv": [5.252, 7.9395, 5.3105, 8.0605], "texture": "#0"},
				"up": {"uv": [8.123, 2.623, 7.9395, 2.5645], "texture": "#0"},
				"down": {"uv": [8.123, 2.627, 7.9395, 2.6855], "texture": "#0"}
			}
		},
		{
			"from": [7.16, 14.14, 7.895],
			"to": [7.58, 14.56, 8.105],
			"rotation": {"angle": 0, "axis": "y", "origin": [8, 4.9, 8]},
			"faces": {
				"north": {"uv": [7.877, 0.9395, 7.998, 1.0605], "texture": "#0"},
				"east": {"uv": [7.9395, 5.377, 7.998, 5.498], "texture": "#0"},
				"south": {"uv": [7.877, 1.0645, 7.998, 1.1855], "texture": "#0"},
				"west": {"uv": [5.4395, 7.9395, 5.498, 8.0605], "texture": "#0"},
				"up": {"uv": [5.623, 7.998, 5.502, 7.9395], "texture": "#0"},
				"down": {"uv": [8.0605, 5.877, 7.9395, 5.9355], "texture": "#0"}
			}
		},
		{
			"from": [7.16, 13.72, 7.895],
			"to": [7.37, 14.14, 8.105],
			"rotation": {"angle": 0, "axis": "y", "origin": [8, 4.9, 8]},
			"faces": {
				"north": {"uv": [5.627, 7.9395, 5.6855, 8.0605], "texture": "#0"},
				"east": {"uv": [7.9395, 5.9395, 7.998, 6.0605], "texture": "#0"},
				"south": {"uv": [7.9395, 6.0645, 7.998, 6.1855], "texture": "#0"},
				"west": {"uv": [7.9395, 6.1895, 7.998, 6.3105], "texture": "#0"},
				"up": {"uv": [7.5605, 5.1855, 7.502, 5.127], "texture": "#0"},
				"down": {"uv": [7.623, 0.9395, 7.5645, 0.998], "texture": "#0"}
			}
		},
		{
			"from": [8.63, 13.72, 7.895],
			"to": [8.84, 14.14, 8.105],
			"rotation": {"angle": 0, "axis": "y", "origin": [8, 4.9, 8]},
			"faces": {
				"north": {"uv": [7.9395, 6.3145, 7.998, 6.4355], "texture": "#0"},
				"east": {"uv": [6.4395, 7.9395, 6.498, 8.0605], "texture": "#0"},
				"south": {"uv": [7.9395, 6.4395, 7.998, 6.5605], "texture": "#0"},
				"west": {"uv": [6.502, 7.9395, 6.5605, 8.0605], "texture": "#0"},
				"up": {"uv": [7.623, 1.748, 7.5645, 1.6895], "texture": "#0"},
				"down": {"uv": [7.623, 5.502, 7.5645, 5.5605], "texture": "#0"}
			}
		},
		{
			"from": [8.42, 14.14, 7.895],
			"to": [8.84, 14.56, 8.105],
			"rotation": {"angle": 0, "axis": "y", "origin": [8, 4.9, 8]},
			"faces": {
				"north": {"uv": [7.877, 1.3145, 7.998, 1.4355], "texture": "#0"},
				"east": {"uv": [7.9395, 6.5645, 7.998, 6.6855], "texture": "#0"},
				"south": {"uv": [7.877, 1.4395, 7.998, 1.5605], "texture": "#0"},
				"west": {"uv": [6.8145, 7.9395, 6.873, 8.0605], "texture": "#0"},
				"up": {"uv": [8.0605, 6.748, 7.9395, 6.6895], "texture": "#0"},
				"down": {"uv": [8.0605, 6.8145, 7.9395, 6.873], "texture": "#0"}
			}
		},
		{
			"from": [7.37, 18.97, 7.895],
			"to": [8.63, 24.22, 8.105],
			"rotation": {"angle": 0, "axis": "y", "origin": [8, 4.9, 8]},
			"faces": {
				"north": {"uv": [3.9395, 4.5645, 4.3105, 6.123], "texture": "#0"},
				"east": {"uv": [2.627, 5.8145, 2.6855, 7.373], "texture": "#0"},
				"south": {"uv": [4.3145, 4.5645, 4.6855, 6.123], "texture": "#0"},
				"west": {"uv": [1.9395, 6.002, 1.998, 7.5605], "texture": "#0"},
				"up": {"uv": [7.998, 0.5605, 7.627, 0.502], "texture": "#0"},
				"down": {"uv": [7.998, 2.877, 7.627, 2.9355], "texture": "#0"}
			}
		},
		{
			"from": [9.05, 9.73, 7.895],
			"to": [9.89, 10.99, 8.105],
			"rotation": {"angle": 0, "axis": "y", "origin": [10.1, 4.9, 8]},
			"faces": {
				"north": {"uv": [6.127, 0.002, 6.373, 0.373], "texture": "#0"},
				"east": {"uv": [3.1895, 1.377, 3.248, 1.748], "texture": "#0"},
				"south": {"uv": [3.9395, 6.127, 4.1855, 6.498], "texture": "#0"},
				"west": {"uv": [5.377, 4.752, 5.4355, 5.123], "texture": "#0"},
				"up": {"uv": [3.248, 4.248, 3.002, 4.1895], "texture": "#0"},
				"down": {"uv": [5.623, 1.3145, 5.377, 1.373], "texture": "#0"}
			}
		},
		{
			"from": [9.68021, 9.10021, 7.89521],
			"to": [10.51979, 9.72979, 8.10479],
			"rotation": {"angle": 0, "axis": "y", "origin": [10.73, 4.06, 8]},
			"faces": {
				"north": {"uv": [6.9395, 2.502, 7.1855, 2.6855], "texture": "#0"},
				"east": {"uv": [2.252, 7.9395, 2.3105, 8.123], "texture": "#0"},
				"south": {"uv": [6.9395, 2.9395, 7.1855, 3.123], "texture": "#0"},
				"west": {"uv": [7.9395, 2.6895, 7.998, 2.873], "texture": "#0"},
				"up": {"uv": [7.998, 4.748, 7.752, 4.6895], "texture": "#0"},
				"down": {"uv": [8.0605, 2.9395, 7.8145, 2.998], "texture": "#0"}
			}
		},
		{
			"from": [5.48021, 9.10021, 7.89521],
			"to": [6.31979, 9.72979, 8.10479],
			"rotation": {"angle": 0, "axis": "y", "origin": [5.27, 4.06, 8]},
			"faces": {
				"north": {"uv": [6.9395, 3.127, 7.1855, 3.3105], "texture": "#0"},
				"east": {"uv": [3.0645, 7.9395, 3.123, 8.123], "texture": "#0"},
				"south": {"uv": [6.9395, 3.3145, 7.1855, 3.498], "texture": "#0"},
				"west": {"uv": [3.127, 7.9395, 3.1855, 8.123], "texture": "#0"},
				"up": {"uv": [8.0605, 3.5605, 7.8145, 3.502], "texture": "#0"},
				"down": {"uv": [8.0605, 6.752, 7.8145, 6.8105], "texture": "#0"}
			}
		},
		{
			"from": [6.11, 9.73, 7.895],
			"to": [6.95, 10.99, 8.105],
			"rotation": {"angle": 0, "axis": "y", "origin": [7.16, 4.9, 8]},
			"faces": {
				"north": {"uv": [4.1895, 6.127, 4.4355, 6.498], "texture": "#0"},
				"east": {"uv": [1.9395, 7.5645, 1.998, 7.9355], "texture": "#0"},
				"south": {"uv": [4.4395, 6.127, 4.6855, 6.498], "texture": "#0"},
				"west": {"uv": [0.3145, 7.6895, 0.373, 8.0605], "texture": "#0"},
				"up": {"uv": [8.0605, 7.4355, 7.8145, 7.377], "texture": "#0"},
				"down": {"uv": [8.123, 0.3145, 7.877, 0.373], "texture": "#0"}
			}
		},
		{
			"from": [9.89, 6.37, 7.895],
			"to": [10.52, 7.63, 8.105],
			"rotation": {"angle": 0, "axis": "y", "origin": [10.1, 1.96, 8]},
			"faces": {
				"north": {"uv": [4.502, 6.502, 4.6855, 6.873], "texture": "#0"},
				"east": {"uv": [1.1895, 7.6895, 1.248, 8.0605], "texture": "#0"},
				"south": {"uv": [6.502, 6.1895, 6.6855, 6.5605], "texture": "#0"},
				"west": {"uv": [1.5645, 7.6895, 1.623, 8.0605], "texture": "#0"},
				"up": {"uv": [3.373, 7.998, 3.1895, 7.9395], "texture": "#0"},
				"down": {"uv": [3.5605, 7.9395, 3.377, 7.998], "texture": "#0"}
			}
		},
		{
			"from": [9.89, 8.26, 7.895],
			"to": [10.73, 8.89, 8.105],
			"rotation": {"angle": 0, "axis": "y", "origin": [10.1, 3.64, 8]},
			"faces": {
				"north": {"uv": [6.9395, 3.502, 7.1855, 3.6855], "texture": "#0"},
				"east": {"uv": [3.5645, 7.9395, 3.623, 8.123], "texture": "#0"},
				"south": {"uv": [6.9395, 3.6895, 7.1855, 3.873], "texture": "#0"},
				"west": {"uv": [3.627, 7.9395, 3.6855, 8.123], "texture": "#0"},
				"up": {"uv": [8.123, 1.248, 7.877, 1.1895], "texture": "#0"},
				"down": {"uv": [8.123, 1.6895, 7.877, 1.748], "texture": "#0"}
			}
		},
		{
			"from": [5.27, 8.26, 7.895],
			"to": [6.74, 9.1, 8.105],
			"rotation": {"angle": 0, "axis": "y", "origin": [5.9, 3.64, 8]},
			"faces": {
				"north": {"uv": [6.002, 5.752, 6.4355, 5.998], "texture": "#0"},
				"east": {"uv": [5.377, 2.877, 5.4355, 3.123], "texture": "#0"},
				"south": {"uv": [5.8145, 6.002, 6.248, 6.248], "texture": "#0"},
				"west": {"uv": [5.5645, 4.502, 5.623, 4.748], "texture": "#0"},
				"up": {"uv": [7.9355, 2.5605, 7.502, 2.502], "texture": "#0"},
				"down": {"uv": [7.998, 0.127, 7.5645, 0.1855], "texture": "#0"}
			}
		},
		{
			"from": [10.52, 4.06, 7.895],
			"to": [11.57, 8.26, 8.105],
			"rotation": {"angle": 0, "axis": "y", "origin": [10.94, 2.8, 8]},
			"faces": {
				"north": {"uv": [0.002, 4.8145, 0.3105, 6.0605], "texture": "#0"},
				"east": {"uv": [6.3145, 6.1895, 6.373, 7.4355], "texture": "#0"},
				"south": {"uv": [0.3145, 4.8145, 0.623, 6.0605], "texture": "#0"},
				"west": {"uv": [5.4395, 6.377, 5.498, 7.623], "texture": "#0"},
				"up": {"uv": [7.998, 2.498, 7.6895, 2.4395], "texture": "#0"},
				"down": {"uv": [8.0605, 1.252, 7.752, 1.3105], "texture": "#0"}
			}
		},
		{
			"from": [10.1, 4.69, 7.895],
			"to": [10.52, 5.74, 8.105],
			"rotation": {"angle": 0, "axis": "y", "origin": [10.1, 0.28, 8]},
			"faces": {
				"north": {"uv": [5.627, 1.0645, 5.748, 1.373], "texture": "#0"},
				"east": {"uv": [5.752, 2.5645, 5.8105, 2.873], "texture": "#0"},
				"south": {"uv": [2.502, 7.1895, 2.623, 7.498], "texture": "#0"},
				"west": {"uv": [2.252, 6.8145, 2.3105, 7.123], "texture": "#0"},
				"up": {"uv": [6.998, 7.998, 6.877, 7.9395], "texture": "#0"},
				"down": {"uv": [8.0605, 6.877, 7.9395, 6.9355], "texture": "#0"}
			}
		},
		{
			"from": [9.47, 5.32, 7.895],
			"to": [10.1, 5.74, 8.105],
			"rotation": {"angle": 0, "axis": "y", "origin": [9.47, 0.28, 8]},
			"faces": {
				"north": {"uv": [2.002, 7.6895, 2.1855, 7.8105], "texture": "#0"},
				"east": {"uv": [7.002, 7.9395, 7.0605, 8.0605], "texture": "#0"},
				"south": {"uv": [7.6895, 2.3145, 7.873, 2.4355], "texture": "#0"},
				"west": {"uv": [7.0645, 7.9395, 7.123, 8.0605], "texture": "#0"},
				"up": {"uv": [8.123, 3.4355, 7.9395, 3.377], "texture": "#0"},
				"down": {"uv": [8.123, 3.4395, 7.9395, 3.498], "texture": "#0"}
			}
		},
		{
			"from": [9.89, 5.11, 7.895],
			"to": [10.1, 5.32, 8.105],
			"rotation": {"angle": 0, "axis": "y", "origin": [9.47, 0.28, 8]},
			"faces": {
				"north": {"uv": [7.627, 1.3145, 7.6855, 1.373], "texture": "#0"},
				"east": {"uv": [7.6895, 3.6895, 7.748, 3.748], "texture": "#0"},
				"south": {"uv": [7.6895, 4.4395, 7.748, 4.498], "texture": "#0"},
				"west": {"uv": [7.1895, 7.6895, 7.248, 7.748], "texture": "#0"},
				"up": {"uv": [7.8105, 2.873, 7.752, 2.8145], "texture": "#0"},
				"down": {"uv": [4.1855, 7.752, 4.127, 7.8105], "texture": "#0"}
			}
		},
		{
			"from": [8.21, 5.74, 7.895],
			"to": [9.89, 6.37, 8.105],
			"rotation": {"angle": 0, "axis": "y", "origin": [8, 1.96, 8]},
			"faces": {
				"north": {"uv": [2.752, 1.8145, 3.248, 1.998], "texture": "#0"},
				"east": {"uv": [3.752, 7.9395, 3.8105, 8.123], "texture": "#0"},
				"south": {"uv": [6.0645, 4.502, 6.5605, 4.6855], "texture": "#0"},
				"west": {"uv": [3.8145, 7.9395, 3.873, 8.123], "texture": "#0"},
				"up": {"uv": [7.873, 0.248, 7.377, 0.1895], "texture": "#0"},
				"down": {"uv": [7.9355, 2.6895, 7.4395, 2.748], "texture": "#0"}
			}
		},
		{
			"from": [9.89, 6.685, 7.79],
			"to": [10.73, 7.105, 8.21],
			"rotation": {"angle": 0, "axis": "y", "origin": [8.21, 1.96, 8]},
			"faces": {
				"north": {"uv": [4.502, 3.252, 4.748, 3.373], "texture": "#0"},
				"east": {"uv": [1.627, 7.877, 1.748, 7.998], "texture": "#0"},
				"south": {"uv": [7.4395, 4.877, 7.6855, 4.998], "texture": "#0"},
				"west": {"uv": [7.877, 1.752, 7.998, 1.873], "texture": "#0"},
				"up": {"uv": [7.748, 0.498, 7.502, 0.377], "texture": "#0"},
				"down": {"uv": [7.748, 4.3145, 7.502, 4.4355], "texture": "#0"}
			}
		},
		{
			"from": [10.73, 6.475, 7.79],
			"to": [11.57, 7.315, 8.21],
			"rotation": {"angle": 0, "axis": "y", "origin": [8.21, 1.96, 8]},
			"faces": {
				"north": {"uv": [0.1895, 6.627, 0.4355, 6.873], "texture": "#0"},
				"east": {"uv": [4.0645, 7.502, 4.1855, 7.748], "texture": "#0"},
				"south": {"uv": [6.6895, 3.3145, 6.9355, 3.5605], "texture": "#0"},
				"west": {"uv": [5.3145, 7.502, 5.4355, 7.748], "texture": "#0"},
				"up": {"uv": [7.748, 5.123, 7.502, 5.002], "texture": "#0"},
				"down": {"uv": [6.373, 7.502, 6.127, 7.623], "texture": "#0"}
			}
		},
		{
			"from": [10.898, 6.643, 7.748],
			"to": [11.402, 7.147, 8.252],
			"rotation": {"angle": 0, "axis": "y", "origin": [8.21, 1.96, 8]},
			"faces": {
				"north": {"uv": [0.752, 7.377, 0.9355, 7.5605], "texture": "#0"},
				"east": {"uv": [7.377, 0.8145, 7.5605, 0.998], "texture": "#0"},
				"south": {"uv": [0.9395, 7.377, 1.123, 7.5605], "texture": "#0"},
				"west": {"uv": [1.127, 7.377, 1.3105, 7.5605], "texture": "#0"},
				"up": {"uv": [1.498, 7.5605, 1.3145, 7.377], "texture": "#0"},
				"down": {"uv": [7.5605, 1.5645, 7.377, 1.748], "texture": "#0"}
			}
		},
		{
			"from": [10.31, 5.635, 7.79],
			"to": [11.57, 6.055, 8.21],
			"rotation": {"angle": -45, "axis": "z", "origin": [9.6275, 6.895, 8]},
			"faces": {
				"north": {"uv": [6.9395, 3.877, 7.3105, 3.998], "texture": "#0"},
				"east": {"uv": [7.877, 1.877, 7.998, 1.998], "texture": "#0"},
				"south": {"uv": [6.9395, 4.002, 7.3105, 4.123], "texture": "#0"},
				"west": {"uv": [7.877, 2.1895, 7.998, 2.3105], "texture": "#0"},
				"up": {"uv": [7.3105, 4.248, 6.9395, 4.127], "texture": "#0"},
				"down": {"uv": [7.3105, 4.502, 6.9395, 4.623], "texture": "#0"}
			}
		},
		{
			"from": [11.57, 5.425, 7.79],
			"to": [12.41, 6.265, 8.21],
			"rotation": {"angle": -45, "axis": "z", "origin": [9.6275, 6.895, 8]},
			"faces": {
				"north": {"uv": [6.6895, 3.5645, 6.9355, 3.8105], "texture": "#0"},
				"east": {"uv": [5.627, 7.502, 5.748, 7.748], "texture": "#0"},
				"south": {"uv": [6.6895, 3.8145, 6.9355, 4.0605], "texture": "#0"},
				"west": {"uv": [6.377, 7.502, 6.498, 7.748], "texture": "#0"},
				"up": {"uv": [6.748, 7.623, 6.502, 7.502], "texture": "#0"},
				"down": {"uv": [7.1855, 7.502, 6.9395, 7.623], "texture": "#0"}
			}
		},
		{
			"from": [11.738, 5.593, 7.748],
			"to": [12.242, 6.097, 8.252],
			"rotation": {"angle": -45, "axis": "z", "origin": [9.6275, 6.895, 8]},
			"faces": {
				"north": {"uv": [4.1895, 7.377, 4.373, 7.5605], "texture": "#0"},
				"east": {"uv": [4.377, 7.377, 4.5605, 7.5605], "texture": "#0"},
				"south": {"uv": [7.377, 5.1895, 7.5605, 5.373], "texture": "#0"},
				"west": {"uv": [7.377, 5.377, 7.5605, 5.5605], "texture": "#0"},
				"up": {"uv": [7.623, 1.1855, 7.4395, 1.002], "texture": "#0"},
				"down": {"uv": [7.623, 1.1895, 7.4395, 1.373], "texture": "#0"}
			}
		},
		{
			"from": [9.04979, 5.63479, 7.78979],
			"to": [9.68021, 8.15521, 8.21021],
			"rotation": {"angle": 0, "axis": "y", "origin": [8.21, 1.96, 8]},
			"faces": {
				"north": {"uv": [5.752, 1.0645, 5.9355, 1.8105], "texture": "#0"},
				"east": {"uv": [5.627, 6.127, 5.748, 6.873], "texture": "#0"},
				"south": {"uv": [5.752, 1.8145, 5.9355, 2.5605], "texture": "#0"},
				"west": {"uv": [2.6895, 6.1895, 2.8105, 6.9355], "texture": "#0"},
				"up": {"uv": [2.6855, 7.8105, 2.502, 7.6895], "texture": "#0"},
				"down": {"uv": [2.873, 7.6895, 2.6895, 7.8105], "texture": "#0"}
			}
		},
		{
			"from": [6.32, 6.895, 7.79],
			"to": [6.95, 8.155, 8.21],
			"rotation": {"angle": 0, "axis": "y", "origin": [7.79, 1.96, 8]},
			"faces": {
				"north": {"uv": [6.5645, 0.002, 6.748, 0.373], "texture": "#0"},
				"east": {"uv": [5.627, 6.877, 5.748, 7.248], "texture": "#0"},
				"south": {"uv": [6.5645, 1.8145, 6.748, 2.1855], "texture": "#0"},
				"west": {"uv": [1.5645, 6.9395, 1.6855, 7.3105], "texture": "#0"},
				"up": {"uv": [3.0605, 7.8105, 2.877, 7.6895], "texture": "#0"},
				"down": {"uv": [7.873, 3.002, 7.6895, 3.123], "texture": "#0"}
			}
		},
		{
			"from": [6.10979, 6.68479, 7.72679],
			"to": [6.74021, 7.10521, 8.27321],
			"rotation": {"angle": 0, "axis": "y", "origin": [7.79, 1.96, 8]},
			"faces": {
				"north": {"uv": [3.0645, 7.6895, 3.248, 7.8105], "texture": "#0"},
				"east": {"uv": [7.877, 2.3145, 7.998, 2.4355], "texture": "#0"},
				"south": {"uv": [7.6895, 3.127, 7.873, 3.248], "texture": "#0"},
				"west": {"uv": [7.877, 3.002, 7.998, 3.123], "texture": "#0"},
				"up": {"uv": [3.4355, 7.8105, 3.252, 7.6895], "texture": "#0"},
				"down": {"uv": [7.873, 3.252, 7.6895, 3.373], "texture": "#0"}
			}
		},
		{
			"from": [9.68, 6.475, 7.79],
			"to": [9.89, 7.315, 8.21],
			"rotation": {"angle": 0, "axis": "y", "origin": [8.21, 1.96, 8]},
			"faces": {
				"north": {"uv": [4.627, 6.877, 4.6855, 7.123], "texture": "#0"},
				"east": {"uv": [0.0645, 7.5645, 0.1855, 7.8105], "texture": "#0"},
				"south": {"uv": [0.377, 7.3145, 0.4355, 7.5605], "texture": "#0"},
				"west": {"uv": [0.377, 7.5645, 0.498, 7.8105], "texture": "#0"},
				"up": {"uv": [7.1855, 8.0605, 7.127, 7.9395], "texture": "#0"},
				"down": {"uv": [7.998, 7.127, 7.9395, 7.248], "texture": "#0"}
			}
		},
		{
			"from": [8.41958, 7.73458, 7.78958],
			"to": [9.47042, 8.36542, 8.21042],
			"rotation": {"angle": 0, "axis": "y", "origin": [8.21, 1.96, 8]},
			"faces": {
				"north": {"uv": [6.752, 5.627, 7.0605, 5.8105], "texture": "#0"},
				"east": {"uv": [1.627, 7.6895, 1.748, 7.873], "texture": "#0"},
				"south": {"uv": [6.752, 5.8145, 7.0605, 5.998], "texture": "#0"},
				"west": {"uv": [7.6895, 3.377, 7.8105, 3.5605], "texture": "#0"},
				"up": {"uv": [7.498, 3.123, 7.1895, 3.002], "texture": "#0"},
				"down": {"uv": [7.498, 3.127, 7.1895, 3.248], "texture": "#0"}
			}
		},
		{
			"from": [8.62958, 5.42458, 7.78958],
			"to": [9.47042, 5.84542, 8.21042],
			"rotation": {"angle": 0, "axis": "y", "origin": [8.21, 1.96, 8]},
			"faces": {
				"north": {"uv": [7.5645, 0.002, 7.8105, 0.123], "texture": "#0"},
				"east": {"uv": [7.877, 3.127, 7.998, 3.248], "texture": "#0"},
				"south": {"uv": [0.502, 7.5645, 0.748, 7.6855], "texture": "#0"},
				"west": {"uv": [7.877, 3.252, 7.998, 3.373], "texture": "#0"},
				"up": {"uv": [7.8105, 0.6855, 7.5645, 0.5645], "texture": "#0"},
				"down": {"uv": [7.8105, 0.6895, 7.5645, 0.8105], "texture": "#0"}
			}
		},
		{
			"from": [10.31, 7.42, 7.79],
			"to": [10.94, 7.84, 8.21],
			"rotation": {"angle": 45, "axis": "z", "origin": [9.3125, 6.895, 8]},
			"faces": {
				"north": {"uv": [3.4395, 7.6895, 3.623, 7.8105], "texture": "#0"},
				"east": {"uv": [7.877, 3.5645, 7.998, 3.6855], "texture": "#0"},
				"south": {"uv": [7.6895, 3.5645, 7.873, 3.6855], "texture": "#0"},
				"west": {"uv": [7.877, 3.6895, 7.998, 3.8105], "texture": "#0"},
				"up": {"uv": [4.373, 7.8105, 4.1895, 7.6895], "texture": "#0"},
				"down": {"uv": [4.873, 7.6895, 4.6895, 7.8105], "texture": "#0"}
			}
		},
		{
			"from": [10.94, 7.21, 7.79],
			"to": [11.78, 8.05, 8.21],
			"rotation": {"angle": 45, "axis": "z", "origin": [9.3125, 6.895, 8]},
			"faces": {
				"north": {"uv": [6.6895, 4.0645, 6.9355, 4.3105], "texture": "#0"},
				"east": {"uv": [0.752, 7.5645, 0.873, 7.8105], "texture": "#0"},
				"south": {"uv": [6.6895, 4.502, 6.9355, 4.748], "texture": "#0"},
				"west": {"uv": [0.877, 7.5645, 0.998, 7.8105], "texture": "#0"},
				"up": {"uv": [7.8105, 0.9355, 7.5645, 0.8145], "texture": "#0"},
				"down": {"uv": [1.248, 7.5645, 1.002, 7.6855], "texture": "#0"}
			}
		},
		{
			"from": [11.108, 7.378, 7.748],
			"to": [11.612, 7.882, 8.252],
			"rotation": {"angle": 45, "axis": "z", "origin": [9.3125, 6.895, 8]},
			"faces": {
				"north": {"uv": [7.4395, 1.752, 7.623, 1.9355], "texture": "#0"},
				"east": {"uv": [7.4395, 1.9395, 7.623, 2.123], "texture": "#0"},
				"south": {"uv": [7.4395, 2.127, 7.623, 2.3105], "texture": "#0"},
				"west": {"uv": [7.4395, 4.502, 7.623, 4.6855], "texture": "#0"},
				"up": {"uv": [7.623, 4.873, 7.4395, 4.6895], "texture": "#0"},
				"down": {"uv": [7.623, 5.5645, 7.4395, 5.748], "texture": "#0"}
			}
		},
		{
			"from": [4.388, 7.378, 7.748],
			"to": [4.892, 7.882, 8.252],
			"rotation": {"angle": -45, "axis": "z", "origin": [6.6875, 6.895, 8]},
			"faces": {
				"north": {"uv": [7.4395, 5.752, 7.623, 5.9355], "texture": "#0"},
				"east": {"uv": [5.8145, 7.4395, 5.998, 7.623], "texture": "#0"},
				"south": {"uv": [7.4395, 5.9395, 7.623, 6.123], "texture": "#0"},
				"west": {"uv": [7.4395, 6.127, 7.623, 6.3105], "texture": "#0"},
				"up": {"uv": [7.623, 6.498, 7.4395, 6.3145], "texture": "#0"},
				"down": {"uv": [7.623, 6.502, 7.4395, 6.6855], "texture": "#0"}
			}
		},
		{
			"from": [5.06021, 7.42021, 7.79021],
			"to": [5.68979, 7.83979, 8.20979],
			"rotation": {"angle": -45, "axis": "z", "origin": [6.6875, 6.895, 8]},
			"faces": {
				"north": {"uv": [4.877, 7.6895, 5.0605, 7.8105], "texture": "#0"},
				"east": {"uv": [7.877, 3.8145, 7.998, 3.9355], "texture": "#0"},
				"south": {"uv": [7.6895, 4.877, 7.873, 4.998], "texture": "#0"},
				"west": {"uv": [7.877, 3.9395, 7.998, 4.0605], "texture": "#0"},
				"up": {"uv": [7.873, 5.248, 7.6895, 5.127], "texture": "#0"},
				"down": {"uv": [7.873, 5.252, 7.6895, 5.373], "texture": "#0"}
			}
		},
		{
			"from": [4.22, 7.21, 7.79],
			"to": [5.06, 8.05, 8.21],
			"rotation": {"angle": -45, "axis": "z", "origin": [6.6875, 6.895, 8]},
			"faces": {
				"north": {"uv": [6.6895, 4.752, 6.9355, 4.998], "texture": "#0"},
				"east": {"uv": [1.252, 7.5645, 1.373, 7.8105], "texture": "#0"},
				"south": {"uv": [6.6895, 5.002, 6.9355, 5.248], "texture": "#0"},
				"west": {"uv": [1.377, 7.5645, 1.498, 7.8105], "texture": "#0"},
				"up": {"uv": [7.8105, 1.6855, 7.5645, 1.5645], "texture": "#0"},
				"down": {"uv": [4.4355, 7.5645, 4.1895, 7.6855], "texture": "#0"}
			}
		},
		{
			"from": [6.52979, 7.73479, 7.78979],
			"to": [7.58021, 8.36521, 8.21021],
			"rotation": {"angle": 0, "axis": "y", "origin": [7.79, 1.96, 8]},
			"faces": {
				"north": {"uv": [6.6895, 6.752, 6.998, 6.9355], "texture": "#0"},
				"east": {"uv": [5.0645, 7.6895, 5.1855, 7.873], "texture": "#0"},
				"south": {"uv": [0.627, 6.8145, 0.9355, 6.998], "texture": "#0"},
				"west": {"uv": [7.752, 1.0645, 7.873, 1.248], "texture": "#0"},
				"up": {"uv": [7.498, 3.373, 7.1895, 3.252], "texture": "#0"},
				"down": {"uv": [7.498, 3.377, 7.1895, 3.498], "texture": "#0"}
			}
		},
		{
			"from": [10.016, 4.06, 7.832],
			"to": [10.226, 6.16, 8.168],
			"rotation": {"angle": -45, "axis": "z", "origin": [10.1, 3.22, 8]},
			"faces": {
				"north": {"uv": [7.1895, 7.0645, 7.248, 7.6855], "texture": "#0"},
				"east": {"uv": [6.3145, 1.8145, 6.4355, 2.4355], "texture": "#0"},
				"south": {"uv": [0.002, 7.252, 0.0605, 7.873], "texture": "#0"},
				"west": {"uv": [5.502, 6.377, 5.623, 6.998], "texture": "#0"},
				"up": {"uv": [7.248, 8.0605, 7.1895, 7.9395], "texture": "#0"},
				"down": {"uv": [7.3105, 7.9395, 7.252, 8.0605], "texture": "#0"}
			}
		},
		{
			"from": [10.226, 4.06, 7.832],
			"to": [10.646, 5.32, 8.168],
			"rotation": {"angle": -45, "axis": "z", "origin": [10.1, 3.22, 8]},
			"faces": {
				"north": {"uv": [2.6895, 6.9395, 2.8105, 7.3105], "texture": "#0"},
				"east": {"uv": [3.8145, 6.9395, 3.9355, 7.3105], "texture": "#0"},
				"south": {"uv": [6.9395, 4.627, 7.0605, 4.998], "texture": "#0"},
				"west": {"uv": [5.752, 6.9395, 5.873, 7.3105], "texture": "#0"},
				"up": {"uv": [7.998, 4.4355, 7.877, 4.3145], "texture": "#0"},
				"down": {"uv": [7.998, 4.4395, 7.877, 4.5605], "texture": "#0"}
			}
		},
		{
			"from": [10.646, 4.06, 7.832],
			"to": [11.066, 4.69, 8.168],
			"rotation": {"angle": -45, "axis": "z", "origin": [10.1, 3.22, 8]},
			"faces": {
				"north": {"uv": [7.752, 1.6895, 7.873, 1.873], "texture": "#0"},
				"east": {"uv": [7.752, 1.877, 7.873, 2.0605], "texture": "#0"},
				"south": {"uv": [2.1895, 7.752, 2.3105, 7.9355], "texture": "#0"},
				"west": {"uv": [7.752, 3.6895, 7.873, 3.873], "texture": "#0"},
				"up": {"uv": [4.623, 7.998, 4.502, 7.877], "texture": "#0"},
				"down": {"uv": [7.998, 4.5645, 7.877, 4.6855], "texture": "#0"}
			}
		},
		{
			"from": [11.066, 4.06, 7.832],
			"to": [11.486, 4.27, 8.168],
			"rotation": {"angle": -45, "axis": "z", "origin": [10.1, 3.22, 8]},
			"faces": {
				"north": {"uv": [7.9395, 7.252, 8.0605, 7.3105], "texture": "#0"},
				"east": {"uv": [7.9395, 7.3145, 8.0605, 7.373], "texture": "#0"},
				"south": {"uv": [7.9395, 7.4395, 8.0605, 7.498], "texture": "#0"},
				"west": {"uv": [7.502, 7.9395, 7.623, 7.998], "texture": "#0"},
				"up": {"uv": [7.998, 4.873, 7.877, 4.752], "texture": "#0"},
				"down": {"uv": [7.998, 4.877, 7.877, 4.998], "texture": "#0"}
			}
		},
		{
			"from": [9.176, 4.9, 7.832],
			"to": [10.016, 7.21, 8.168],
			"rotation": {"angle": -45, "axis": "z", "origin": [10.1, 3.22, 8]},
			"faces": {
				"north": {"uv": [5.127, 2.4395, 5.373, 3.123], "texture": "#0"},
				"east": {"uv": [3.8145, 6.252, 3.9355, 6.9355], "texture": "#0"},
				"south": {"uv": [5.377, 0.002, 5.623, 0.6855], "texture": "#0"},
				"west": {"uv": [5.752, 6.252, 5.873, 6.9355], "texture": "#0"},
				"up": {"uv": [4.9355, 7.6855, 4.6895, 7.5645], "texture": "#0"},
				"down": {"uv": [5.1855, 7.5645, 4.9395, 7.6855], "texture": "#0"}
			}
		},
		{
			"from": [8.756, 5.74, 7.832],
			"to": [9.176, 7.21, 8.168],
			"rotation": {"angle": -45, "axis": "z", "origin": [10.1, 3.22, 8]},
			"faces": {
				"north": {"uv": [2.502, 6.752, 2.623, 7.1855], "texture": "#0"},
				"east": {"uv": [6.127, 6.8145, 6.248, 7.248], "texture": "#0"},
				"south": {"uv": [6.377, 6.8145, 6.498, 7.248], "texture": "#0"},
				"west": {"uv": [0.1895, 6.877, 0.3105, 7.3105], "texture": "#0"},
				"up": {"uv": [5.1855, 7.998, 5.0645, 7.877], "texture": "#0"},
				"down": {"uv": [7.998, 5.127, 7.877, 5.248], "texture": "#0"}
			}
		},
		{
			"from": [8.546, 7.84, 7.832],
			"to": [9.176, 8.47, 8.168],
			"rotation": {"angle": -45, "axis": "z", "origin": [10.1, 3.22, 8]},
			"faces": {
				"north": {"uv": [7.4395, 6.6895, 7.623, 6.873], "texture": "#0"},
				"east": {"uv": [3.752, 7.752, 3.873, 7.9355], "texture": "#0"},
				"south": {"uv": [6.752, 7.4395, 6.9355, 7.623], "texture": "#0"},
				"west": {"uv": [3.877, 7.752, 3.998, 7.9355], "texture": "#0"},
				"up": {"uv": [7.9355, 0.498, 7.752, 0.377], "texture": "#0"},
				"down": {"uv": [7.9355, 2.0645, 7.752, 2.1855], "texture": "#0"}
			}
		},
		{
			"from": [8.546, 8.47, 7.832],
			"to": [8.756, 8.68, 8.168],
			"rotation": {"angle": -45, "axis": "z", "origin": [10.1, 3.22, 8]},
			"faces": {
				"north": {"uv": [6.4395, 7.752, 6.498, 7.8105], "texture": "#0"},
				"east": {"uv": [7.9395, 7.502, 8.0605, 7.5605], "texture": "#0"},
				"south": {"uv": [7.752, 6.627, 7.8105, 6.6855], "texture": "#0"},
				"west": {"uv": [7.627, 7.9395, 7.748, 7.998], "texture": "#0"},
				"up": {"uv": [7.8105, 8.0605, 7.752, 7.9395], "texture": "#0"},
				"down": {"uv": [7.873, 7.9395, 7.8145, 8.0605], "texture": "#0"}
			}
		},
		{
			"from": [8.126, 6.58, 7.832],
			"to": [8.756, 7.21, 8.168],
			"rotation": {"angle": -45, "axis": "z", "origin": [10.1, 3.22, 8]},
			"faces": {
				"north": {"uv": [7.4395, 6.877, 7.623, 7.0605], "texture": "#0"},
				"east": {"uv": [7.752, 3.877, 7.873, 4.0605], "texture": "#0"},
				"south": {"uv": [7.4395, 7.0645, 7.623, 7.248], "texture": "#0"},
				"west": {"uv": [4.002, 7.752, 4.123, 7.9355], "texture": "#0"},
				"up": {"uv": [7.9355, 4.1855, 7.752, 4.0645], "texture": "#0"},
				"down": {"uv": [7.9355, 4.1895, 7.752, 4.3105], "texture": "#0"}
			}
		},
		{
			"from": [6.656, 7.21, 7.832],
			"to": [9.596, 7.84, 8.168],
			"rotation": {"angle": -45, "axis": "z", "origin": [10.1, 3.22, 8]},
			"faces": {
				"north": {"uv": [5.377, 0.6895, 6.248, 0.873], "texture": "#0"},
				"east": {"uv": [7.752, 4.3145, 7.873, 4.498], "texture": "#0"},
				"south": {"uv": [5.377, 0.877, 6.248, 1.0605], "texture": "#0"},
				"west": {"uv": [7.752, 4.502, 7.873, 4.6855], "texture": "#0"},
				"up": {"uv": [6.498, 0.623, 5.627, 0.502], "texture": "#0"},
				"down": {"uv": [6.9355, 2.9395, 6.0645, 3.0605], "texture": "#0"}
			}
		},
		{
			"from": [9.89, 9.1, 7.832],
			"to": [10.52, 11.2, 8.168],
			"rotation": {"angle": 0, "axis": "y", "origin": [10.1, 3.22, 8]},
			"faces": {
				"north": {"uv": [5.8145, 5.377, 5.998, 5.998], "texture": "#0"},
				"east": {"uv": [6.377, 6.1895, 6.498, 6.8105], "texture": "#0"},
				"south": {"uv": [5.9395, 1.0645, 6.123, 1.6855], "texture": "#0"},
				"west": {"uv": [1.6895, 6.4395, 1.8105, 7.0605], "texture": "#0"},
				"up": {"uv": [7.9355, 5.123, 7.752, 5.002], "texture": "#0"},
				"down": {"uv": [5.498, 7.752, 5.3145, 7.873], "texture": "#0"}
			}
		},
		{
			"from": [9.26, 9.94, 7.832],
			"to": [9.89, 11.2, 8.168],
			"rotation": {"angle": 0, "axis": "y", "origin": [10.1, 3.22, 8]},
			"faces": {
				"north": {"uv": [6.5645, 5.252, 6.748, 5.623], "texture": "#0"},
				"east": {"uv": [6.9395, 6.002, 7.0605, 6.373], "texture": "#0"},
				"south": {"uv": [6.5645, 5.627, 6.748, 5.998], "texture": "#0"},
				"west": {"uv": [6.9395, 6.377, 7.0605, 6.748], "texture": "#0"},
				"up": {"uv": [5.6855, 7.873, 5.502, 7.752], "texture": "#0"},
				"down": {"uv": [5.873, 7.752, 5.6895, 7.873], "texture": "#0"}
			}
		},
		{
			"from": [6.11, 9.94, 7.832],
			"to": [6.74, 11.2, 8.168],
			"rotation": {"angle": 0, "axis": "y", "origin": [5.9, 3.22, 8]},
			"faces": {
				"north": {"uv": [6.502, 6.5645, 6.6855, 6.9355], "texture": "#0"},
				"east": {"uv": [6.502, 6.9395, 6.623, 7.3105], "texture": "#0"},
				"south": {"uv": [0.002, 6.627, 0.1855, 6.998], "texture": "#0"},
				"west": {"uv": [6.627, 6.9395, 6.748, 7.3105], "texture": "#0"},
				"up": {"uv": [6.0605, 7.873, 5.877, 7.752], "texture": "#0"},
				"down": {"uv": [6.248, 7.752, 6.0645, 7.873], "texture": "#0"}
			}
		},
		{
			"from": [8.84, 11.2, 7.832],
			"to": [10.1, 17.92, 8.168],
			"rotation": {"angle": 0, "axis": "y", "origin": [10.1, 3.22, 8]},
			"faces": {
				"north": {"uv": [0.9395, 4.002, 1.3105, 5.998], "texture": "#0"},
				"east": {"uv": [0.627, 4.8145, 0.748, 6.8105], "texture": "#0"},
				"south": {"uv": [1.3145, 4.002, 1.6855, 5.998], "texture": "#0"},
				"west": {"uv": [0.752, 4.8145, 0.873, 6.8105], "texture": "#0"},
				"up": {"uv": [7.3105, 5.123, 6.9395, 5.002], "texture": "#0"},
				"down": {"uv": [7.3105, 5.127, 6.9395, 5.248], "texture": "#0"}
			}
		},
		{
			"from": [6.32, 17.92, 7.832],
			"to": [7.37, 24.64, 8.168],
			"rotation": {"angle": 0, "axis": "y", "origin": [5.9, 1.75, 8]},
			"faces": {
				"north": {"uv": [2.6895, 4.1895, 2.998, 6.1855], "texture": "#0"},
				"east": {"uv": [4.6895, 5.252, 4.8105, 7.248], "texture": "#0"},
				"south": {"uv": [3.002, 4.252, 3.3105, 6.248], "texture": "#0"},
				"west": {"uv": [4.8145, 5.252, 4.9355, 7.248], "texture": "#0"},
				"up": {"uv": [7.498, 3.623, 7.1895, 3.502], "texture": "#0"},
				"down": {"uv": [7.498, 3.627, 7.1895, 3.748], "texture": "#0"}
			}
		},
		{
			"from": [6.53, 24.64, 7.832],
			"to": [9.47, 29.47, 8.168],
			"rotation": {"angle": 0, "axis": "y", "origin": [5.9, 1.75, 8]},
			"faces": {
				"north": {"uv": [3.252, 1.377, 4.123, 2.8105], "texture": "#0"},
				"east": {"uv": [2.0645, 5.377, 2.1855, 6.8105], "texture": "#0"},
				"south": {"uv": [3.252, 2.8145, 4.123, 4.248], "texture": "#0"},
				"west": {"uv": [2.1895, 5.377, 2.3105, 6.8105], "texture": "#0"},
				"up": {"uv": [6.9355, 3.1855, 6.0645, 3.0645], "texture": "#0"},
				"down": {"uv": [6.9355, 3.1895, 6.0645, 3.3105], "texture": "#0"}
			}
		},
		{
			"from": [6.05047, 28.75798, 7.83179],
			"to": [8.12989, 30.8374, 8.16821],
			"rotation": {"angle": 45, "axis": "z", "origin": [7.94068, 30.73219, 8]},
			"faces": {
				"north": {"uv": [4.752, 3.9395, 5.373, 4.5605], "texture": "#0"},
				"east": {"uv": [1.8145, 6.4395, 1.9355, 7.0605], "texture": "#0"},
				"south": {"uv": [5.127, 1.377, 5.748, 1.998], "texture": "#0"},
				"west": {"uv": [6.4395, 1.8145, 6.5605, 2.4355], "texture": "#0"},
				"up": {"uv": [6.9355, 2.5605, 6.3145, 2.4395], "texture": "#0"},
				"down": {"uv": [6.9355, 2.5645, 6.3145, 2.6855], "texture": "#0"}
			}
		},
		{
			"from": [8.63, 17.92, 7.832],
			"to": [9.68, 24.64, 8.168],
			"rotation": {"angle": 0, "axis": "y", "origin": [10.1, 1.75, 8]},
			"faces": {
				"north": {"uv": [3.3145, 4.252, 3.623, 6.248], "texture": "#0"},
				"east": {"uv": [4.9395, 5.252, 5.0605, 7.248], "texture": "#0"},
				"south": {"uv": [3.627, 4.252, 3.9355, 6.248], "texture": "#0"},
				"west": {"uv": [5.0645, 5.252, 5.1855, 7.248], "texture": "#0"},
				"up": {"uv": [7.498, 3.873, 7.1895, 3.752], "texture": "#0"},
				"down": {"uv": [7.498, 4.3145, 7.1895, 4.4355], "texture": "#0"}
			}
		},
		{
			"from": [5.9, 11.2, 7.832],
			"to": [7.16, 17.92, 8.168],
			"rotation": {"angle": 0, "axis": "y", "origin": [5.9, 3.22, 8]},
			"faces": {
				"north": {"uv": [1.6895, 4.002, 2.0605, 5.998], "texture": "#0"},
				"east": {"uv": [5.1895, 5.252, 5.3105, 7.248], "texture": "#0"},
				"south": {"uv": [4.127, 1.377, 4.498, 3.373], "texture": "#0"},
				"west": {"uv": [5.3145, 5.252, 5.4355, 7.248], "texture": "#0"},
				"up": {"uv": [7.123, 7.0605, 6.752, 6.9395], "texture": "#0"},
				"down": {"uv": [7.373, 0.002, 7.002, 0.123], "texture": "#0"}
			}
		},
		{
			"from": [7.16, 11.83, 7.832],
			"to": [8.84, 12.67, 8.168],
			"rotation": {"angle": 0, "axis": "y", "origin": [5.9, 3.22, 8]},
			"faces": {
				"north": {"uv": [5.627, 0.002, 6.123, 0.248], "texture": "#0"},
				"east": {"uv": [1.752, 7.5645, 1.873, 7.8105], "texture": "#0"},
				"south": {"uv": [5.627, 0.252, 6.123, 0.498], "texture": "#0"},
				"west": {"uv": [3.627, 7.5645, 3.748, 7.8105], "texture": "#0"},
				"up": {"uv": [7.123, 2.873, 6.627, 2.752], "texture": "#0"},
				"down": {"uv": [7.1855, 4.3145, 6.6895, 4.4355], "texture": "#0"}
			}
		},
		{
			"from": [5.48, 9.1, 7.832],
			"to": [6.11, 11.2, 8.168],
			"rotation": {"angle": 0, "axis": "y", "origin": [5.9, 3.22, 8]},
			"faces": {
				"north": {"uv": [5.9395, 1.6895, 6.123, 2.3105], "texture": "#0"},
				"east": {"uv": [2.8145, 6.4395, 2.9355, 7.0605], "texture": "#0"},
				"south": {"uv": [5.9395, 2.3145, 6.123, 2.9355], "texture": "#0"},
				"west": {"uv": [2.9395, 6.4395, 3.0605, 7.0605], "texture": "#0"},
				"up": {"uv": [6.4355, 7.873, 6.252, 7.752], "texture": "#0"},
				"down": {"uv": [7.9355, 6.502, 7.752, 6.623], "texture": "#0"}
			}
		},
		{
			"from": [9.134, 7, 7.832],
			"to": [9.344, 7.84, 8.168],
			"rotation": {"angle": 45, "axis": "z", "origin": [5.9, 3.22, 8]},
			"faces": {
				"north": {"uv": [1.877, 7.752, 1.9355, 7.998], "texture": "#0"},
				"east": {"uv": [4.4395, 7.5645, 4.5605, 7.8105], "texture": "#0"},
				"south": {"uv": [1.127, 7.8145, 1.1855, 8.0605], "texture": "#0"},
				"west": {"uv": [7.5645, 5.127, 7.6855, 5.373], "texture": "#0"},
				"up": {"uv": [7.9355, 8.0605, 7.877, 7.9395], "texture": "#0"},
				"down": {"uv": [7.998, 7.9395, 7.9395, 8.0605], "texture": "#0"}
			}
		},
		{
			"from": [8.504, 6.79, 7.832],
			"to": [9.134, 7.84, 8.168],
			"rotation": {"angle": 45, "axis": "z", "origin": [5.9, 3.22, 8]},
			"faces": {
				"north": {"uv": [3.9395, 4.252, 4.123, 4.5605], "texture": "#0"},
				"east": {"uv": [0.0645, 7.252, 0.1855, 7.5605], "texture": "#0"},
				"south": {"uv": [2.0645, 6.8145, 2.248, 7.123], "texture": "#0"},
				"west": {"uv": [0.627, 7.252, 0.748, 7.5605], "texture": "#0"},
				"up": {"uv": [6.8105, 7.873, 6.627, 7.752], "texture": "#0"},
				"down": {"uv": [7.9355, 6.8145, 7.752, 6.9355], "texture": "#0"}
			}
		},
		{
			"from": [7.874, 7.21, 7.832],
			"to": [8.504, 7.84, 8.168],
			"rotation": {"angle": 45, "axis": "z", "origin": [5.9, 3.22, 8]},
			"faces": {
				"north": {"uv": [7.252, 7.4395, 7.4355, 7.623], "texture": "#0"},
				"east": {"uv": [7.752, 6.9395, 7.873, 7.123], "texture": "#0"},
				"south": {"uv": [7.4395, 7.252, 7.623, 7.4355], "texture": "#0"},
				"west": {"uv": [7.1895, 7.752, 7.3105, 7.9355], "texture": "#0"},
				"up": {"uv": [7.498, 7.873, 7.3145, 7.752], "texture": "#0"},
				"down": {"uv": [7.9355, 7.4395, 7.752, 7.5605], "texture": "#0"}
			}
		},
		{
			"from": [7.454, 7.63, 7.832],
			"to": [7.874, 7.84, 8.168],
			"rotation": {"angle": 45, "axis": "z", "origin": [5.9, 3.22, 8]},
			"faces": {
				"north": {"uv": [0.0645, 8.002, 0.1855, 8.0605], "texture": "#0"},
				"east": {"uv": [8.002, 0.127, 8.123, 0.1855], "texture": "#0"},
				"south": {"uv": [0.1895, 8.002, 0.3105, 8.0605], "texture": "#0"},
				"west": {"uv": [8.002, 0.1895, 8.123, 0.248], "texture": "#0"},
				"up": {"uv": [7.998, 5.373, 7.877, 5.252], "texture": "#0"},
				"down": {"uv": [5.4355, 7.877, 5.3145, 7.998], "texture": "#0"}
			}
		},
		{
			"from": [6.656, 7, 7.832],
			"to": [7.496, 7.21, 8.168],
			"rotation": {"angle": -45, "axis": "z", "origin": [10.1, 3.22, 8]},
			"faces": {
				"north": {"uv": [7.877, 2.002, 8.123, 2.0605], "texture": "#0"},
				"east": {"uv": [8.002, 0.252, 8.123, 0.3105], "texture": "#0"},
				"south": {"uv": [5.4395, 7.877, 5.6855, 7.9355], "texture": "#0"},
				"west": {"uv": [0.377, 8.002, 0.498, 8.0605], "texture": "#0"},
				"up": {"uv": [7.8105, 5.498, 7.5645, 5.377], "texture": "#0"},
				"down": {"uv": [7.873, 0.9395, 7.627, 1.0605], "texture": "#0"}
			}
		},
		{
			"from": [8.20958, 11.61958, 7.70558],
			"to": [9.05042, 12.46042, 8.33642],
			"rotation": {"angle": 45, "axis": "z", "origin": [8, 13.09, 8]},
			"faces": {
				"north": {"uv": [6.6895, 6.002, 6.9355, 6.248], "texture": "#0"},
				"east": {"uv": [0.002, 7.002, 0.1855, 7.248], "texture": "#0"},
				"south": {"uv": [6.6895, 6.252, 6.9355, 6.498], "texture": "#0"},
				"west": {"uv": [0.627, 7.002, 0.8105, 7.248], "texture": "#0"},
				"up": {"uv": [7.248, 0.873, 7.002, 0.6895], "texture": "#0"},
				"down": {"uv": [7.248, 0.877, 7.002, 1.0605], "texture": "#0"}
			}
		},
		{
			"from": [10.70921, 13.72021, 7.70621],
			"to": [11.12879, 14.55979, 8.33579],
			"rotation": {"angle": 45, "axis": "z", "origin": [7.979, 12.46, 8]},
			"faces": {
				"north": {"uv": [5.1895, 7.5645, 5.3105, 7.8105], "texture": "#0"},
				"east": {"uv": [7.002, 1.0645, 7.1855, 1.3105], "texture": "#0"},
				"south": {"uv": [7.627, 1.0645, 7.748, 1.3105], "texture": "#0"},
				"west": {"uv": [7.002, 1.3145, 7.1855, 1.5605], "texture": "#0"},
				"up": {"uv": [7.623, 7.9355, 7.502, 7.752], "texture": "#0"},
				"down": {"uv": [7.873, 7.5645, 7.752, 7.748], "texture": "#0"}
			}
		},
		{
			"from": [11.759, 14.77, 7.706],
			"to": [12.179, 15.61, 8.336],
			"rotation": {"angle": 45, "axis": "z", "origin": [7.979, 12.46, 8]},
			"faces": {
				"north": {"uv": [7.627, 1.6895, 7.748, 1.9355], "texture": "#0"},
				"east": {"uv": [7.002, 2.0645, 7.1855, 2.3105], "texture": "#0"},
				"south": {"uv": [7.627, 1.9395, 7.748, 2.1855], "texture": "#0"},
				"west": {"uv": [7.0645, 1.5645, 7.248, 1.8105], "texture": "#0"},
				"up": {"uv": [7.873, 7.9355, 7.752, 7.752], "texture": "#0"},
				"down": {"uv": [0.1855, 7.8145, 0.0645, 7.998], "texture": "#0"}
			}
		},
		{
			"from": [8.44995, 15.93683, 7.706],
			"to": [8.86995, 16.56683, 8.336],
			"rotation": {"angle": -45, "axis": "z", "origin": [8.86995, 15.72683, 8.021]},
			"faces": {
				"north": {"uv": [0.377, 7.8145, 0.498, 7.998], "texture": "#0"},
				"east": {"uv": [7.4395, 7.4395, 7.623, 7.623], "texture": "#0"},
				"south": {"uv": [7.8145, 0.5645, 7.9355, 0.748], "texture": "#0"},
				"west": {"uv": [0.1895, 7.502, 0.373, 7.6855], "texture": "#0"},
				"up": {"uv": [0.873, 7.998, 0.752, 7.8145], "texture": "#0"},
				"down": {"uv": [7.9355, 0.752, 7.8145, 0.9355], "texture": "#0"}
			}
		},
		{
			"from": [8.83979, 12.87979, 7.70579],
			"to": [9.47021, 15.61021, 8.33621],
			"rotation": {"angle": 0, "axis": "y", "origin": [8, 13.09, 8]},
			"faces": {
				"north": {"uv": [5.377, 3.9395, 5.5605, 4.748], "texture": "#0"},
				"east": {"uv": [5.4395, 2.877, 5.623, 3.6855], "texture": "#0"},
				"south": {"uv": [5.4395, 4.752, 5.623, 5.5605], "texture": "#0"},
				"west": {"uv": [5.5645, 3.6895, 5.748, 4.498], "texture": "#0"},
				"up": {"uv": [7.6855, 1.5605, 7.502, 1.377], "texture": "#0"},
				"down": {"uv": [1.748, 7.502, 1.5645, 7.6855], "texture": "#0"}
			}
		},
		{
			"from": [8.83979, 16.23979, 7.70579],
			"to": [9.47021, 17.08021, 8.33621],
			"rotation": {"angle": 0, "axis": "y", "origin": [7.979, 12.46, 8]},
			"faces": {
				"north": {"uv": [1.6895, 7.0645, 1.873, 7.3105], "texture": "#0"},
				"east": {"uv": [7.0645, 1.8145, 7.248, 2.0605], "texture": "#0"},
				"south": {"uv": [2.8145, 7.0645, 2.998, 7.3105], "texture": "#0"},
				"west": {"uv": [3.002, 7.0645, 3.1855, 7.3105], "texture": "#0"},
				"up": {"uv": [2.1855, 7.6855, 2.002, 7.502], "texture": "#0"},
				"down": {"uv": [7.6855, 2.3145, 7.502, 2.498], "texture": "#0"}
			}
		},
		{
			"from": [3.821, 14.77, 7.706],
			"to": [4.241, 15.61, 8.336],
			"rotation": {"angle": -45, "axis": "z", "origin": [8.021, 12.46, 8]},
			"faces": {
				"north": {"uv": [7.627, 3.752, 7.748, 3.998], "texture": "#0"},
				"east": {"uv": [3.1895, 7.0645, 3.373, 7.3105], "texture": "#0"},
				"south": {"uv": [7.627, 4.002, 7.748, 4.248], "texture": "#0"},
				"west": {"uv": [3.377, 7.0645, 3.5605, 7.3105], "texture": "#0"},
				"up": {"uv": [0.998, 7.998, 0.877, 7.8145], "texture": "#0"},
				"down": {"uv": [1.123, 7.8145, 1.002, 7.998], "texture": "#0"}
			}
		},
		{
			"from": [6.52979, 16.23979, 7.70579],
			"to": [7.16021, 17.08021, 8.33621],
			"rotation": {"angle": 0, "axis": "y", "origin": [8.021, 12.46, 8]},
			"faces": {
				"north": {"uv": [3.5645, 7.0645, 3.748, 7.3105], "texture": "#0"},
				"east": {"uv": [7.0645, 4.627, 7.248, 4.873], "texture": "#0"},
				"south": {"uv": [7.0645, 5.252, 7.248, 5.498], "texture": "#0"},
				"west": {"uv": [7.0645, 5.502, 7.248, 5.748], "texture": "#0"},
				"up": {"uv": [2.6855, 7.6855, 2.502, 7.502], "texture": "#0"},
				"down": {"uv": [2.873, 7.502, 2.6895, 7.6855], "texture": "#0"}
			}
		},
		{
			"from": [4.87121, 13.72021, 7.70621],
			"to": [5.29079, 14.55979, 8.33579],
			"rotation": {"angle": -45, "axis": "z", "origin": [8.021, 12.46, 8]},
			"faces": {
				"north": {"uv": [7.627, 4.502, 7.748, 4.748], "texture": "#0"},
				"east": {"uv": [7.0645, 5.752, 7.248, 5.998], "texture": "#0"},
				"south": {"uv": [4.5645, 7.627, 4.6855, 7.873], "texture": "#0"},
				"west": {"uv": [7.0645, 6.002, 7.248, 6.248], "texture": "#0"},
				"up": {"uv": [1.373, 7.998, 1.252, 7.8145], "texture": "#0"},
				"down": {"uv": [1.498, 7.8145, 1.377, 7.998], "texture": "#0"}
			}
		},
		{
			"from": [7.58, 16.19779, 7.874],
			"to": [8.42, 17.03779, 8.168],
			"rotation": {"angle": 0, "axis": "y", "origin": [8, 16.61779, 8.021]},
			"faces": {
				"north": {"uv": [6.6895, 6.502, 6.9355, 6.748], "texture": "#0"},
				"east": {"uv": [7.0645, 6.252, 7.248, 6.498], "texture": "#0"},
				"south": {"uv": [6.752, 0.002, 6.998, 0.248], "texture": "#0"},
				"west": {"uv": [7.0645, 6.502, 7.248, 6.748], "texture": "#0"},
				"up": {"uv": [7.248, 6.9355, 7.002, 6.752], "texture": "#0"},
				"down": {"uv": [6.998, 7.0645, 6.752, 7.248], "texture": "#0"}
			}
		},
		{
			"from": [7.58, 18.92779, 7.874],
			"to": [8.42, 19.76779, 8.168],
			"rotation": {"angle": 0, "axis": "y", "origin": [8, 16.40779, 8.021]},
			"faces": {
				"north": {"uv": [6.752, 0.6895, 6.998, 0.9355], "texture": "#0"},
				"east": {"uv": [7.002, 7.0645, 7.1855, 7.3105], "texture": "#0"},
				"south": {"uv": [6.752, 0.9395, 6.998, 1.1855], "texture": "#0"},
				"west": {"uv": [1.3145, 7.127, 1.498, 7.373], "texture": "#0"},
				"up": {"uv": [2.3105, 7.3105, 2.0645, 7.127], "texture": "#0"},
				"down": {"uv": [4.3105, 7.127, 4.0645, 7.3105], "texture": "#0"}
			}
		},
		{
			"from": [7.74292, 18.08779, 7.706],
			"to": [9.31792, 18.71779, 8.336],
			"rotation": {"angle": -22.5, "axis": "z", "origin": [7.95292, 18.08779, 8.021]},
			"faces": {
				"north": {"uv": [6.127, 2.752, 6.623, 2.9355], "texture": "#0"},
				"east": {"uv": [2.877, 7.502, 3.0605, 7.6855], "texture": "#0"},
				"south": {"uv": [6.1895, 4.6895, 6.6855, 4.873], "texture": "#0"},
				"west": {"uv": [7.502, 3.002, 7.6855, 3.1855], "texture": "#0"},
				"up": {"uv": [6.6855, 5.0605, 6.1895, 4.877], "texture": "#0"},
				"down": {"uv": [6.6855, 5.0645, 6.1895, 5.248], "texture": "#0"}
			}
		},
		{
			"from": [6.68187, 18.08758, 7.70579],
			"to": [8.25729, 18.718, 8.33621],
			"rotation": {"angle": 22.5, "axis": "z", "origin": [8.04708, 18.08779, 8.021]},
			"faces": {
				"north": {"uv": [6.252, 0.6895, 6.748, 0.873], "texture": "#0"},
				"east": {"uv": [3.0645, 7.502, 3.248, 7.6855], "texture": "#0"},
				"south": {"uv": [6.252, 0.877, 6.748, 1.0605], "texture": "#0"},
				"west": {"uv": [7.502, 3.1895, 7.6855, 3.373], "texture": "#0"},
				"up": {"uv": [3.3105, 6.4355, 2.8145, 6.252], "texture": "#0"},
				"down": {"uv": [3.8105, 6.252, 3.3145, 6.4355], "texture": "#0"}
			}
		},
		{
			"from": [6.68208, 18.71779, 7.706],
			"to": [6.89208, 18.92779, 8.336],
			"rotation": {"angle": 22.5, "axis": "z", "origin": [8.04708, 18.08779, 8.021]},
			"faces": {
				"north": {"uv": [7.752, 7.127, 7.8105, 7.1855], "texture": "#0"},
				"east": {"uv": [3.877, 7.9395, 4.0605, 7.998], "texture": "#0"},
				"south": {"uv": [4.502, 7.8145, 4.5605, 7.873], "texture": "#0"},
				"west": {"uv": [4.0645, 7.9395, 4.248, 7.998], "texture": "#0"},
				"up": {"uv": [7.998, 4.248, 7.9395, 4.0645], "texture": "#0"},
				"down": {"uv": [4.3105, 7.9395, 4.252, 8.123], "texture": "#0"}
			}
		},
		{
			"from": [9.10792, 18.71779, 7.706],
			"to": [9.31792, 18.92779, 8.336],
			"rotation": {"angle": -22.5, "axis": "z", "origin": [7.95292, 18.08779, 8.021]},
			"faces": {
				"north": {"uv": [6.5645, 7.8145, 6.623, 7.873], "texture": "#0"},
				"east": {"uv": [7.9395, 4.252, 8.123, 4.3105], "texture": "#0"},
				"south": {"uv": [0.502, 8.002, 0.5605, 8.0605], "texture": "#0"},
				"west": {"uv": [4.3145, 7.9395, 4.498, 7.998], "texture": "#0"},
				"up": {"uv": [4.748, 8.123, 4.6895, 7.9395], "texture": "#0"},
				"down": {"uv": [4.8105, 7.9395, 4.752, 8.123], "texture": "#0"}
			}
		},
		{
			"from": [7.13005, 15.93683, 7.706],
			"to": [7.55005, 16.56683, 8.336],
			"rotation": {"angle": 45, "axis": "z", "origin": [7.13005, 15.72683, 8.021]},
			"faces": {
				"north": {"uv": [1.752, 7.8145, 1.873, 7.998], "texture": "#0"},
				"east": {"uv": [3.252, 7.502, 3.4355, 7.6855], "texture": "#0"},
				"south": {"uv": [2.002, 7.8145, 2.123, 7.998], "texture": "#0"},
				"west": {"uv": [7.502, 3.377, 7.6855, 3.5605], "texture": "#0"},
				"up": {"uv": [2.4355, 7.998, 2.3145, 7.8145], "texture": "#0"},
				"down": {"uv": [2.5605, 7.8145, 2.4395, 7.998], "texture": "#0"}
			}
		},
		{
			"from": [6.52979, 12.87979, 7.70579],
			"to": [7.16021, 15.61021, 8.33621],
			"rotation": {"angle": 0, "axis": "y", "origin": [8, 13.09, 8]},
			"faces": {
				"north": {"uv": [5.4395, 5.5645, 5.623, 6.373], "texture": "#0"},
				"east": {"uv": [5.627, 2.877, 5.8105, 3.6855], "texture": "#0"},
				"south": {"uv": [5.627, 4.502, 5.8105, 5.3105], "texture": "#0"},
				"west": {"uv": [5.627, 5.3145, 5.8105, 6.123], "texture": "#0"},
				"up": {"uv": [3.623, 7.6855, 3.4395, 7.502], "texture": "#0"},
				"down": {"uv": [7.6855, 3.5645, 7.502, 3.748], "texture": "#0"}
			}
		},
		{
			"from": [6.94958, 11.61958, 7.70558],
			"to": [7.79042, 12.46042, 8.33642],
			"rotation": {"angle": -45, "axis": "z", "origin": [8, 13.09, 8]},
			"faces": {
				"north": {"uv": [6.752, 1.1895, 6.998, 1.4355], "texture": "#0"},
				"east": {"uv": [4.3145, 7.127, 4.498, 7.373], "texture": "#0"},
				"south": {"uv": [6.752, 1.4395, 6.998, 1.6855], "texture": "#0"},
				"west": {"uv": [4.502, 7.127, 4.6855, 7.373], "texture": "#0"},
				"up": {"uv": [1.0605, 7.373, 0.8145, 7.1895], "texture": "#0"},
				"down": {"uv": [1.3105, 7.1895, 1.0645, 7.373], "texture": "#0"}
			}
		},
		{
			"from": [8.20471, 18.50758, 7.81079],
			"to": [9.04513, 19.138, 8.23121],
			"rotation": {"angle": -22.5, "axis": "z", "origin": [7.95292, 18.08779, 8.021]},
			"faces": {
				"north": {"uv": [7.1895, 1.0645, 7.4355, 1.248], "texture": "#0"},
				"east": {"uv": [2.5645, 7.8145, 2.6855, 7.998], "texture": "#0"},
				"south": {"uv": [7.1895, 1.252, 7.4355, 1.4355], "texture": "#0"},
				"west": {"uv": [2.6895, 7.8145, 2.8105, 7.998], "texture": "#0"},
				"up": {"uv": [7.873, 2.3105, 7.627, 2.1895], "texture": "#0"},
				"down": {"uv": [7.873, 4.752, 7.627, 4.873], "texture": "#0"}
			}
		},
		{
			"from": [6.95487, 18.50758, 7.81079],
			"to": [7.79529, 19.138, 8.23121],
			"rotation": {"angle": 22.5, "axis": "z", "origin": [8.04708, 18.08779, 8.021]},
			"faces": {
				"north": {"uv": [7.1895, 2.0645, 7.4355, 2.248], "texture": "#0"},
				"east": {"uv": [2.8145, 7.8145, 2.9355, 7.998], "texture": "#0"},
				"south": {"uv": [7.1895, 2.252, 7.4355, 2.4355], "texture": "#0"},
				"west": {"uv": [2.9395, 7.8145, 3.0605, 7.998], "texture": "#0"},
				"up": {"uv": [7.873, 5.623, 7.627, 5.502], "texture": "#0"},
				"down": {"uv": [7.873, 5.627, 7.627, 5.748], "texture": "#0"}
			}
		},
		{
			"from": [8.58292, 18.50779, 7.811],
			"to": [9.00292, 20.60779, 8.231],
			"rotation": {"angle": 0, "axis": "y", "origin": [7.95292, 18.08779, 8.021]},
			"faces": {
				"north": {"uv": [3.0645, 6.4395, 3.1855, 7.0605], "texture": "#0"},
				"east": {"uv": [3.1895, 6.4395, 3.3105, 7.0605], "texture": "#0"},
				"south": {"uv": [3.3145, 6.4395, 3.4355, 7.0605], "texture": "#0"},
				"west": {"uv": [3.4395, 6.4395, 3.5605, 7.0605], "texture": "#0"},
				"up": {"uv": [7.998, 5.623, 7.877, 5.502], "texture": "#0"},
				"down": {"uv": [7.998, 5.627, 7.877, 5.748], "texture": "#0"}
			}
		},
		{
			"from": [8.16292, 19.97779, 7.811],
			"to": [8.58292, 23.12779, 8.231],
			"rotation": {"angle": 0, "axis": "y", "origin": [7.95292, 18.08779, 8.021]},
			"faces": {
				"north": {"uv": [5.9395, 2.9395, 6.0605, 3.873], "texture": "#0"},
				"east": {"uv": [5.9395, 3.877, 6.0605, 4.8105], "texture": "#0"},
				"south": {"uv": [0.9395, 6.002, 1.0605, 6.9355], "texture": "#0"},
				"west": {"uv": [1.0645, 6.002, 1.1855, 6.9355], "texture": "#0"},
				"up": {"uv": [5.8105, 7.998, 5.6895, 7.877], "texture": "#0"},
				"down": {"uv": [7.998, 5.752, 7.877, 5.873], "texture": "#0"}
			}
		},
		{
			"from": [7.41708, 19.97779, 7.811],
			"to": [7.83708, 23.12779, 8.231],
			"rotation": {"angle": 0, "axis": "y", "origin": [8.04708, 18.08779, 8.021]},
			"faces": {
				"north": {"uv": [1.1895, 6.002, 1.3105, 6.9355], "texture": "#0"},
				"east": {"uv": [1.3145, 6.002, 1.4355, 6.9355], "texture": "#0"},
				"south": {"uv": [1.4395, 6.002, 1.5605, 6.9355], "texture": "#0"},
				"west": {"uv": [1.5645, 6.002, 1.6855, 6.9355], "texture": "#0"},
				"up": {"uv": [5.9355, 7.998, 5.8145, 7.877], "texture": "#0"},
				"down": {"uv": [6.0605, 7.877, 5.9395, 7.998], "texture": "#0"}
			}
		},
		{
			"from": [7.20687, 23.12758, 7.81079],
			"to": [7.62729, 24.178, 8.23121],
			"rotation": {"angle": 0, "axis": "y", "origin": [8.04708, 16.82779, 8.021]},
			"faces": {
				"north": {"uv": [7.252, 0.627, 7.373, 0.9355], "texture": "#0"},
				"east": {"uv": [7.252, 1.5645, 7.373, 1.873], "texture": "#0"},
				"south": {"uv": [4.6895, 7.252, 4.8105, 7.5605], "texture": "#0"},
				"west": {"uv": [4.8145, 7.252, 4.9355, 7.5605], "texture": "#0"},
				"up": {"uv": [6.1855, 7.998, 6.0645, 7.877], "texture": "#0"},
				"down": {"uv": [6.3105, 7.877, 6.1895, 7.998], "texture": "#0"}
			}
		},
		{
			"from": [7.37, 23.75779, 7.811],
			"to": [8.63, 25.22779, 8.231],
			"rotation": {"angle": 0, "axis": "y", "origin": [8, 16.82779, 8.021]},
			"faces": {
				"north": {"uv": [2.3145, 5.377, 2.6855, 5.8105], "texture": "#0"},
				"east": {"uv": [0.3145, 6.877, 0.4355, 7.3105], "texture": "#0"},
				"south": {"uv": [5.377, 2.4395, 5.748, 2.873], "texture": "#0"},
				"west": {"uv": [3.9395, 6.877, 4.0605, 7.3105], "texture": "#0"},
				"up": {"uv": [7.373, 0.248, 7.002, 0.127], "texture": "#0"},
				"down": {"uv": [7.4355, 4.877, 7.0645, 4.998], "texture": "#0"}
			}
		},
		{
			"from": [7.58, 25.22779, 7.811],
			"to": [8.42, 26.48779, 8.231],
			"rotation": {"angle": 0, "axis": "y", "origin": [8, 16.82779, 8.021]},
			"faces": {
				"north": {"uv": [6.252, 3.3145, 6.498, 3.6855], "texture": "#0"},
				"east": {"uv": [5.502, 7.002, 5.623, 7.373], "texture": "#0"},
				"south": {"uv": [6.252, 3.6895, 6.498, 4.0605], "texture": "#0"},
				"west": {"uv": [5.877, 7.0645, 5.998, 7.4355], "texture": "#0"},
				"up": {"uv": [5.998, 7.748, 5.752, 7.627], "texture": "#0"},
				"down": {"uv": [7.873, 5.752, 7.627, 5.873], "texture": "#0"}
			}
		},
		{
			"from": [7.79, 26.48779, 7.811],
			"to": [8.21, 26.90779, 8.231],
			"rotation": {"angle": 0, "axis": "y", "origin": [8, 16.82779, 8.021]},
			"faces": {
				"north": {"uv": [6.3145, 7.877, 6.4355, 7.998], "texture": "#0"},
				"east": {"uv": [6.5645, 7.877, 6.6855, 7.998], "texture": "#0"},
				"south": {"uv": [6.6895, 7.877, 6.8105, 7.998], "texture": "#0"},
				"west": {"uv": [7.877, 6.9395, 7.998, 7.0605], "texture": "#0"},
				"up": {"uv": [7.4355, 7.998, 7.3145, 7.877], "texture": "#0"},
				"down": {"uv": [7.998, 7.5645, 7.877, 7.6855], "texture": "#0"}
			}
		},
		{
			"from": [8.37271, 23.12758, 7.81079],
			"to": [8.79313, 24.178, 8.23121],
			"rotation": {"angle": 0, "axis": "y", "origin": [7.95292, 16.82779, 8.021]},
			"faces": {
				"north": {"uv": [4.9395, 7.252, 5.0605, 7.5605], "texture": "#0"},
				"east": {"uv": [5.0645, 7.252, 5.1855, 7.5605], "texture": "#0"},
				"south": {"uv": [5.1895, 7.252, 5.3105, 7.5605], "texture": "#0"},
				"west": {"uv": [7.252, 5.252, 7.373, 5.5605], "texture": "#0"},
				"up": {"uv": [7.998, 7.8105, 7.877, 7.6895], "texture": "#0"},
				"down": {"uv": [7.998, 7.8145, 7.877, 7.9355], "texture": "#0"}
			}
		},
		{
			"from": [6.99708, 18.50779, 7.811],
			"to": [7.41708, 20.60779, 8.231],
			"rotation": {"angle": 0, "axis": "y", "origin": [8.04708, 18.08779, 8.021]},
			"faces": {
				"north": {"uv": [3.5645, 6.4395, 3.6855, 7.0605], "texture": "#0"},
				"east": {"uv": [3.6895, 6.4395, 3.8105, 7.0605], "texture": "#0"},
				"south": {"uv": [6.4395, 5.252, 6.5605, 5.873], "texture": "#0"},
				"west": {"uv": [5.877, 6.4395, 5.998, 7.0605], "texture": "#0"},
				"up": {"uv": [8.0605, 0.123, 7.9395, 0.002], "texture": "#0"},
				"down": {"uv": [8.0605, 0.377, 7.9395, 0.498], "texture": "#0"}
			}
		},
		{
			"from": [5.69, 11.41, 7.937],
			"to": [10.31, 18.13, 8.063],
			"rotation": {"angle": 0, "axis": "y", "origin": [5.69, 3.22, 8.063]},
			"faces": {
				"north": {"uv": [0.002, 0.002, 1.373, 1.998], "texture": "#0"},
				"east": {"uv": [0.877, 4.8145, 0.9355, 6.8105], "texture": "#0"},
				"south": {"uv": [1.377, 0.002, 2.748, 1.998], "texture": "#0"},
				"west": {"uv": [2.3145, 5.8145, 2.373, 7.8105], "texture": "#0"},
				"up": {"uv": [7.498, 0.4355, 6.127, 0.377], "texture": "#0"},
				"down": {"uv": [7.498, 0.4395, 6.127, 0.498], "texture": "#0"}
			}
		},
		{
			"from": [6.11, 18.13, 7.937],
			"to": [9.89, 24.85, 8.063],
			"rotation": {"angle": 0, "axis": "y", "origin": [5.69, 9.94, 8.063]},
			"faces": {
				"north": {"uv": [0.002, 2.002, 1.123, 3.998], "texture": "#0"},
				"east": {"uv": [2.377, 5.8145, 2.4355, 7.8105], "texture": "#0"},
				"south": {"uv": [1.127, 2.002, 2.248, 3.998], "texture": "#0"},
				"west": {"uv": [2.4395, 5.8145, 2.498, 7.8105], "texture": "#0"},
				"up": {"uv": [7.4355, 2.748, 6.3145, 2.6895], "texture": "#0"},
				"down": {"uv": [7.623, 0.502, 6.502, 0.5605], "texture": "#0"}
			}
		},
		{
			"from": [6.32, 24.85, 7.937],
			"to": [9.68, 29.47, 8.063],
			"rotation": {"angle": 0, "axis": "y", "origin": [5.69, 16.87, 8.063]},
			"faces": {
				"north": {"uv": [2.252, 2.002, 3.248, 3.373], "texture": "#0"},
				"east": {"uv": [2.002, 6.002, 2.0605, 7.373], "texture": "#0"},
				"south": {"uv": [2.752, 0.002, 3.748, 1.373], "texture": "#0"},
				"west": {"uv": [0.5645, 6.0645, 0.623, 7.4355], "texture": "#0"},
				"up": {"uv": [7.498, 0.623, 6.502, 0.5645], "texture": "#0"},
				"down": {"uv": [7.623, 2.877, 6.627, 2.9355], "texture": "#0"}
			}
		},
		{
			"from": [6.80588, 28.86398, 7.937],
			"to": [9.17888, 31.23698, 8.063],
			"rotation": {"angle": 45, "axis": "z", "origin": [8.69588, 29.76698, 8]},
			"faces": {
				"north": {"uv": [4.6895, 4.5645, 5.373, 5.248], "texture": "#0"},
				"east": {"uv": [6.252, 6.8145, 6.3105, 7.498], "texture": "#0"},
				"south": {"uv": [4.752, 3.252, 5.4355, 3.9355], "texture": "#0"},
				"west": {"uv": [1.877, 7.0645, 1.9355, 7.748], "texture": "#0"},
				"up": {"uv": [7.623, 4.3105, 6.9395, 4.252], "texture": "#0"},
				"down": {"uv": [7.8105, 2.752, 7.127, 2.8105], "texture": "#0"}
			}
		},
		{
			"from": [5.27, 9.1, 7.937],
			"to": [10.73, 11.41, 8.063],
			"rotation": {"angle": 0, "axis": "y", "origin": [5.27, 1.12, 8.063]},
			"faces": {
				"north": {"uv": [3.752, 0.002, 5.373, 0.6855], "texture": "#0"},
				"east": {"uv": [3.752, 7.0645, 3.8105, 7.748], "texture": "#0"},
				"south": {"uv": [3.752, 0.6895, 5.373, 1.373], "texture": "#0"},
				"west": {"uv": [1.502, 7.127, 1.5605, 7.8105], "texture": "#0"},
				"up": {"uv": [7.248, 0.6855, 5.627, 0.627], "texture": "#0"},
				"down": {"uv": [7.6855, 4.4395, 6.0645, 4.498], "texture": "#0"}
			}
		},
		{
			"from": [6.53, 6.16, 7.748],
			"to": [6.95, 6.79, 8.252],
			"rotation": {"angle": 45, "axis": "z", "origin": [6.74, 6.37, 8]},
			"faces": {
				"north": {"uv": [1.252, 8.002, 1.373, 8.1855], "texture": "#0"},
				"east": {"uv": [0.5645, 8.002, 0.748, 8.1855], "texture": "#0"},
				"south": {"uv": [8.002, 1.3145, 8.123, 1.498], "texture": "#0"},
				"west": {"uv": [0.752, 8.002, 0.9355, 8.1855], "texture": "#0"},
				"up": {"uv": [1.498, 8.1855, 1.377, 8.002], "texture": "#0"},
				"down": {"uv": [1.748, 8.002, 1.627, 8.1855], "texture": "#0"}
			}
		},
		{
			"from": [6.383, 6.223, 7.811],
			"to": [6.677, 6.727, 8.189],
			"rotation": {"angle": 45, "axis": "z", "origin": [6.74, 6.37, 8]},
			"faces": {
				"north": {"uv": [1.752, 8.002, 1.873, 8.1855], "texture": "#0"},
				"east": {"uv": [0.9395, 8.002, 1.123, 8.1855], "texture": "#0"},
				"south": {"uv": [8.002, 1.752, 8.123, 1.9355], "texture": "#0"},
				"west": {"uv": [8.002, 0.9395, 8.1855, 1.123], "texture": "#0"},
				"up": {"uv": [2.123, 8.1855, 2.002, 8.002], "texture": "#0"},
				"down": {"uv": [8.123, 2.1895, 8.002, 2.373], "texture": "#0"}
			}
		}
	],
	"gui_light": "front",
	"display": {
		"thirdperson_righthand": {
			"rotation": [0, 90, 0],
			"translation": [0, 4, 1.5],
			"scale": [1.3, 1.3, 1.3]
		},
		"thirdperson_lefthand": {
			"rotation": [0, -90, 0],
			"translation": [0, 4, 1.5],
			"scale": [1.3, 1.3, 1.3]
		},
		"firstperson_righthand": {
			"rotation": [0, 90, 0],
			"translation": [-0.5, 3, 1.75],
			"scale": [0.7, 0.7, 0.7]
		},
		"firstperson_lefthand": {
			"rotation": [0, -90, 0],
			"translation": [-0.5, 3, 1.75],
			"scale": [0.7, 0.7, 0.7]
		},
		"ground": {
			"translation": [0, 2, 0],
			"scale": [0.5, 0.5, 0.5]
		},
		"gui": {
			"rotation": [0, 0, -44],
			"translation": [-3.75, -3.75, 0],
			"scale": [0.65, 0.65, 0.65]
		},
		"head": {
			"translation": [0, 13.75, 0]
		},
		"fixed": {
			"translation": [0, -5.75, 0],
			"scale": [0.7, 0.7, 0.7]
		}
	},
	"groups": [
		{
			"name": "sword",
			"origin": [8, 0, 8],
			"color": 0,
			"children": [
				{
					"name": "handle",
					"origin": [8, 1.96, 8],
					"color": 0,
					"children": [0, 1, 2, 3, 4, 5]
				},
				{
					"name": "handle_tip",
					"origin": [8, 1.54, 8],
					"color": 0,
					"children": [6, 7, 8, 9, 10, 11, 12]
				},
				{
					"name": "sigil",
					"origin": [8, 1.96, 8],
					"color": 2,
					"children": [13, 14]
				},
				{
					"name": "white_blade_part",
					"origin": [8, 1.96, 8.105],
					"color": 9,
					"children": [15, 16, 17, 18, 19, 20, 21, 22, 23, 24, 25, 26, 27, 28, 29, 30, 31, 32, 33, 34, 35]
				},
				{
					"name": "black_center_part",
					"origin": [8, 1.96, 8],
					"color": 5,
					"children": [36, 37, 38, 39, 40, 41, 42, 43, 44, 45, 46, 47, 48, 49, 50, 51, 52, 53, 54, 55, 56, 57]
				},
				{
					"name": "gray_blade_part",
					"origin": [8.21, 1.96, 8],
					"color": 4,
					"children": [58, 59, 60, 61, 62, 63, 64, 65, 66, 67, 68, 69, 70, 71, 72, 73, 74, 75, 76]
				},
				{
					"name": "red_blade",
					"origin": [8, 1.96, 8],
					"color": 3,
					"children": [77, 78, 79, 80, 81, 82, 83, 84, 85, 86, 87, 88, 89, 90, 91, 92, 93, 94, 95, 96, 97, 98, 99, 100, 101, 102]
				},
				{
					"name": "a",
					"origin": [8, 1.96, 8],
					"color": 0,
					"children": [103, 104, 105, 106, 107, 108, 109, 110, 111, 112, 113, 114, 115, 116, 117, 118, 119, 120]
				},
				{
					"name": "gray_blade_part_top",
					"origin": [8.04708, 18.92779, 8.021],
					"color": 0,
					"children": [121, 122, 123, 124, 125, 126, 127, 128, 129, 130, 131]
				},
				{
					"name": "white_blade",
					"origin": [5.69, 3.22, 8.063],
					"color": 9,
					"children": [132, 133, 134, 135, 136]
				},
				{
					"name": "bone",
					"origin": [8, 9.1, 8],
					"color": 0,
					"children": [137, 138]
				}
			]
		}
	]
}