{
	"credit": "Made with Blockbench",
	"texture_size": [64, 64],
	"textures": {
		"0": "holocraft:item/tomato_unsheathed",
		"particle": "holocraft:item/tomato_unsheathed"
	},
	"elements": [
		{
			"from": [6.53, 18.08, 7.16],
			"to": [9.47, 18.5, 8.84],
			"rotation": {"angle": 0, "axis": "y", "origin": [8.21, 18.08, 8]},
			"faces": {
				"north": {"uv": [5, 1, 6.75, 1.25], "texture": "#0"},
				"east": {"uv": [4, 1, 5, 1.25], "texture": "#0"},
				"south": {"uv": [7.75, 1, 9.5, 1.25], "texture": "#0"},
				"west": {"uv": [6.75, 1, 7.75, 1.25], "texture": "#0"},
				"up": {"uv": [6.75, 1, 5, 0], "texture": "#0"},
				"down": {"uv": [8.5, 0, 6.75, 1], "texture": "#0"}
			}
		},
		{
			"from": [7.16, 17.87, 7.16],
			"to": [8.84, 18.71, 8.84],
			"rotation": {"angle": -45, "axis": "y", "origin": [8, 18.29, 8]},
			"faces": {
				"north": {"uv": [7.5, 2.25, 8.5, 2.75], "texture": "#0"},
				"east": {"uv": [6.5, 2.25, 7.5, 2.75], "texture": "#0"},
				"south": {"uv": [9.5, 2.25, 10.5, 2.75], "texture": "#0"},
				"west": {"uv": [8.5, 2.25, 9.5, 2.75], "texture": "#0"},
				"up": {"uv": [8.5, 2.25, 7.5, 1.25], "texture": "#0"},
				"down": {"uv": [9.5, 1.25, 8.5, 2.25], "texture": "#0"}
			}
		},
		{
			"from": [6.95, 18.08, 6.95],
			"to": [9.05, 18.5, 9.05],
			"rotation": {"angle": -45, "axis": "y", "origin": [8, 18.29, 8]},
			"faces": {
				"north": {"uv": [5.25, 6.75, 6.5, 7], "texture": "#0"},
				"east": {"uv": [4, 6.75, 5.25, 7], "texture": "#0"},
				"south": {"uv": [7.75, 6.75, 9, 7], "texture": "#0"},
				"west": {"uv": [6.5, 6.75, 7.75, 7], "texture": "#0"},
				"up": {"uv": [6.5, 6.75, 5.25, 5.5], "texture": "#0"},
				"down": {"uv": [7.75, 5.5, 6.5, 6.75], "texture": "#0"}
			}
		},
		{
			"from": [7.328, 17.618, 7.538],
			"to": [8.672, 18.962, 8.462],
			"rotation": {"angle": 0, "axis": "y", "origin": [7.79, 18.08, 8]},
			"faces": {
				"north": {"uv": [6.5, 9, 7.25, 9.75], "texture": "#0"},
				"east": {"uv": [6, 9, 6.5, 9.75], "texture": "#0"},
				"south": {"uv": [7.75, 9, 8.5, 9.75], "texture": "#0"},
				"west": {"uv": [7.25, 9, 7.75, 9.75], "texture": "#0"},
				"up": {"uv": [7.25, 9, 6.5, 8.5], "texture": "#0"},
				"down": {"uv": [8, 8.5, 7.25, 9], "texture": "#0"}
			}
		},
		{
			"from": [7.37, 18.5, 7.58],
			"to": [8.63, 24.8, 8.42],
			"rotation": {"angle": 0, "axis": "y", "origin": [7.79, 18.08, 8]},
			"faces": {
				"north": {"uv": [4.5, 1.75, 5.25, 5.5], "texture": "#0"},
				"east": {"uv": [4, 1.75, 4.5, 5.5], "texture": "#0"},
				"south": {"uv": [5.75, 1.75, 6.5, 5.5], "texture": "#0"},
				"west": {"uv": [5.25, 1.75, 5.75, 5.5], "texture": "#0"},
				"up": {"uv": [5.25, 1.75, 4.5, 1.25], "texture": "#0"},
				"down": {"uv": [6, 1.25, 5.25, 1.75], "texture": "#0"}
			}
		},
		{
			"from": [7.748, 18.038, 7.118],
			"to": [9.512, 18.542, 8.882],
			"rotation": {"angle": -45, "axis": "y", "origin": [8.63, 18.5, 8]},
			"faces": {
				"north": {"uv": [7.5, 3.75, 8.5, 4], "texture": "#0"},
				"east": {"uv": [6.5, 3.75, 7.5, 4], "texture": "#0"},
				"south": {"uv": [9.5, 3.75, 10.5, 4], "texture": "#0"},
				"west": {"uv": [8.5, 3.75, 9.5, 4], "texture": "#0"},
				"up": {"uv": [8.5, 3.75, 7.5, 2.75], "texture": "#0"},
				"down": {"uv": [9.5, 2.75, 8.5, 3.75], "texture": "#0"}
			}
		},
		{
			"from": [6.488, 18.038, 7.118],
			"to": [8.252, 18.542, 8.882],
			"rotation": {"angle": -45, "axis": "y", "origin": [7.37, 18.5, 8]},
			"faces": {
				"north": {"uv": [7.5, 5, 8.5, 5.25], "texture": "#0"},
				"east": {"uv": [6.5, 5, 7.5, 5.25], "texture": "#0"},
				"south": {"uv": [9.5, 5, 10.5, 5.25], "texture": "#0"},
				"west": {"uv": [8.5, 5, 9.5, 5.25], "texture": "#0"},
				"up": {"uv": [8.5, 5, 7.5, 4], "texture": "#0"},
				"down": {"uv": [9.5, 4, 8.5, 5], "texture": "#0"}
			}
		},
		{
			"from": [7.58, 24.8, 7.58],
			"to": [8.42, 27.32, 8.42],
			"rotation": {"angle": 0, "axis": "y", "origin": [8, 24.8, 8]},
			"faces": {
				"north": {"uv": [4.5, 9, 5, 10.5], "texture": "#0"},
				"east": {"uv": [4, 9, 4.5, 10.5], "texture": "#0"},
				"south": {"uv": [5.5, 9, 6, 10.5], "texture": "#0"},
				"west": {"uv": [5, 9, 5.5, 10.5], "texture": "#0"},
				"up": {"uv": [5, 9, 4.5, 8.5], "texture": "#0"},
				"down": {"uv": [5.5, 8.5, 5, 9], "texture": "#0"}
			}
		},
		{
			"from": [7.16, 24.8, 8],
			"to": [8, 26.9, 8.84],
			"rotation": {"angle": 0, "axis": "y", "origin": [7.58, 24.8, 8.42]},
			"faces": {
				"north": {"uv": [9, 9, 9.5, 10.25], "texture": "#0"},
				"east": {"uv": [8.5, 9, 9, 10.25], "texture": "#0"},
				"south": {"uv": [10, 9, 10.5, 10.25], "texture": "#0"},
				"west": {"uv": [9.5, 9, 10, 10.25], "texture": "#0"},
				"up": {"uv": [9.5, 9, 9, 8.5], "texture": "#0"},
				"down": {"uv": [10, 8.5, 9.5, 9], "texture": "#0"}
			}
		},
		{
			"from": [7.5758, 24.3758, 7.1558],
			"to": [8.8442, 25.6442, 8.4242],
			"rotation": {"angle": 0, "axis": "y", "origin": [8.42, 24.8, 7.58]},
			"faces": {
				"north": {"uv": [4.75, 7.75, 5.5, 8.5], "texture": "#0"},
				"east": {"uv": [4, 7.75, 4.75, 8.5], "texture": "#0"},
				"south": {"uv": [6.25, 7.75, 7, 8.5], "texture": "#0"},
				"west": {"uv": [5.5, 7.75, 6.25, 8.5], "texture": "#0"},
				"up": {"uv": [5.5, 7.75, 4.75, 7], "texture": "#0"},
				"down": {"uv": [6.25, 7, 5.5, 7.75], "texture": "#0"}
			}
		},
		{
			"from": [7.832, 25.472, 7.412],
			"to": [8.588, 26.648, 8.168],
			"rotation": {"angle": 0, "axis": "y", "origin": [8.42, 26.06, 7.58]},
			"faces": {
				"north": {"uv": [2.75, 10.5, 3, 11], "texture": "#0"},
				"east": {"uv": [2.5, 10.5, 2.75, 11], "texture": "#0"},
				"south": {"uv": [3.25, 10.5, 3.5, 11], "texture": "#0"},
				"west": {"uv": [3, 10.5, 3.25, 11], "texture": "#0"},
				"up": {"uv": [3, 10.5, 2.75, 10.25], "texture": "#0"},
				"down": {"uv": [3.25, 10.25, 3, 10.5], "texture": "#0"}
			}
		},
		{
			"from": [7.664, 24.464, 8.084],
			"to": [8.756, 25.556, 8.756],
			"rotation": {"angle": 0, "axis": "y", "origin": [8.42, 24.8, 8.42]},
			"faces": {
				"north": {"uv": [10, 0.5, 10.75, 1.25], "texture": "#0"},
				"east": {"uv": [9.5, 0.5, 10, 1.25], "texture": "#0"},
				"south": {"uv": [11.25, 0.5, 12, 1.25], "texture": "#0"},
				"west": {"uv": [10.75, 0.5, 11.25, 1.25], "texture": "#0"},
				"up": {"uv": [10.75, 0.5, 10, 0], "texture": "#0"},
				"down": {"uv": [11.5, 0, 10.75, 0.5], "texture": "#0"}
			}
		},
		{
			"from": [7.034, 24.674, 7.454],
			"to": [8.546, 26.186, 8.546],
			"rotation": {"angle": 0, "axis": "y", "origin": [8, 24.8, 8]},
			"faces": {
				"north": {"uv": [9.5, 5.75, 10.25, 6.5], "texture": "#0"},
				"east": {"uv": [9, 5.75, 9.5, 6.5], "texture": "#0"},
				"south": {"uv": [10.75, 5.75, 11.5, 6.5], "texture": "#0"},
				"west": {"uv": [10.25, 5.75, 10.75, 6.5], "texture": "#0"},
				"up": {"uv": [10.25, 5.75, 9.5, 5.25], "texture": "#0"},
				"down": {"uv": [11, 5.25, 10.25, 5.75], "texture": "#0"}
			}
		},
		{
			"from": [7.496, 0.44, 8],
			"to": [8.504, 17.66, 8],
			"rotation": {"angle": 0, "axis": "y", "origin": [7.79, 0.02, 8]},
			"faces": {
				"north": {"uv": [2.5, 0, 3.25, 10.25], "texture": "#0"},
				"east": {"uv": [2.5, 0, 2.5, 10.25], "texture": "#0"},
				"south": {"uv": [3.25, 0, 4, 10.25], "texture": "#0"},
				"west": {"uv": [3.25, 0, 3.25, 10.25], "texture": "#0"},
				"up": {"uv": [3.25, 0, 2.5, 0], "texture": "#0"},
				"down": {"uv": [4, 0, 3.25, 0], "texture": "#0"}
			}
		}
	],
	"gui_light": "front",
	"display": {
		"thirdperson_righthand": {
			"rotation": [180, 90, 0],
			"translation": [0, 11.75, 1.5]
		},
		"thirdperson_lefthand": {
			"rotation": [180, -90, 0],
			"translation": [0, 11.75, 1.5]
		},
		"firstperson_righthand": {
			"rotation": [174, 90, 0],
			"translation": [-3.25, 13, 3.75],
			"scale": [0.8, 0.8, 0.8]
		},
		"firstperson_lefthand": {
			"rotation": [174, -90, 0],
			"translation": [-3.25, 13, 3.75],
			"scale": [0.8, 0.8, 0.8]
		},
		"ground": {
			"rotation": [180, 0, 0],
			"translation": [0, 15.75, 0]
		},
		"gui": {
			"rotation": [14.36, 40.43, 122.9],
			"translation": [3.25, 3.25, 0],
			"scale": [0.8, 0.8, 0.8]
		},
		"head": {
			"translation": [0, -9.75, -0.75],
			"scale": [2, 2, 2]
		},
		"fixed": {
			"translation": [0, -5, 0]
		}
	},
	"groups": [
		{
			"name": "tomato",
			"origin": [8, 10.1, 8],
			"color": 0,
			"children": [
				{
					"name": "sword",
					"origin": [8, 22.28, 8],
					"color": 0,
					"children": [
						{
							"name": "hilt",
							"origin": [8, 0.86, 8],
							"color": 4,
							"children": [
								0,
								1,
								2,
								3,
								4,
								5,
								6,
								7,
								8,
								9,
								10,
								11,
								12,
								{
									"name": "blade",
									"origin": [8, 0.02, 8],
									"color": 0,
									"children": [13]
								}
							]
						}
					]
				}
			]
		}
	]
}