{
	"credit": "Made with Blockbench",
	"texture_size": [32, 32],
	"textures": {
		"0": "holocraft:item/totem_of_pebble",
		"particle": "holocraft:item/totem_of_pebble"
	},
	"elements": [
		{
			"from": [6.8, 0, 6.80145],
			"to": [9.2, 1.8, 9.20145],
			"rotation": {"angle": 0, "axis": "y", "origin": [8, -0.3, 8.00145]},
			"faces": {
				"north": {"uv": [4, 4, 8, 7], "texture": "#0"},
				"east": {"uv": [0, 4, 4, 7], "texture": "#0"},
				"south": {"uv": [12, 4, 16, 7], "texture": "#0"},
				"west": {"uv": [8, 4, 12, 7], "texture": "#0"},
				"up": {"uv": [8, 4, 4, 0], "texture": "#0"},
				"down": {"uv": [12, 0, 8, 4], "texture": "#0"}
			}
		},
		{
			"from": [7.1, 1.8, 7.10145],
			"to": [8.9, 2.1, 8.90145],
			"rotation": {"angle": 0, "axis": "y", "origin": [8, -0.3, 8.00145]},
			"faces": {
				"north": {"uv": [3, 10, 6, 10.5], "texture": "#0"},
				"east": {"uv": [0, 10, 3, 10.5], "texture": "#0"},
				"south": {"uv": [9, 10, 12, 10.5], "texture": "#0"},
				"west": {"uv": [6, 10, 9, 10.5], "texture": "#0"},
				"up": {"uv": [6, 10, 3, 7], "texture": "#0"},
				"down": {"uv": [9, 7, 6, 10], "texture": "#0"}
			}
		},
		{
			"from": [7.685, 1.24989, 6.71006],
			"to": [8.315, 1.87989, 7.13006],
			"rotation": {"angle": 45, "axis": "z", "origin": [8, 1.56489, 6.83606]},
			"faces": {
				"north": {"uv": [1, 11.5, 2.5, 13], "texture": "#0"},
				"east": {"uv": [0, 11.5, 1, 13], "texture": "#0"},
				"south": {"uv": [3.5, 11.5, 5, 13], "texture": "#0"},
				"west": {"uv": [2.5, 11.5, 3.5, 13], "texture": "#0"},
				"up": {"uv": [2.5, 11.5, 1, 10.5], "texture": "#0"},
				"down": {"uv": [4, 10.5, 2.5, 11.5], "texture": "#0"}
			}
		},
		{
			"from": [7.769, 1.33389, 6.62606],
			"to": [8.231, 1.79589, 6.87806],
			"rotation": {"angle": 45, "axis": "z", "origin": [8, 1.56489, 6.83606]},
			"faces": {
				"north": {"uv": [6, 11.5, 7.5, 13], "texture": "#0"},
				"east": {"uv": [5, 11.5, 6, 13], "texture": "#0"},
				"south": {"uv": [8.5, 11.5, 10, 13], "texture": "#0"},
				"west": {"uv": [7.5, 11.5, 8.5, 13], "texture": "#0"},
				"up": {"uv": [7.5, 11.5, 6, 10.5], "texture": "#0"},
				"down": {"uv": [9, 10.5, 7.5, 11.5], "texture": "#0"}
			}
		},
		{
			"from": [8.36, 0.72, 6.77145],
			"to": [8.84, 1.2, 6.95145],
			"rotation": {"angle": 0, "axis": "y", "origin": [8.6, 0.66, 6.71145]},
			"faces": {
				"north": {"uv": [12.5, 7.5, 13.5, 8.5], "texture": "#0"},
				"east": {"uv": [12, 7.5, 12.5, 8.5], "texture": "#0"},
				"south": {"uv": [14, 7.5, 15, 8.5], "texture": "#0"},
				"west": {"uv": [13.5, 7.5, 14, 8.5], "texture": "#0"},
				"up": {"uv": [13.5, 7.5, 12.5, 7], "texture": "#0"},
				"down": {"uv": [14.5, 7, 13.5, 7.5], "texture": "#0"}
			}
		},
		{
			"from": [7.16, 0.72, 6.77145],
			"to": [7.64, 1.2, 6.95145],
			"rotation": {"angle": 0, "axis": "y", "origin": [7.4, 0.66, 6.71145]},
			"faces": {
				"north": {"uv": [12.5, 9, 13.5, 10], "texture": "#0"},
				"east": {"uv": [12, 9, 12.5, 10], "texture": "#0"},
				"south": {"uv": [14, 9, 15, 10], "texture": "#0"},
				"west": {"uv": [13.5, 9, 14, 10], "texture": "#0"},
				"up": {"uv": [13.5, 9, 12.5, 8.5], "texture": "#0"},
				"down": {"uv": [14.5, 8.5, 13.5, 9], "texture": "#0"}
			}
		},
		{
			"from": [7.19, 0.75, 6.74145],
			"to": [7.49, 1.05, 7.04145],
			"rotation": {"angle": 0, "axis": "y", "origin": [7.49, 0.75, 6.74145]},
			"faces": {
				"north": {"uv": [10.5, 12.5, 11, 13], "texture": "#0"},
				"east": {"uv": [10, 12.5, 10.5, 13], "texture": "#0"},
				"south": {"uv": [11.5, 12.5, 12, 13], "texture": "#0"},
				"west": {"uv": [11, 12.5, 11.5, 13], "texture": "#0"},
				"up": {"uv": [11, 12.5, 10.5, 12], "texture": "#0"},
				"down": {"uv": [11.5, 12, 11, 12.5], "texture": "#0"}
			}
		},
		{
			"from": [8.51, 0.75, 6.74145],
			"to": [8.81, 1.05, 7.04145],
			"rotation": {"angle": 0, "axis": "y", "origin": [8.51, 0.75, 6.74145]},
			"faces": {
				"north": {"uv": [12.5, 12.5, 13, 13], "texture": "#0"},
				"east": {"uv": [12, 12.5, 12.5, 13], "texture": "#0"},
				"south": {"uv": [13.5, 12.5, 14, 13], "texture": "#0"},
				"west": {"uv": [13, 12.5, 13.5, 13], "texture": "#0"},
				"up": {"uv": [13, 12.5, 12.5, 12], "texture": "#0"},
				"down": {"uv": [13.5, 12, 13, 12.5], "texture": "#0"}
			}
		},
		{
			"from": [7.77725, 0.471, 6.77445],
			"to": [8.22275, 0.768, 6.92295],
			"rotation": {"angle": 0, "axis": "y", "origin": [8.07425, 0.471, 6.92295]},
			"faces": {
				"north": {"uv": [10.5, 11, 12, 12], "texture": "#0"},
				"east": {"uv": [10, 11, 10.5, 12], "texture": "#0"},
				"south": {"uv": [12.5, 11, 14, 12], "texture": "#0"},
				"west": {"uv": [12, 11, 12.5, 12], "texture": "#0"},
				"up": {"uv": [12, 11, 10.5, 10.5], "texture": "#0"},
				"down": {"uv": [13.5, 10.5, 12, 11], "texture": "#0"}
			}
		}
	],
	"display": {
		"thirdperson_righthand": {
			"rotation": [0, 66, 0],
			"translation": [-0.75, 7, -0.25]
		},
		"thirdperson_lefthand": {
			"rotation": [0, 66, 0],
			"translation": [-0.75, 7, -0.25]
		},
		"firstperson_righthand": {
			"rotation": [169, 66, -180],
			"translation": [-0.5, 10, 0.5]
		},
		"firstperson_lefthand": {
			"rotation": [169, 66, -180],
			"translation": [-0.5, 10, 0.5]
		},
		"ground": {
			"translation": [0, 4.75, 0]
		},
		"gui": {
			"rotation": [-179.75, -16.5, -180],
			"translation": [0, 24.25, 0],
			"scale": [3.5, 3.5, 3.5]
		},
		"head": {
			"translation": [0, 18.5, -4.25],
			"scale": [1.5, 1.5, 1.5]
		},
		"fixed": {
			"translation": [0, 10.25, 0],
			"scale": [1.5, 1.5, 1.5]
		}
	},
	"groups": [
		{
			"name": "Pebble",
			"origin": [8, 0, 8],
			"color": 0,
			"children": [
				{
					"name": "Body",
					"origin": [11, 0, 11.00145],
					"color": 0,
					"children": [
						0,
						1,
						{
							"name": "bone2",
							"origin": [11.42734, 1.72383, 9.96555],
							"color": 0,
							"children": [2, 3]
						},
						{
							"name": "bone",
							"origin": [11.51, 0.75, 9.74145],
							"color": 0,
							"children": [4, 5, 6, 7]
						}
					]
				},
				8
			]
		}
	]
}