{
	"credit": "Made with Blockbench",
	"texture_size": [64, 64],
	"textures": {
		"0": "holocraft:item/totem_of_chattino",
		"particle": "holocraft:item/totem_of_chattino"
	},
	"elements": [
		{
			"from": [6.2, 4.3, 5.84],
			"to": [7.4, 6.1, 5.84],
			"rotation": {"angle": 0, "axis": "y", "origin": [8, 3.4, 8]},
			"faces": {
				"north": {"uv": [5, 10.5, 5.5, 11.25], "texture": "#0"},
				"east": {"uv": [5, 10.5, 5, 11.25], "texture": "#0"},
				"south": {"uv": [5.5, 10.5, 6, 11.25], "texture": "#0"},
				"west": {"uv": [5.5, 10.5, 5.5, 11.25], "texture": "#0"},
				"up": {"uv": [5.5, 10.5, 5, 10.5], "texture": "#0"},
				"down": {"uv": [6, 10.5, 5.5, 10.5], "texture": "#0"}
			}
		},
		{
			"from": [6.428, 5.428, 5.768],
			"to": [6.812, 5.812, 6.152],
			"rotation": {"angle": 0, "axis": "y", "origin": [8, 3.4, 8]},
			"faces": {
				"north": {"uv": [10.75, 4.25, 11, 4.5], "texture": "#0"},
				"east": {"uv": [10.5, 4.25, 10.75, 4.5], "texture": "#0"},
				"south": {"uv": [11.25, 4.25, 11.5, 4.5], "texture": "#0"},
				"west": {"uv": [11, 4.25, 11.25, 4.5], "texture": "#0"},
				"up": {"uv": [11, 4.25, 10.75, 4], "texture": "#0"},
				"down": {"uv": [11.25, 4, 11, 4.25], "texture": "#0"}
			}
		},
		{
			"from": [8.828, 5.428, 5.768],
			"to": [9.212, 5.812, 6.152],
			"rotation": {"angle": 0, "axis": "y", "origin": [8, 3.4, 8]},
			"faces": {
				"north": {"uv": [6.25, 10.75, 6.5, 11], "texture": "#0"},
				"east": {"uv": [6, 10.75, 6.25, 11], "texture": "#0"},
				"south": {"uv": [6.75, 10.75, 7, 11], "texture": "#0"},
				"west": {"uv": [6.5, 10.75, 6.75, 11], "texture": "#0"},
				"up": {"uv": [6.5, 10.75, 6.25, 10.5], "texture": "#0"},
				"down": {"uv": [6.75, 10.5, 6.5, 10.75], "texture": "#0"}
			}
		},
		{
			"from": [8.72, 4.42, 5.78],
			"to": [9.68, 5.98, 6.14],
			"rotation": {"angle": 0, "axis": "y", "origin": [8, 3.4, 8]},
			"faces": {
				"north": {"uv": [1.75, 10.5, 2.25, 11.25], "texture": "#0"},
				"east": {"uv": [1.5, 10.5, 1.75, 11.25], "texture": "#0"},
				"south": {"uv": [2.5, 10.5, 3, 11.25], "texture": "#0"},
				"west": {"uv": [2.25, 10.5, 2.5, 11.25], "texture": "#0"},
				"up": {"uv": [2.25, 10.5, 1.75, 10.25], "texture": "#0"},
				"down": {"uv": [2.75, 10.25, 2.25, 10.5], "texture": "#0"}
			}
		},
		{
			"from": [8.6, 4.3, 5.84],
			"to": [9.8, 6.1, 5.84],
			"rotation": {"angle": 0, "axis": "y", "origin": [8, 3.4, 8]},
			"faces": {
				"north": {"uv": [4, 10.5, 4.5, 11.25], "texture": "#0"},
				"east": {"uv": [4, 10.5, 4, 11.25], "texture": "#0"},
				"south": {"uv": [4.5, 10.5, 5, 11.25], "texture": "#0"},
				"west": {"uv": [4.5, 10.5, 4.5, 11.25], "texture": "#0"},
				"up": {"uv": [4.5, 10.5, 4, 10.5], "texture": "#0"},
				"down": {"uv": [5, 10.5, 4.5, 10.5], "texture": "#0"}
			}
		},
		{
			"from": [6.32, 4.42, 5.78],
			"to": [7.28, 5.98, 6.14],
			"rotation": {"angle": 0, "axis": "y", "origin": [8, 3.4, 8]},
			"faces": {
				"north": {"uv": [0.25, 10.5, 0.75, 11.25], "texture": "#0"},
				"east": {"uv": [0, 10.5, 0.25, 11.25], "texture": "#0"},
				"south": {"uv": [1, 10.5, 1.5, 11.25], "texture": "#0"},
				"west": {"uv": [0.75, 10.5, 1, 11.25], "texture": "#0"},
				"up": {"uv": [0.75, 10.5, 0.25, 10.25], "texture": "#0"},
				"down": {"uv": [1.25, 10.25, 0.75, 10.5], "texture": "#0"}
			}
		},
		{
			"from": [7.316, 3.7216, 5.8568],
			"to": [8.576, 4.1656, 5.8568],
			"rotation": {"angle": 0, "axis": "y", "origin": [8.576, 2.7796, 6.764]},
			"faces": {
				"north": {"uv": [3.008, 7.758, 4.242, 8.242], "texture": "#0"},
				"east": {"uv": [3.008, 7.758, 3.008, 8.242], "texture": "#0"},
				"south": {"uv": [4.258, 7.758, 5.492, 8.242], "texture": "#0"},
				"west": {"uv": [4.258, 7.758, 4.258, 8.242], "texture": "#0"},
				"up": {"uv": [4.242, 7.758, 3.008, 7.758], "texture": "#0"},
				"down": {"uv": [5.492, 7.758, 4.258, 7.758], "texture": "#0"}
			}
		},
		{
			"name": "bighead",
			"from": [5.6, 3.4, 5.9],
			"to": [10.4, 8.2, 10.1],
			"rotation": {"angle": 0, "axis": "y", "origin": [8, 3.4, 7.7]},
			"faces": {
				"north": {"uv": [1.758, 1.758, 3.742, 3.742], "texture": "#0"},
				"east": {"uv": [0.008, 1.758, 1.742, 3.742], "texture": "#0"},
				"south": {"uv": [5.508, 1.758, 7.492, 3.742], "texture": "#0"},
				"west": {"uv": [3.758, 1.758, 5.492, 3.742], "texture": "#0"},
				"up": {"uv": [3.742, 1.742, 1.758, 0.008], "texture": "#0"},
				"down": {"uv": [5.742, 0.008, 3.758, 1.742], "texture": "#0"}
			}
		},
		{
			"name": "bottombighead",
			"from": [6.2, 3.1, 6.5],
			"to": [9.8, 4.3, 9.5],
			"rotation": {"angle": 0, "axis": "y", "origin": [8, 2.8, 7.7]},
			"faces": {
				"north": {"uv": [1.258, 7.258, 2.742, 7.742], "texture": "#0"},
				"east": {"uv": [0.008, 7.258, 1.242, 7.742], "texture": "#0"},
				"south": {"uv": [4.008, 7.258, 5.492, 7.742], "texture": "#0"},
				"west": {"uv": [2.758, 7.258, 3.992, 7.742], "texture": "#0"},
				"up": {"uv": [2.742, 7.242, 1.258, 6.008], "texture": "#0"},
				"down": {"uv": [4.242, 6.008, 2.758, 7.242], "texture": "#0"}
			}
		},
		{
			"name": "tinyantennae",
			"from": [7.7, 7.6, 6.6],
			"to": [8.3, 8.8, 7.2],
			"rotation": {"angle": -22.5, "axis": "z", "origin": [8, 7.6, 6.6]},
			"faces": {
				"north": {"uv": [3.258, 10.758, 3.492, 11.242], "texture": "#0"},
				"east": {"uv": [3.008, 10.758, 3.242, 11.242], "texture": "#0"},
				"south": {"uv": [3.758, 10.758, 3.992, 11.242], "texture": "#0"},
				"west": {"uv": [3.508, 10.758, 3.742, 11.242], "texture": "#0"},
				"up": {"uv": [3.492, 10.742, 3.258, 10.508], "texture": "#0"},
				"down": {"uv": [3.742, 10.508, 3.508, 10.742], "texture": "#0"}
			}
		},
		{
			"name": "tinyantennae",
			"from": [7.71, 7.61, 6.61],
			"to": [8.29, 8.79, 7.19],
			"rotation": {"angle": 22.5, "axis": "z", "origin": [8, 7.6, 6.6]},
			"faces": {
				"north": {"uv": [10.758, 3.508, 10.992, 3.992], "texture": "#0"},
				"east": {"uv": [10.508, 3.508, 10.742, 3.992], "texture": "#0"},
				"south": {"uv": [11.258, 3.508, 11.492, 3.992], "texture": "#0"},
				"west": {"uv": [11.008, 3.508, 11.242, 3.992], "texture": "#0"},
				"up": {"uv": [10.992, 3.492, 10.758, 3.258], "texture": "#0"},
				"down": {"uv": [11.242, 3.258, 11.008, 3.492], "texture": "#0"}
			}
		},
		{
			"name": "earleft",
			"from": [4.94, 7, 7.7],
			"to": [7.94, 10.6, 9.5],
			"rotation": {"angle": 22.5, "axis": "z", "origin": [7.34, 8.2, 9.5]},
			"faces": {
				"north": {"uv": [6.258, 6.758, 7.492, 8.242], "texture": "#0"},
				"east": {"uv": [5.508, 6.758, 6.242, 8.242], "texture": "#0"},
				"south": {"uv": [8.258, 6.758, 9.492, 8.242], "texture": "#0"},
				"west": {"uv": [7.508, 6.758, 8.242, 8.242], "texture": "#0"},
				"up": {"uv": [7.492, 6.742, 6.258, 6.008], "texture": "#0"},
				"down": {"uv": [8.742, 6.008, 7.508, 6.742], "texture": "#0"}
			}
		},
		{
			"name": "earright",
			"from": [8.06, 7, 7.7],
			"to": [11.06, 10.6, 9.5],
			"rotation": {"angle": -22.5, "axis": "z", "origin": [8.66, 8.2, 9.5]},
			"faces": {
				"north": {"uv": [8.258, 0.758, 9.492, 2.242], "texture": "#0"},
				"east": {"uv": [7.508, 0.758, 8.242, 2.242], "texture": "#0"},
				"south": {"uv": [10.258, 0.758, 11.492, 2.242], "texture": "#0"},
				"west": {"uv": [9.508, 0.758, 10.242, 2.242], "texture": "#0"},
				"up": {"uv": [9.492, 0.742, 8.258, 0.008], "texture": "#0"},
				"down": {"uv": [10.742, 0.008, 9.508, 0.742], "texture": "#0"}
			}
		},
		{
			"name": "chubbyhead",
			"from": [5.006, 3.406, 6.506],
			"to": [10.994, 5.794, 9.494],
			"rotation": {"angle": 0, "axis": "y", "origin": [6.8, 3.4, 7.7]},
			"faces": {
				"north": {"uv": [1.258, 5.008, 3.742, 5.992], "texture": "#0"},
				"east": {"uv": [0.008, 5.008, 1.242, 5.992], "texture": "#0"},
				"south": {"uv": [5.008, 5.008, 7.492, 5.992], "texture": "#0"},
				"west": {"uv": [3.758, 5.008, 4.992, 5.992], "texture": "#0"},
				"up": {"uv": [3.742, 4.992, 1.258, 3.758], "texture": "#0"},
				"down": {"uv": [6.242, 3.758, 3.758, 4.992], "texture": "#0"}
			}
		},
		{
			"name": "flaps",
			"from": [4.21958, 4.17169, 7.67504],
			"to": [5.41958, 4.77169, 8.87504],
			"rotation": {"angle": -22.5, "axis": "z", "origin": [5.6, 4.2, 8.3]},
			"faces": {
				"north": {"uv": [3.508, 10.258, 3.992, 10.492], "texture": "#0"},
				"east": {"uv": [3.008, 10.258, 3.492, 10.492], "texture": "#0"},
				"south": {"uv": [4.508, 10.258, 4.992, 10.492], "texture": "#0"},
				"west": {"uv": [4.008, 10.258, 4.492, 10.492], "texture": "#0"},
				"up": {"uv": [3.992, 10.242, 3.508, 9.758], "texture": "#0"},
				"down": {"uv": [4.492, 9.758, 4.008, 10.242], "texture": "#0"}
			}
		},
		{
			"name": "flaps",
			"from": [10.58042, 4.17169, 7.67504],
			"to": [11.78042, 4.77169, 8.87504],
			"rotation": {"angle": 22.5, "axis": "z", "origin": [10.4, 4.2, 8.3]},
			"faces": {
				"north": {"uv": [7.508, 10.258, 7.992, 10.492], "texture": "#0"},
				"east": {"uv": [7.008, 10.258, 7.492, 10.492], "texture": "#0"},
				"south": {"uv": [8.508, 10.258, 8.992, 10.492], "texture": "#0"},
				"west": {"uv": [8.008, 10.258, 8.492, 10.492], "texture": "#0"},
				"up": {"uv": [7.992, 10.242, 7.508, 9.758], "texture": "#0"},
				"down": {"uv": [8.492, 9.758, 8.008, 10.242], "texture": "#0"}
			}
		},
		{
			"name": "flaps",
			"from": [4.4, 4.1, 7.7],
			"to": [5.6, 4.7, 8.9],
			"rotation": {"angle": 22.5, "axis": "z", "origin": [5.6, 4.4, 8.3]},
			"faces": {
				"north": {"uv": [5.508, 10.258, 5.992, 10.492], "texture": "#0"},
				"east": {"uv": [5.008, 10.258, 5.492, 10.492], "texture": "#0"},
				"south": {"uv": [6.508, 10.258, 6.992, 10.492], "texture": "#0"},
				"west": {"uv": [6.008, 10.258, 6.492, 10.492], "texture": "#0"},
				"up": {"uv": [5.992, 10.242, 5.508, 9.758], "texture": "#0"},
				"down": {"uv": [6.492, 9.758, 6.008, 10.242], "texture": "#0"}
			}
		},
		{
			"name": "flaps",
			"from": [10.4, 4.1, 7.7],
			"to": [11.6, 4.7, 8.9],
			"rotation": {"angle": -22.5, "axis": "z", "origin": [10.4, 4.4, 8.3]},
			"faces": {
				"north": {"uv": [9.508, 10.508, 9.992, 10.742], "texture": "#0"},
				"east": {"uv": [9.008, 10.508, 9.492, 10.742], "texture": "#0"},
				"south": {"uv": [10.508, 10.508, 10.992, 10.742], "texture": "#0"},
				"west": {"uv": [10.008, 10.508, 10.492, 10.742], "texture": "#0"},
				"up": {"uv": [9.992, 10.492, 9.508, 10.008], "texture": "#0"},
				"down": {"uv": [10.492, 10.008, 10.008, 10.492], "texture": "#0"}
			}
		},
		{
			"name": "dot",
			"from": [6.86, 6.58, 5.84],
			"to": [7.34, 7.36, 6.32],
			"rotation": {"angle": 22.5, "axis": "z", "origin": [6.8, 6.55, 6.38]},
			"faces": {
				"north": {"uv": [7.258, 10.758, 7.492, 10.992], "texture": "#0"},
				"east": {"uv": [7.008, 10.758, 7.242, 10.992], "texture": "#0"},
				"south": {"uv": [7.758, 10.758, 7.992, 10.992], "texture": "#0"},
				"west": {"uv": [7.508, 10.758, 7.742, 10.992], "texture": "#0"},
				"up": {"uv": [7.492, 10.742, 7.258, 10.508], "texture": "#0"},
				"down": {"uv": [7.742, 10.508, 7.508, 10.742], "texture": "#0"}
			}
		},
		{
			"name": "dot",
			"from": [8.66, 6.58, 5.84],
			"to": [9.14, 7.36, 6.32],
			"rotation": {"angle": -22.5, "axis": "z", "origin": [9.2, 6.55, 6.38]},
			"faces": {
				"north": {"uv": [9.258, 11.008, 9.492, 11.242], "texture": "#0"},
				"east": {"uv": [9.008, 11.008, 9.242, 11.242], "texture": "#0"},
				"south": {"uv": [9.758, 11.008, 9.992, 11.242], "texture": "#0"},
				"west": {"uv": [9.508, 11.008, 9.742, 11.242], "texture": "#0"},
				"up": {"uv": [9.492, 10.992, 9.258, 10.758], "texture": "#0"},
				"down": {"uv": [9.742, 10.758, 9.508, 10.992], "texture": "#0"}
			}
		},
		{
			"name": "dot",
			"from": [7.76, 6.88, 5.84],
			"to": [8.24, 7.66, 6.32],
			"rotation": {"angle": 0, "axis": "y", "origin": [7.7, 3.4, 8]},
			"faces": {
				"north": {"uv": [8.258, 10.758, 8.492, 10.992], "texture": "#0"},
				"east": {"uv": [8.008, 10.758, 8.242, 10.992], "texture": "#0"},
				"south": {"uv": [8.758, 10.758, 8.992, 10.992], "texture": "#0"},
				"west": {"uv": [8.508, 10.758, 8.742, 10.992], "texture": "#0"},
				"up": {"uv": [8.492, 10.742, 8.258, 10.508], "texture": "#0"},
				"down": {"uv": [8.742, 10.508, 8.508, 10.742], "texture": "#0"}
			}
		},
		{
			"from": [5.54, 1.9, 7.4],
			"to": [7.94, 3.1, 8.6],
			"rotation": {"angle": 22.5, "axis": "z", "origin": [7.14, 3.05, 8]},
			"faces": {
				"north": {"uv": [9.508, 8.758, 10.492, 9.242], "texture": "#0"},
				"east": {"uv": [9.008, 8.758, 9.492, 9.242], "texture": "#0"},
				"south": {"uv": [11.008, 8.758, 11.992, 9.242], "texture": "#0"},
				"west": {"uv": [10.508, 8.758, 10.992, 9.242], "texture": "#0"},
				"up": {"uv": [10.492, 8.742, 9.508, 8.258], "texture": "#0"},
				"down": {"uv": [11.492, 8.258, 10.508, 8.742], "texture": "#0"}
			}
		},
		{
			"from": [8.06, 1.9, 7.4],
			"to": [10.46, 3.1, 8.6],
			"rotation": {"angle": -22.5, "axis": "z", "origin": [8.855, 3.05, 7.875]},
			"faces": {
				"north": {"uv": [0.508, 9.758, 1.492, 10.242], "texture": "#0"},
				"east": {"uv": [0.008, 9.758, 0.492, 10.242], "texture": "#0"},
				"south": {"uv": [2.008, 9.758, 2.992, 10.242], "texture": "#0"},
				"west": {"uv": [1.508, 9.758, 1.992, 10.242], "texture": "#0"},
				"up": {"uv": [1.492, 9.742, 0.508, 9.258], "texture": "#0"},
				"down": {"uv": [2.492, 9.258, 1.508, 9.742], "texture": "#0"}
			}
		},
		{
			"from": [7.58, 0.58, 8.78],
			"to": [8.42, 1.42, 10.82],
			"rotation": {"angle": 22.5, "axis": "x", "origin": [8, 1, 8.9]},
			"faces": {
				"north": {"uv": [1.008, 8.758, 1.492, 9.242], "texture": "#0"},
				"east": {"uv": [0.008, 8.758, 0.992, 9.242], "texture": "#0"},
				"south": {"uv": [2.508, 8.758, 2.992, 9.242], "texture": "#0"},
				"west": {"uv": [1.508, 8.758, 2.492, 9.242], "texture": "#0"},
				"up": {"uv": [1.492, 8.742, 1.008, 7.758], "texture": "#0"},
				"down": {"uv": [1.992, 7.758, 1.508, 8.742], "texture": "#0"}
			}
		},
		{
			"from": [7.55, 0.05, 10.05],
			"to": [8.45, 0.95, 12.15],
			"rotation": {"angle": -22.5, "axis": "x", "origin": [8, 1, 10.7]},
			"faces": {
				"north": {"uv": [4.008, 9.258, 4.492, 9.742], "texture": "#0"},
				"east": {"uv": [3.008, 9.258, 3.992, 9.742], "texture": "#0"},
				"south": {"uv": [5.508, 9.258, 5.992, 9.742], "texture": "#0"},
				"west": {"uv": [4.508, 9.258, 5.492, 9.742], "texture": "#0"},
				"up": {"uv": [4.492, 9.242, 4.008, 8.258], "texture": "#0"},
				"down": {"uv": [4.992, 8.258, 4.508, 9.242], "texture": "#0"}
			}
		},
		{
			"from": [7.52, 1.32, 11.445],
			"to": [8.48, 3.48, 12.405],
			"rotation": {"angle": 22.5, "axis": "x", "origin": [8, 1, 10.7]},
			"faces": {
				"north": {"uv": [7.492, 9.242, 7.008, 8.258], "rotation": 180, "texture": "#0"},
				"east": {"uv": [6.008, 9.258, 6.992, 9.742], "rotation": 90, "texture": "#0"},
				"south": {"uv": [7.992, 8.258, 7.508, 9.242], "texture": "#0"},
				"west": {"uv": [7.508, 9.258, 8.492, 9.742], "rotation": 270, "texture": "#0"},
				"up": {"uv": [8.508, 9.258, 8.992, 9.742], "texture": "#0"},
				"down": {"uv": [7.008, 9.258, 7.492, 9.742], "rotation": 180, "texture": "#0"}
			}
		},
		{
			"from": [7.1, 0.4, 7.1],
			"to": [8.9, 4, 8.9],
			"rotation": {"angle": 0, "axis": "y", "origin": [8.3, 1.6, 7.7]},
			"faces": {
				"north": {"uv": [8.258, 3.008, 8.992, 4.492], "texture": "#0"},
				"east": {"uv": [7.508, 3.008, 8.242, 4.492], "texture": "#0"},
				"south": {"uv": [9.758, 3.008, 10.492, 4.492], "texture": "#0"},
				"west": {"uv": [9.008, 3.008, 9.742, 4.492], "texture": "#0"},
				"up": {"uv": [8.992, 2.992, 8.258, 2.258], "texture": "#0"},
				"down": {"uv": [9.742, 2.258, 9.008, 2.992], "texture": "#0"}
			}
		},
		{
			"from": [7.7, 2.5, 6.98],
			"to": [8.3, 3.4, 7.58],
			"rotation": {"angle": 0, "axis": "y", "origin": [8.3, 3.4, 7.58]},
			"faces": {
				"north": {"uv": [10.258, 11.008, 10.492, 11.242], "texture": "#0"},
				"east": {"uv": [10.008, 11.008, 10.242, 11.242], "texture": "#0"},
				"south": {"uv": [10.758, 11.008, 10.992, 11.242], "texture": "#0"},
				"west": {"uv": [10.508, 11.008, 10.742, 11.242], "texture": "#0"},
				"up": {"uv": [10.492, 10.992, 10.258, 10.758], "texture": "#0"},
				"down": {"uv": [10.742, 10.758, 10.508, 10.992], "texture": "#0"}
			}
		},
		{
			"from": [7.4, 2.74, 7.04],
			"to": [8.6, 3.64, 7.64],
			"rotation": {"angle": 0, "axis": "y", "origin": [8.6, 3.64, 7.64]},
			"faces": {
				"north": {"uv": [10.758, 3.008, 11.242, 3.242], "texture": "#0"},
				"east": {"uv": [10.508, 3.008, 10.742, 3.242], "texture": "#0"},
				"south": {"uv": [11.508, 3.008, 11.992, 3.242], "texture": "#0"},
				"west": {"uv": [11.258, 3.008, 11.492, 3.242], "texture": "#0"},
				"up": {"uv": [11.242, 2.992, 10.758, 2.758], "texture": "#0"},
				"down": {"uv": [11.742, 2.758, 11.258, 2.992], "texture": "#0"}
			}
		},
		{
			"from": [6.68, 0.28, 6.98],
			"to": [9.32, 2.32, 9.02],
			"rotation": {"angle": 0, "axis": "y", "origin": [8, 0.4, 7.7]},
			"faces": {
				"north": {"uv": [8.258, 5.258, 9.242, 5.992], "texture": "#0"},
				"east": {"uv": [7.508, 5.258, 8.242, 5.992], "texture": "#0"},
				"south": {"uv": [10.008, 5.258, 10.992, 5.992], "texture": "#0"},
				"west": {"uv": [9.258, 5.258, 9.992, 5.992], "texture": "#0"},
				"up": {"uv": [9.242, 5.242, 8.258, 4.508], "texture": "#0"},
				"down": {"uv": [10.242, 4.508, 9.258, 5.242], "texture": "#0"}
			}
		},
		{
			"from": [6.8, -0.08, 7.52],
			"to": [7.76, 0.88, 8.48],
			"rotation": {"angle": 0, "axis": "y", "origin": [7.4, -0.2, 8]},
			"faces": {
				"north": {"uv": [10.008, 6.508, 10.492, 6.992], "texture": "#0"},
				"east": {"uv": [9.508, 6.508, 9.992, 6.992], "texture": "#0"},
				"south": {"uv": [11.008, 6.508, 11.492, 6.992], "texture": "#0"},
				"west": {"uv": [10.508, 6.508, 10.992, 6.992], "texture": "#0"},
				"up": {"uv": [10.492, 6.492, 10.008, 6.008], "texture": "#0"},
				"down": {"uv": [10.992, 6.008, 10.508, 6.492], "texture": "#0"}
			}
		},
		{
			"from": [8.24, -0.08, 7.52],
			"to": [9.2, 0.88, 8.48],
			"rotation": {"angle": 0, "axis": "y", "origin": [8.6, -0.2, 8]},
			"faces": {
				"north": {"uv": [10.008, 7.508, 10.492, 7.992], "texture": "#0"},
				"east": {"uv": [9.508, 7.508, 9.992, 7.992], "texture": "#0"},
				"south": {"uv": [11.008, 7.508, 11.492, 7.992], "texture": "#0"},
				"west": {"uv": [10.508, 7.508, 10.992, 7.992], "texture": "#0"},
				"up": {"uv": [10.492, 7.492, 10.008, 7.008], "texture": "#0"},
				"down": {"uv": [10.992, 7.008, 10.508, 7.492], "texture": "#0"}
			}
		}
	],
	"gui_light": "front",
	"display": {
		"thirdperson_righthand": {
			"rotation": [0, 90, 0],
			"translation": [-0.75, 4.75, -0.5]
		},
		"thirdperson_lefthand": {
			"rotation": [0, 90, 0],
			"translation": [-0.75, 4.75, -0.5]
		},
		"firstperson_righthand": {
			"rotation": [145.46, 61.68, -141.98],
			"translation": [0, 5.5, 0]
		},
		"firstperson_lefthand": {
			"rotation": [145.46, 61.68, -141.98],
			"translation": [0, 5.5, 0]
		},
		"ground": {
			"translation": [0, 4.5, 0]
		},
		"gui": {
			"rotation": [0, 180, 0],
			"translation": [0, 3.75, 0],
			"scale": [1.4, 1.4, 1.4]
		},
		"head": {
			"translation": [0, 18.5, -3.75],
			"scale": [1.5, 1.5, 1.5]
		},
		"fixed": {
			"translation": [0, 4.5, 0],
			"scale": [1.5, 1.5, 1.5]
		}
	},
	"groups": [
		{
			"name": "chattino",
			"origin": [8, -0.2, 8],
			"color": 0,
			"children": [
				{
					"name": "head",
					"origin": [8, 3.4, 8],
					"color": 0,
					"children": [
						{
							"name": "Eye1",
							"origin": [8, 3.4, 8],
							"color": 0,
							"children": [
								0,
								{
									"name": "eyelight",
									"origin": [7.82, 5.62, 5.96],
									"color": 0,
									"children": [1, 2]
								},
								3,
								4,
								5
							]
						},
						{
							"name": "Mouth",
							"origin": [9.2, 1.3, 8],
							"color": 0,
							"children": [6]
						},
						7,
						8,
						9,
						10,
						11,
						12,
						13,
						14,
						15,
						16,
						17,
						18,
						19,
						20
					]
				},
				{
					"name": "Body",
					"origin": [8, 0, 8],
					"color": 0,
					"children": [
						{
							"name": "arm_left",
							"origin": [7.1, 2.5, 8],
							"color": 0,
							"children": [21]
						},
						{
							"name": "arm_right",
							"origin": [8.9, 2.5, 8],
							"color": 0,
							"children": [22]
						},
						{
							"name": "Tail",
							"origin": [8, 1, 8.9],
							"color": 0,
							"children": [
								23,
								{
									"name": "bone",
									"origin": [8, 1, 10.7],
									"color": 0,
									"children": [
										24,
										{
											"name": "bone2",
											"origin": [8, 1, 12.5],
											"color": 0,
											"children": [25]
										}
									]
								}
							]
						},
						26,
						27,
						28,
						29
					]
				},
				{
					"name": "leg_left",
					"origin": [7.4, 0.7, 8],
					"color": 0,
					"children": [30]
				},
				{
					"name": "leg_right",
					"origin": [8.6, 0.7, 8],
					"color": 0,
					"children": [31]
				}
			]
		}
	]
}