{
	"credit": "Made with Blockbench",
	"texture_size": [128, 128],
	"textures": {
		"0": "holocraft:item/totem_of_grem",
		"particle": "holocraft:item/totem_of_grem"
	},
	"elements": [
		{
			"from": [6.65, 0.6, 6.4],
			"to": [9.35, 3, 10.4],
			"rotation": {"angle": 0, "axis": "y", "origin": [7.85, 0.6, 8.6]},
			"faces": {
				"north": {"uv": [1.629, 1.629, 2.746, 2.621], "texture": "#0"},
				"east": {"uv": [0.004, 1.629, 1.621, 2.621], "texture": "#0"},
				"south": {"uv": [4.379, 1.629, 5.496, 2.621], "texture": "#0"},
				"west": {"uv": [2.754, 1.629, 4.371, 2.621], "texture": "#0"},
				"up": {"uv": [2.746, 1.621, 1.629, 0.004], "texture": "#0"},
				"down": {"uv": [3.871, 0.004, 2.754, 1.621], "texture": "#0"}
			}
		},
		{
			"from": [6.6503, 0.476, 4.70613],
			"to": [9.3497, 2.874, 6.50553],
			"rotation": {"angle": -22.5, "axis": "x", "origin": [8, 2.705, 6.14048]},
			"faces": {
				"north": {"uv": [5.504, 5.254, 6.621, 6.246], "texture": "#0"},
				"east": {"uv": [4.754, 5.254, 5.496, 6.246], "texture": "#0"},
				"south": {"uv": [7.379, 5.254, 8.496, 6.246], "texture": "#0"},
				"west": {"uv": [6.629, 5.254, 7.371, 6.246], "texture": "#0"},
				"up": {"uv": [6.621, 5.246, 5.504, 4.504], "texture": "#0"},
				"down": {"uv": [7.746, 4.504, 6.629, 5.246], "texture": "#0"}
			}
		},
		{
			"name": "face",
			"from": [6.53, 0.685, 4.67513],
			"to": [9.47, 2.785, 4.67513],
			"rotation": {"angle": -22.5, "axis": "x", "origin": [8, 2.705, 6.14048]},
			"faces": {
				"north": {"uv": [14.383, 0.004, 15.996, 1.121], "texture": "#0"},
				"east": {"uv": [0.004, 6.254, -0.004, 7.371], "texture": "#0"},
				"south": {"uv": [1.504, 6.254, 2.996, 7.371], "texture": "#0"},
				"west": {"uv": [1.504, 6.254, 1.496, 7.371], "texture": "#0"},
				"up": {"uv": [1.496, 6.254, 0.004, 6.246], "texture": "#0"},
				"down": {"uv": [2.996, 6.254, 1.504, 6.246], "texture": "#0"}
			}
		},
		{
			"name": "face2",
			"from": [6.53, 0.685, 4.97513],
			"to": [9.47, 2.785, 4.97513],
			"rotation": {"angle": -22.5, "axis": "x", "origin": [8, 2.705, 6.14048]},
			"faces": {
				"north": {"uv": [14.383, 1.129, 15.996, 2.246], "texture": "#0"},
				"east": {"uv": [0.004, 6.254, -0.004, 7.371], "texture": "#0"},
				"south": {"uv": [1.504, 6.254, 2.996, 7.371], "texture": "#0"},
				"west": {"uv": [1.504, 6.254, 1.496, 7.371], "texture": "#0"},
				"up": {"uv": [1.496, 6.254, 0.004, 6.246], "texture": "#0"},
				"down": {"uv": [2.996, 6.254, 1.504, 6.246], "texture": "#0"}
			}
		},
		{
			"from": [7.1, 0.9, 10.1],
			"to": [8.9, 2.7, 12.2],
			"rotation": {"angle": -22.5, "axis": "x", "origin": [8, 1.8, 10.4]},
			"faces": {
				"north": {"uv": [6.629, 2.379, 7.371, 3.121], "texture": "#0"},
				"east": {"uv": [5.754, 2.379, 6.621, 3.121], "texture": "#0"},
				"south": {"uv": [8.254, 2.379, 8.996, 3.121], "texture": "#0"},
				"west": {"uv": [7.379, 2.379, 8.246, 3.121], "texture": "#0"},
				"up": {"uv": [7.371, 2.371, 6.629, 1.504], "texture": "#0"},
				"down": {"uv": [8.121, 1.504, 7.379, 2.371], "texture": "#0"}
			}
		},
		{
			"from": [7.4, 0.4, 12.7],
			"to": [8.6, 1.6, 14.5],
			"rotation": {"angle": -45, "axis": "x", "origin": [8, 0.6, 10.7]},
			"faces": {
				"north": {"uv": [3.754, 7.004, 4.246, 7.496], "texture": "#0"},
				"east": {"uv": [3.004, 7.004, 3.746, 7.496], "texture": "#0"},
				"south": {"uv": [5.004, 7.004, 5.496, 7.496], "texture": "#0"},
				"west": {"uv": [4.254, 7.004, 4.996, 7.496], "texture": "#0"},
				"up": {"uv": [4.246, 6.996, 3.754, 6.254], "texture": "#0"},
				"down": {"uv": [4.746, 6.254, 4.254, 6.996], "texture": "#0"}
			}
		},
		{
			"from": [7.41, 3.16, 11.51],
			"to": [8.59, 4.94, 12.39],
			"rotation": {"angle": 22.5, "axis": "x", "origin": [8, 0.75, 12.8]},
			"faces": {
				"north": {"uv": [6.746, 6.996, 6.254, 6.254], "rotation": 180, "texture": "#0"},
				"east": {"uv": [5.504, 7.004, 6.246, 7.371], "rotation": 90, "texture": "#0"},
				"south": {"uv": [7.246, 6.254, 6.754, 6.996], "texture": "#0"},
				"west": {"uv": [6.754, 7.004, 7.496, 7.371], "rotation": 270, "texture": "#0"},
				"up": {"uv": [7.504, 7.004, 7.996, 7.371], "texture": "#0"},
				"down": {"uv": [6.254, 7.004, 6.746, 7.371], "rotation": 180, "texture": "#0"}
			}
		},
		{
			"from": [7.4, 4.70978, 10.72456],
			"to": [8.6, 8.00978, 14.32456],
			"rotation": {"angle": -22.5, "axis": "x", "origin": [7.7, 6.84959, 12.05024]},
			"faces": {
				"north": {"uv": [2.879, 4.004, 4.246, 4.496], "rotation": 270, "texture": "#0"},
				"east": {"uv": [2.871, 3.996, 1.379, 2.629], "rotation": 180, "texture": "#0"},
				"south": {"uv": [0.004, 4.004, 1.371, 4.496], "rotation": 90, "texture": "#0"},
				"west": {"uv": [4.371, 2.629, 2.879, 3.996], "texture": "#0"},
				"up": {"uv": [4.254, 4.004, 5.746, 4.496], "rotation": 90, "texture": "#0"},
				"down": {"uv": [1.379, 4.004, 2.871, 4.496], "rotation": 90, "texture": "#0"}
			}
		},
		{
			"from": [7.31, 5.00978, 11.02456],
			"to": [8.69, 7.70978, 14.02456],
			"rotation": {"angle": -22.5, "axis": "x", "origin": [7.7, 6.84959, 12.05024]},
			"faces": {
				"north": {"uv": [2.379, 5.629, 3.496, 6.246], "rotation": 270, "texture": "#0"},
				"east": {"uv": [2.371, 5.621, 1.129, 4.504], "rotation": 180, "texture": "#0"},
				"south": {"uv": [0.004, 5.629, 1.121, 6.246], "rotation": 90, "texture": "#0"},
				"west": {"uv": [3.621, 4.504, 2.379, 5.621], "texture": "#0"},
				"up": {"uv": [3.504, 5.629, 4.746, 6.246], "rotation": 90, "texture": "#0"},
				"down": {"uv": [1.129, 5.629, 2.371, 6.246], "rotation": 90, "texture": "#0"}
			}
		},
		{
			"from": [7.22, 5.27978, 11.29456],
			"to": [8.78, 7.43978, 13.75456],
			"rotation": {"angle": -22.5, "axis": "x", "origin": [7.7, 6.84959, 12.05024]},
			"faces": {
				"north": {"uv": [7.379, 0.879, 8.246, 1.496], "rotation": 270, "texture": "#0"},
				"east": {"uv": [7.371, 0.871, 6.379, 0.004], "rotation": 180, "texture": "#0"},
				"south": {"uv": [5.504, 0.879, 6.371, 1.496], "rotation": 90, "texture": "#0"},
				"west": {"uv": [8.371, 0.004, 7.379, 0.871], "texture": "#0"},
				"up": {"uv": [8.254, 0.879, 9.246, 1.496], "rotation": 90, "texture": "#0"},
				"down": {"uv": [6.379, 0.879, 7.371, 1.496], "rotation": 90, "texture": "#0"}
			}
		},
		{
			"from": [7.13, 5.93978, 11.86456],
			"to": [7.87, 7.25978, 13.18456],
			"rotation": {"angle": -22.5, "axis": "x", "origin": [7.7, 6.84959, 12.05024]},
			"faces": {
				"north": {"uv": [6.504, 7.879, 6.996, 8.496], "rotation": 270, "texture": "#0"},
				"east": {"uv": [6.496, 7.871, 6.004, 7.379], "rotation": 180, "texture": "#0"},
				"south": {"uv": [5.504, 7.879, 5.996, 8.496], "rotation": 90, "texture": "#0"},
				"west": {"uv": [6.996, 7.379, 6.504, 7.871], "texture": "#0"},
				"up": {"uv": [7.004, 7.879, 7.496, 8.496], "rotation": 90, "texture": "#0"},
				"down": {"uv": [6.004, 7.879, 6.496, 8.496], "rotation": 90, "texture": "#0"}
			}
		},
		{
			"from": [7.397, 7.3917, 13.73648],
			"to": [8.603, 8.5977, 14.94248],
			"rotation": {"angle": -22.5, "axis": "x", "origin": [7.7, 6.84959, 12.05024]},
			"faces": {
				"north": {"uv": [3.254, 8.004, 3.746, 8.496], "rotation": 270, "texture": "#0"},
				"east": {"uv": [3.246, 7.996, 2.754, 7.504], "rotation": 180, "texture": "#0"},
				"south": {"uv": [2.254, 8.004, 2.746, 8.496], "rotation": 90, "texture": "#0"},
				"west": {"uv": [3.746, 7.504, 3.254, 7.996], "texture": "#0"},
				"up": {"uv": [3.754, 8.004, 4.246, 8.496], "rotation": 90, "texture": "#0"},
				"down": {"uv": [2.754, 8.004, 3.246, 8.496], "rotation": 90, "texture": "#0"}
			}
		},
		{
			"from": [7.397, 7.3917, 10.10664],
			"to": [8.603, 8.5977, 11.31264],
			"rotation": {"angle": -22.5, "axis": "x", "origin": [7.7, 6.84959, 12.05024]},
			"faces": {
				"north": {"uv": [8.504, 7.879, 8.996, 8.371], "rotation": 270, "texture": "#0"},
				"east": {"uv": [8.496, 7.871, 8.004, 7.379], "rotation": 180, "texture": "#0"},
				"south": {"uv": [7.504, 7.879, 7.996, 8.371], "rotation": 90, "texture": "#0"},
				"west": {"uv": [8.996, 7.379, 8.504, 7.871], "texture": "#0"},
				"up": {"uv": [9.004, 7.879, 9.496, 8.371], "rotation": 90, "texture": "#0"},
				"down": {"uv": [8.004, 7.879, 8.496, 8.371], "rotation": 90, "texture": "#0"}
			}
		},
		{
			"from": [7.403, 7.71278, 11.92756],
			"to": [8.597, 9.20678, 13.12156],
			"rotation": {"angle": -22.5, "axis": "x", "origin": [7.7, 6.84959, 12.05024]},
			"faces": {
				"north": {"uv": [1.129, 8.004, 1.746, 8.496], "rotation": 270, "texture": "#0"},
				"east": {"uv": [1.121, 7.996, 0.629, 7.379], "rotation": 180, "texture": "#0"},
				"south": {"uv": [0.004, 8.004, 0.621, 8.496], "rotation": 90, "texture": "#0"},
				"west": {"uv": [1.621, 7.379, 1.129, 7.996], "texture": "#0"},
				"up": {"uv": [1.754, 8.004, 2.246, 8.496], "rotation": 90, "texture": "#0"},
				"down": {"uv": [0.629, 8.004, 1.121, 8.496], "rotation": 90, "texture": "#0"}
			}
		},
		{
			"from": [7.401, 4.11078, 11.02556],
			"to": [8.599, 5.00878, 14.02356],
			"rotation": {"angle": -22.5, "axis": "x", "origin": [7.7, 6.84959, 12.05024]},
			"faces": {
				"north": {"uv": [7.379, 3.504, 7.746, 3.996], "rotation": 270, "texture": "#0"},
				"east": {"uv": [7.371, 3.496, 6.129, 3.129], "rotation": 180, "texture": "#0"},
				"south": {"uv": [5.754, 3.504, 6.121, 3.996], "rotation": 90, "texture": "#0"},
				"west": {"uv": [8.621, 3.129, 7.379, 3.496], "texture": "#0"},
				"up": {"uv": [7.754, 3.504, 8.996, 3.996], "rotation": 90, "texture": "#0"},
				"down": {"uv": [6.129, 3.504, 7.371, 3.996], "rotation": 90, "texture": "#0"}
			}
		},
		{
			"from": [6.803, 0.003, 7.103],
			"to": [7.697, 0.897, 7.997],
			"rotation": {"angle": 22.5, "axis": "x", "origin": [7.25, 0.95, 7.55]},
			"faces": {
				"north": {"uv": [8.379, 6.629, 8.746, 6.996], "texture": "#0"},
				"east": {"uv": [8.004, 6.629, 8.371, 6.996], "texture": "#0"},
				"south": {"uv": [9.129, 6.629, 9.496, 6.996], "texture": "#0"},
				"west": {"uv": [8.754, 6.629, 9.121, 6.996], "texture": "#0"},
				"up": {"uv": [8.746, 6.621, 8.379, 6.254], "texture": "#0"},
				"down": {"uv": [9.121, 6.254, 8.754, 6.621], "texture": "#0"}
			}
		},
		{
			"from": [8.303, 0.003, 7.103],
			"to": [9.197, 0.897, 7.997],
			"rotation": {"angle": 22.5, "axis": "x", "origin": [8.75, 0.95, 7.55]},
			"faces": {
				"north": {"uv": [7.879, 8.754, 8.246, 9.121], "texture": "#0"},
				"east": {"uv": [7.504, 8.754, 7.871, 9.121], "texture": "#0"},
				"south": {"uv": [8.629, 8.754, 8.996, 9.121], "texture": "#0"},
				"west": {"uv": [8.254, 8.754, 8.621, 9.121], "texture": "#0"},
				"up": {"uv": [8.246, 8.746, 7.879, 8.379], "texture": "#0"},
				"down": {"uv": [8.621, 8.379, 8.254, 8.746], "texture": "#0"}
			}
		},
		{
			"from": [6.803, 0.003, 9.653],
			"to": [7.697, 0.897, 10.547],
			"rotation": {"angle": -22.5, "axis": "x", "origin": [7.1, 0, 9.95]},
			"faces": {
				"north": {"uv": [0.379, 8.879, 0.746, 9.246], "texture": "#0"},
				"east": {"uv": [0.004, 8.879, 0.371, 9.246], "texture": "#0"},
				"south": {"uv": [1.129, 8.879, 1.496, 9.246], "texture": "#0"},
				"west": {"uv": [0.754, 8.879, 1.121, 9.246], "texture": "#0"},
				"up": {"uv": [0.746, 8.871, 0.379, 8.504], "texture": "#0"},
				"down": {"uv": [1.121, 8.504, 0.754, 8.871], "texture": "#0"}
			}
		},
		{
			"from": [8.303, 0.003, 9.653],
			"to": [9.197, 0.897, 10.547],
			"rotation": {"angle": -22.5, "axis": "x", "origin": [8.6, 0, 9.95]},
			"faces": {
				"north": {"uv": [1.879, 8.879, 2.246, 9.246], "texture": "#0"},
				"east": {"uv": [1.504, 8.879, 1.871, 9.246], "texture": "#0"},
				"south": {"uv": [2.629, 8.879, 2.996, 9.246], "texture": "#0"},
				"west": {"uv": [2.254, 8.879, 2.621, 9.246], "texture": "#0"},
				"up": {"uv": [2.246, 8.871, 1.879, 8.504], "texture": "#0"},
				"down": {"uv": [2.621, 8.504, 2.254, 8.871], "texture": "#0"}
			}
		}
	],
	"display": {
		"thirdperson_righthand": {
			"rotation": [90, 0, -90],
			"translation": [5, -0.75, 0.25]
		},
		"thirdperson_lefthand": {
			"rotation": [90, 0, -90],
			"translation": [5, -0.75, 0.25]
		},
		"firstperson_righthand": {
			"rotation": [94.39, 22.53, -121.54],
			"translation": [2.75, 5, 0]
		},
		"firstperson_lefthand": {
			"rotation": [94.39, 22.53, -121.54],
			"translation": [2.75, 5, 0]
		},
		"ground": {
			"translation": [0, 4.5, 0]
		},
		"gui": {
			"rotation": [116.77, -18.25, 134.46],
			"translation": [-2.75, 5.5, 0],
			"scale": [1.5, 1.5, 1.5]
		},
		"head": {
			"rotation": [-9.75, 0, 0],
			"translation": [0, 15.25, -7.5],
			"scale": [1.2, 1.2, 1.2]
		},
		"fixed": {
			"rotation": [0, 90, 0],
			"translation": [0, 4.75, 0]
		}
	},
	"groups": [
		{
			"name": "grem",
			"origin": [8, 0, 8],
			"color": 0,
			"children": [
				{
					"name": "body",
					"origin": [8, 0, 8],
					"color": 0,
					"children": [
						0,
						{
							"name": "head",
							"origin": [8, 1.8, 6.40583],
							"color": 0,
							"children": [
								1,
								{
									"name": "face",
									"origin": [8.15, 0.96, 6.77513],
									"color": 0,
									"children": [
										{
											"name": "normal_face",
											"origin": [8.15, 0.96, 6.77513],
											"color": 0,
											"children": [2]
										},
										{
											"name": "sleeping face",
											"origin": [8.15, 0.96, 7.07513],
											"color": 0,
											"children": [3]
										}
									]
								}
							]
						},
						{
							"name": "segments",
							"origin": [8, 1.8, 10.4],
							"color": 0,
							"children": [
								4,
								{
									"name": "segment2",
									"origin": [8, 1.8, 12.2],
									"color": 0,
									"children": [
										5,
										{
											"name": "segment3",
											"origin": [8, 1.8, 13.7],
											"color": 0,
											"children": [
												6,
												{
													"name": "tail",
													"origin": [8, 1.8, 14.92623],
													"color": 0,
													"children": [7, 8, 9, 10, 11, 12, 13, 14]
												}
											]
										}
									]
								}
							]
						}
					]
				},
				{
					"name": "LEGS",
					"origin": [8, 0, 8],
					"color": 0,
					"children": [
						{
							"name": "leg",
							"origin": [7.25, 0.75, 6.65],
							"color": 0,
							"children": [15]
						},
						{
							"name": "leg2",
							"origin": [8.75, 0.75, 6.65],
							"color": 0,
							"children": [16]
						},
						{
							"name": "leg3",
							"origin": [7.25, 0.75, 9.5],
							"color": 0,
							"children": [17]
						},
						{
							"name": "leg4",
							"origin": [8.75, 0.75, 9.5],
							"color": 0,
							"children": [18]
						}
					]
				}
			]
		}
	]
}