{
	"credit": "Made with Blockbench",
	"texture_size": [128, 128],
	"textures": {
		"0": "holocraft:item/violet_miasma",
		"particle": "holocraft:item/violet_miasma"
	},
	"elements": [
		{
			"from": [0.8, 0.8, -2.2],
			"to": [15.2, 4.2, 18.2],
			"rotation": {"angle": 0, "axis": "y", "origin": [4.25, 2.5, 8]},
			"faces": {
				"north": {"uv": [5.754, 0.379, 7.496, 0.746], "texture": "#0"},
				"east": {"uv": [0.004, 5.504, 2.496, 5.871], "texture": "#0"},
				"south": {"uv": [5.754, 0.754, 7.496, 1.121], "texture": "#0"},
				"west": {"uv": [5.754, 0.004, 8.246, 0.371], "texture": "#0"},
				"up": {"uv": [5.746, 2.496, 4.004, 0.004], "texture": "#0"},
				"down": {"uv": [5.746, 2.504, 4.004, 4.996], "texture": "#0"}
			}
		},
		{
			"from": [0, 4, -3],
			"to": [16, 5, 19],
			"rotation": {"angle": 0, "axis": "y", "origin": [4.25, 2.5, 8]},
			"faces": {
				"north": {"uv": [5.754, 1.629, 7.746, 1.746], "texture": "#0"},
				"east": {"uv": [5.754, 1.129, 8.496, 1.246], "texture": "#0"},
				"south": {"uv": [5.754, 1.754, 7.746, 1.871], "texture": "#0"},
				"west": {"uv": [5.754, 1.254, 8.496, 1.371], "texture": "#0"},
				"up": {"uv": [1.996, 2.746, 0.004, 0.004], "texture": "#0"},
				"down": {"uv": [3.996, 0.004, 2.004, 2.746], "texture": "#0"}
			}
		},
		{
			"from": [0, 1, -3],
			"to": [1, 4, 19],
			"rotation": {"angle": 0, "axis": "y", "origin": [4.25, 2.5, 8]},
			"faces": {
				"north": {"uv": [2.754, 5.504, 2.871, 5.871], "texture": "#0"},
				"east": {"uv": [4.004, 5.004, 6.746, 5.371], "texture": "#0"},
				"south": {"uv": [2.879, 5.504, 2.996, 5.871], "texture": "#0"},
				"west": {"uv": [4.004, 5.379, 6.746, 5.746], "texture": "#0"},
				"up": {"uv": [2.621, 8.246, 2.504, 5.504], "texture": "#0"},
				"down": {"uv": [2.746, 5.504, 2.629, 8.246], "texture": "#0"}
			}
		},
		{
			"from": [0, 0, -3],
			"to": [16, 1, 19],
			"rotation": {"angle": 0, "axis": "y", "origin": [4.25, 2.5, 8]},
			"faces": {
				"north": {"uv": [5.754, 1.879, 7.746, 1.996], "texture": "#0"},
				"east": {"uv": [5.754, 1.379, 8.496, 1.496], "texture": "#0"},
				"south": {"uv": [5.754, 2.004, 7.746, 2.121], "texture": "#0"},
				"west": {"uv": [5.754, 1.504, 8.496, 1.621], "texture": "#0"},
				"up": {"uv": [1.996, 5.496, 0.004, 2.754], "texture": "#0"},
				"down": {"uv": [3.996, 2.754, 2.004, 5.496], "texture": "#0"}
			}
		}
	],
	"gui_light": "front",
	"display": {
		"thirdperson_righthand": {
			"rotation": [87.79, -0.66, 16.23],
			"translation": [-0.5, 3.75, 1.75],
			"scale": [0.3, 0.3, 0.3]
		},
		"thirdperson_lefthand": {
			"rotation": [87.79, -0.66, 16.23],
			"translation": [-0.5, 3.75, 1.75],
			"scale": [0.3, 0.3, 0.3]
		},
		"firstperson_righthand": {
			"rotation": [76.28, -10.12, 35.81],
			"translation": [0.5, 4.75, 0.25],
			"scale": [0.4, 0.4, 0.4]
		},
		"firstperson_lefthand": {
			"rotation": [76.28, -10.12, 35.81],
			"translation": [0.5, 4.75, 0.25],
			"scale": [0.4, 0.4, 0.4]
		},
		"ground": {
			"translation": [0, 2.25, 0],
			"scale": [0.35, 0.35, 0.35]
		},
		"gui": {
			"rotation": [60.15, -25.23, 11.05],
			"translation": [-0.5, 2, 0],
			"scale": [0.6, 0.6, 0.6]
		},
		"head": {
			"translation": [0, 10.25, 0],
			"scale": [0.5, 0.5, 0.5]
		},
		"fixed": {
			"rotation": [90, 0, 180],
			"translation": [0, 0, -7.25]
		}
	},
	"groups": [
		{
			"name": "book",
			"origin": [8, 8, 8],
			"color": 0,
			"children": [
				{
					"name": "page",
					"origin": [8, 8, 8],
					"color": 9,
					"children": [0]
				},
				{
					"name": "cover",
					"origin": [8, 8, 8],
					"color": 4,
					"children": [1, 2, 3]
				}
			]
		}
	]
}