{
	"credit": "Made with Blockbench",
	"texture_size": [128, 128],
	"textures": {
		"1": "holocraft:item/zephyr_grem_bucket"
	},
	"elements": [
		{
			"name": "hhead",
			"from": [5.16317, 15.49309, 3.06038],
			"to": [11.23682, 19.54174, 8.45588],
			"rotation": {"angle": -45, "axis": "x", "origin": [8.245, 15.67086, 7.9038]},
			"faces": {
				"north": {"uv": [2.746, 3.129, 1.879, 3.746], "rotation": 180, "texture": "#1"},
				"east": {"uv": [3.254, 0.629, 3.871, 1.371], "rotation": 270, "texture": "#1"},
				"south": {"uv": [3.871, 2.121, 3.004, 1.504], "texture": "#1"},
				"west": {"uv": [0.879, 3.254, 1.496, 3.996], "rotation": 90, "texture": "#1"},
				"up": {"uv": [2.004, 2.379, 2.871, 3.121], "rotation": 180, "texture": "#1"},
				"down": {"uv": [1.004, 2.504, 1.871, 3.246], "texture": "#1"}
			}
		},
		{
			"name": "normal_face",
			"from": [4.8925, 19.61149, 3.53063],
			"to": [11.5075, 19.61149, 8.25563],
			"rotation": {"angle": -45, "axis": "x", "origin": [8.245, 15.67086, 7.9038]},
			"faces": {
				"north": {"uv": [0.871, 0.004, 0.004, 0.004], "rotation": 180, "texture": "#1"},
				"east": {"uv": [0.004, 0.004, 0.004, 0.621], "rotation": 270, "texture": "#1"},
				"south": {"uv": [0.871, 0.004, 0.004, 0.004], "texture": "#1"},
				"west": {"uv": [0.004, 0.004, 0.004, 0.621], "rotation": 90, "texture": "#1"},
				"up": {"uv": [5.504, 0.004, 7.121, 1.121], "rotation": 180, "texture": "#1"},
				"down": {"uv": [3.254, 0.004, 4.121, 0.621], "texture": "#1"}
			}
		},
		{
			"name": "bone9",
			"from": [7.5025, 15.38813, 7.9199],
			"to": [7.885, 15.38813, 8.3024],
			"rotation": {"angle": -45, "axis": "x", "origin": [0.045, 8.57086, 4.9038]},
			"faces": {
				"north": {"uv": [0.121, 0.004, 0.004, 0.004], "rotation": 180, "texture": "#1"},
				"east": {"uv": [0.004, 0.004, 0.004, 0.121], "rotation": 270, "texture": "#1"},
				"south": {"uv": [0.121, 0.004, 0.004, 0.004], "texture": "#1"},
				"west": {"uv": [0.004, 0.004, 0.004, 0.121], "rotation": 90, "texture": "#1"},
				"up": {"uv": [5.129, 2.379, 5.246, 2.496], "rotation": 180, "texture": "#1"},
				"down": {"uv": [3.254, 5.254, 3.371, 5.371], "texture": "#1"}
			}
		},
		{
			"name": "bone3",
			"from": [4.3975, 15.34313, 8.0999],
			"to": [5.6575, 15.34313, 8.4599],
			"rotation": {"angle": -45, "axis": "x", "origin": [0.045, 8.57086, 4.9038]},
			"faces": {
				"north": {"uv": [0.371, 0.004, 0.004, 0.004], "rotation": 180, "texture": "#1"},
				"east": {"uv": [0.004, 0.004, 0.004, 0.121], "rotation": 270, "texture": "#1"},
				"south": {"uv": [0.371, 0.004, 0.004, 0.004], "texture": "#1"},
				"west": {"uv": [0.004, 0.004, 0.004, 0.121], "rotation": 90, "texture": "#1"},
				"up": {"uv": [5.379, 5.004, 5.746, 5.121], "rotation": 180, "texture": "#1"},
				"down": {"uv": [4.379, 5.504, 4.746, 5.621], "texture": "#1"}
			}
		},
		{
			"name": "bone7",
			"from": [4.3975, 15.34313, 9.3599],
			"to": [5.6575, 15.34313, 9.7199],
			"rotation": {"angle": -45, "axis": "x", "origin": [0.045, 8.57086, 4.9038]},
			"faces": {
				"north": {"uv": [0.371, 0.004, 0.004, 0.004], "rotation": 180, "texture": "#1"},
				"east": {"uv": [0.004, 0.004, 0.004, 0.121], "rotation": 270, "texture": "#1"},
				"south": {"uv": [0.371, 0.004, 0.004, 0.004], "texture": "#1"},
				"west": {"uv": [0.004, 0.004, 0.004, 0.121], "rotation": 90, "texture": "#1"},
				"up": {"uv": [5.379, 5.004, 5.746, 5.121], "rotation": 180, "texture": "#1"},
				"down": {"uv": [4.379, 5.504, 4.746, 5.621], "texture": "#1"}
			}
		},
		{
			"name": "bone8",
			"from": [10.7425, 15.34313, 9.3599],
			"to": [12.0025, 15.34313, 9.7199],
			"rotation": {"angle": -45, "axis": "x", "origin": [0.045, 8.57086, 4.9038]},
			"faces": {
				"north": {"uv": [0.004, 0.004, 0.371, 0.004], "rotation": 180, "texture": "#1"},
				"east": {"uv": [0.004, 0.004, 0.004, 0.121], "rotation": 270, "texture": "#1"},
				"south": {"uv": [0.004, 0.004, 0.371, 0.004], "texture": "#1"},
				"west": {"uv": [0.004, 0.004, 0.004, 0.121], "rotation": 90, "texture": "#1"},
				"up": {"uv": [5.746, 5.004, 5.379, 5.121], "rotation": 180, "texture": "#1"},
				"down": {"uv": [4.746, 5.504, 4.379, 5.621], "texture": "#1"}
			}
		},
		{
			"name": "bone5",
			"from": [4.0375, 19.54399, 4.58813],
			"to": [5.3875, 19.54399, 4.94813],
			"rotation": {"angle": -45, "axis": "x", "origin": [8.245, 15.67086, 7.9038]},
			"faces": {
				"north": {"uv": [0.371, 0.004, 0.004, 0.004], "rotation": 180, "texture": "#1"},
				"east": {"uv": [0.004, 0.004, 0.004, 0.121], "rotation": 270, "texture": "#1"},
				"south": {"uv": [0.371, 0.004, 0.004, 0.004], "texture": "#1"},
				"west": {"uv": [0.004, 0.004, 0.004, 0.121], "rotation": 90, "texture": "#1"},
				"up": {"uv": [5.379, 5.004, 5.746, 5.121], "rotation": 180, "texture": "#1"},
				"down": {"uv": [4.379, 5.504, 4.746, 5.621], "texture": "#1"}
			}
		},
		{
			"name": "bone6",
			"from": [11.1025, 19.54399, 4.58813],
			"to": [12.4525, 19.54399, 4.94813],
			"rotation": {"angle": -45, "axis": "x", "origin": [8.245, 15.67086, 7.9038]},
			"faces": {
				"north": {"uv": [0.004, 0.004, 0.371, 0.004], "rotation": 180, "texture": "#1"},
				"east": {"uv": [0.004, 0.004, 0.004, 0.121], "rotation": 270, "texture": "#1"},
				"south": {"uv": [0.004, 0.004, 0.371, 0.004], "texture": "#1"},
				"west": {"uv": [0.004, 0.004, 0.004, 0.121], "rotation": 90, "texture": "#1"},
				"up": {"uv": [5.746, 5.004, 5.379, 5.121], "rotation": 180, "texture": "#1"},
				"down": {"uv": [4.746, 5.504, 4.379, 5.621], "texture": "#1"}
			}
		},
		{
			"name": "bone4",
			"from": [10.7425, 15.34313, 8.0999],
			"to": [12.0025, 15.34313, 8.4599],
			"rotation": {"angle": -45, "axis": "x", "origin": [0.045, 8.57086, 4.9038]},
			"faces": {
				"north": {"uv": [0.004, 0.004, 0.371, 0.004], "rotation": 180, "texture": "#1"},
				"east": {"uv": [0.004, 0.004, 0.004, 0.121], "rotation": 270, "texture": "#1"},
				"south": {"uv": [0.004, 0.004, 0.371, 0.004], "texture": "#1"},
				"west": {"uv": [0.004, 0.004, 0.004, 0.121], "rotation": 90, "texture": "#1"},
				"up": {"uv": [5.746, 5.004, 5.379, 5.121], "rotation": 180, "texture": "#1"},
				"down": {"uv": [4.746, 5.504, 4.379, 5.621], "texture": "#1"}
			}
		},
		{
			"name": "key",
			"from": [7.93, 16.85553, 8.18813],
			"to": [8.47, 17.39553, 9.62813],
			"rotation": {"angle": -45, "axis": "x", "origin": [8.245, 15.67086, 7.9038]},
			"faces": {
				"north": {"uv": [0.871, 3.879, 0.754, 3.996], "rotation": 180, "texture": "#1"},
				"east": {"uv": [1.004, 2.254, 1.121, 2.496], "rotation": 270, "texture": "#1"},
				"south": {"uv": [3.621, 3.746, 3.504, 3.629], "texture": "#1"},
				"west": {"uv": [1.879, 2.754, 1.996, 2.996], "rotation": 90, "texture": "#1"},
				"up": {"uv": [1.004, 2.004, 1.121, 2.246], "rotation": 180, "texture": "#1"},
				"down": {"uv": [1.879, 2.504, 1.996, 2.746], "texture": "#1"}
			}
		},
		{
			"name": "key",
			"from": [7.435, 16.81053, 9.40313],
			"to": [8.965, 17.44053, 10.03313],
			"rotation": {"angle": -45, "axis": "x", "origin": [8.245, 15.67086, 7.9038]},
			"faces": {
				"north": {"uv": [3.496, 3.504, 3.254, 3.621], "rotation": 180, "texture": "#1"},
				"east": {"uv": [1.879, 3.004, 1.996, 3.121], "rotation": 270, "texture": "#1"},
				"south": {"uv": [3.246, 3.621, 3.004, 3.504], "texture": "#1"},
				"west": {"uv": [0.879, 3.129, 0.996, 3.246], "rotation": 90, "texture": "#1"},
				"up": {"uv": [3.004, 3.379, 3.246, 3.496], "rotation": 180, "texture": "#1"},
				"down": {"uv": [3.254, 3.379, 3.496, 3.496], "texture": "#1"}
			}
		},
		{
			"name": "key",
			"from": [8.767, 16.79253, 9.02513],
			"to": [10.333, 17.45853, 10.41113],
			"rotation": {"angle": -45, "axis": "x", "origin": [8.245, 15.67086, 7.9038]},
			"faces": {
				"north": {"uv": [2.996, 3.629, 2.754, 3.746], "rotation": 180, "texture": "#1"},
				"east": {"uv": [0.879, 2.879, 0.996, 3.121], "rotation": 270, "texture": "#1"},
				"south": {"uv": [3.871, 1.496, 3.629, 1.379], "texture": "#1"},
				"west": {"uv": [3.504, 3.129, 3.621, 3.371], "rotation": 90, "texture": "#1"},
				"up": {"uv": [2.754, 3.129, 2.996, 3.371], "rotation": 180, "texture": "#1"},
				"down": {"uv": [3.004, 3.129, 3.246, 3.371], "texture": "#1"}
			}
		},
		{
			"name": "key",
			"from": [6.067, 16.79253, 9.02513],
			"to": [7.633, 17.45853, 10.41113],
			"rotation": {"angle": -45, "axis": "x", "origin": [8.245, 15.67086, 7.9038]},
			"faces": {
				"north": {"uv": [3.496, 3.629, 3.254, 3.746], "rotation": 180, "texture": "#1"},
				"east": {"uv": [3.504, 3.379, 3.621, 3.621], "rotation": 270, "texture": "#1"},
				"south": {"uv": [3.246, 3.746, 3.004, 3.629], "texture": "#1"},
				"west": {"uv": [0.754, 3.629, 0.871, 3.871], "rotation": 90, "texture": "#1"},
				"up": {"uv": [3.254, 3.129, 3.496, 3.371], "rotation": 180, "texture": "#1"},
				"down": {"uv": [2.754, 3.379, 2.996, 3.621], "texture": "#1"}
			}
		},
		{
			"name": "key",
			"from": [7.75, 16.67553, 8.00813],
			"to": [8.65, 17.57553, 8.90813],
			"rotation": {"angle": -45, "axis": "x", "origin": [8.245, 15.67086, 7.9038]},
			"faces": {
				"north": {"uv": [1.246, 5.004, 1.129, 5.121], "rotation": 180, "texture": "#1"},
				"east": {"uv": [4.754, 2.004, 4.871, 2.121], "rotation": 270, "texture": "#1"},
				"south": {"uv": [3.496, 4.996, 3.379, 4.879], "texture": "#1"},
				"west": {"uv": [4.879, 2.379, 4.996, 2.496], "rotation": 90, "texture": "#1"},
				"up": {"uv": [4.379, 3.629, 4.496, 3.746], "rotation": 180, "texture": "#1"},
				"down": {"uv": [2.629, 4.754, 2.746, 4.871], "texture": "#1"}
			}
		},
		{
			"name": "ear",
			"from": [10.04932, 13.1635, 10.67257],
			"to": [11.84932, 14.9635, 13.37257],
			"rotation": {"angle": -45, "axis": "x", "origin": [0.045, 8.57086, 4.9038]},
			"faces": {
				"north": {"uv": [1.996, 5.504, 1.754, 5.746], "rotation": 180, "texture": "#1"},
				"east": {"uv": [3.254, 5.379, 3.496, 5.746], "rotation": 270, "texture": "#1"},
				"south": {"uv": [5.746, 1.746, 5.504, 1.504], "texture": "#1"},
				"west": {"uv": [3.754, 5.379, 3.996, 5.746], "rotation": 90, "texture": "#1"},
				"up": {"uv": [5.379, 2.504, 5.621, 2.871], "rotation": 180, "texture": "#1"},
				"down": {"uv": [3.504, 5.379, 3.746, 5.746], "texture": "#1"}
			}
		},
		{
			"name": "ear",
			"from": [10.31932, 13.4335, 10.94257],
			"to": [11.57932, 14.6935, 13.10257],
			"rotation": {"angle": -45, "axis": "x", "origin": [0.045, 8.57086, 4.9038]},
			"faces": {
				"north": {"uv": [2.246, 5.504, 2.004, 5.746], "rotation": 180, "texture": "#1"},
				"east": {"uv": [5.379, 4.629, 5.621, 4.996], "rotation": 270, "texture": "#1"},
				"south": {"uv": [5.746, 1.996, 5.504, 1.754], "texture": "#1"},
				"west": {"uv": [5.004, 5.379, 5.246, 5.746], "rotation": 90, "texture": "#1"},
				"up": {"uv": [4.004, 5.379, 4.246, 5.746], "rotation": 180, "texture": "#1"},
				"down": {"uv": [4.754, 5.379, 4.996, 5.746], "texture": "#1"}
			}
		},
		{
			"name": "ear",
			"from": [10.50022, 14.0644, 10.67347],
			"to": [11.39842, 14.9626, 14.27167],
			"rotation": {"angle": -45, "axis": "x", "origin": [0.045, 8.57086, 4.9038]},
			"faces": {
				"north": {"uv": [5.121, 2.379, 5.004, 2.496], "rotation": 180, "texture": "#1"},
				"east": {"uv": [2.254, 5.504, 2.371, 5.996], "rotation": 270, "texture": "#1"},
				"south": {"uv": [1.371, 5.121, 1.254, 5.004], "texture": "#1"},
				"west": {"uv": [2.504, 5.504, 2.621, 5.996], "rotation": 90, "texture": "#1"},
				"up": {"uv": [5.504, 2.004, 5.621, 2.496], "rotation": 180, "texture": "#1"},
				"down": {"uv": [2.379, 5.504, 2.496, 5.996], "texture": "#1"}
			}
		},
		{
			"name": "ear2",
			"from": [4.39158, 13.1635, 10.73847],
			"to": [6.19158, 14.9635, 13.43847],
			"rotation": {"angle": -45, "axis": "x", "origin": [0.045, 8.57086, 4.9038]},
			"faces": {
				"north": {"uv": [3.121, 5.504, 2.879, 5.746], "rotation": 180, "texture": "#1"},
				"east": {"uv": [0.004, 5.504, 0.246, 5.871], "rotation": 270, "texture": "#1"},
				"south": {"uv": [2.871, 5.746, 2.629, 5.504], "texture": "#1"},
				"west": {"uv": [0.504, 5.504, 0.746, 5.871], "rotation": 90, "texture": "#1"},
				"up": {"uv": [5.254, 5.379, 5.496, 5.746], "rotation": 180, "texture": "#1"},
				"down": {"uv": [0.254, 5.504, 0.496, 5.871], "texture": "#1"}
			}
		},
		{
			"name": "ear2",
			"from": [4.66158, 13.4335, 11.00847],
			"to": [5.92158, 14.6935, 13.16847],
			"rotation": {"angle": -45, "axis": "x", "origin": [0.045, 8.57086, 4.9038]},
			"faces": {
				"north": {"uv": [5.746, 3.129, 5.504, 3.371], "rotation": 180, "texture": "#1"},
				"east": {"uv": [5.504, 1.129, 5.746, 1.496], "rotation": 270, "texture": "#1"},
				"south": {"uv": [5.746, 3.121, 5.504, 2.879], "texture": "#1"},
				"west": {"uv": [1.504, 5.504, 1.746, 5.871], "rotation": 90, "texture": "#1"},
				"up": {"uv": [1.004, 5.504, 1.246, 5.871], "rotation": 180, "texture": "#1"},
				"down": {"uv": [1.254, 5.504, 1.496, 5.871], "texture": "#1"}
			}
		},
		{
			"name": "ear2",
			"from": [4.84248, 14.0644, 10.73937],
			"to": [5.74068, 14.9626, 14.33757],
			"rotation": {"angle": -45, "axis": "x", "origin": [0.045, 8.57086, 4.9038]},
			"faces": {
				"north": {"uv": [5.246, 1.504, 5.129, 1.621], "rotation": 180, "texture": "#1"},
				"east": {"uv": [5.504, 3.379, 5.621, 3.871], "rotation": 270, "texture": "#1"},
				"south": {"uv": [3.496, 5.121, 3.379, 5.004], "texture": "#1"},
				"west": {"uv": [4.254, 5.504, 4.371, 5.996], "rotation": 90, "texture": "#1"},
				"up": {"uv": [3.129, 5.504, 3.246, 5.996], "rotation": 180, "texture": "#1"},
				"down": {"uv": [5.504, 3.879, 5.621, 4.371], "texture": "#1"}
			}
		},
		{
			"name": "boddy",
			"from": [5.1625, 6.8, 5.65],
			"to": [11.2375, 15.8, 11.05],
			"rotation": {"angle": -22.5, "axis": "x", "origin": [8.2, 9.16798, 9.26125]},
			"faces": {
				"north": {"uv": [1.996, 1.254, 1.129, 2.496], "rotation": 180, "texture": "#1"},
				"east": {"uv": [2.004, 0.004, 3.246, 0.746], "rotation": 270, "texture": "#1"},
				"south": {"uv": [1.996, 1.246, 1.129, 0.004], "texture": "#1"},
				"west": {"uv": [2.004, 0.754, 3.246, 1.496], "rotation": 90, "texture": "#1"},
				"up": {"uv": [0.004, 2.879, 0.871, 3.621], "rotation": 180, "texture": "#1"},
				"down": {"uv": [2.879, 2.379, 3.746, 3.121], "texture": "#1"}
			}
		},
		{
			"name": "legg4",
			"from": [5.15675, 11.60303, 2.91612],
			"to": [7.16825, 13.61453, 4.92762],
			"rotation": {"angle": 22.5, "axis": "y", "origin": [5.1625, 13.60878, 3.92187]},
			"faces": {
				"north": {"uv": [0.496, 5.254, 0.254, 5.496], "rotation": 180, "texture": "#1"},
				"east": {"uv": [4.504, 1.629, 4.746, 1.871], "rotation": 270, "texture": "#1"},
				"south": {"uv": [0.246, 5.496, 0.004, 5.254], "texture": "#1"},
				"west": {"uv": [5.004, 5.129, 5.246, 5.371], "rotation": 90, "texture": "#1"},
				"up": {"uv": [3.504, 2.129, 3.746, 2.371], "rotation": 180, "texture": "#1"},
				"down": {"uv": [4.754, 5.129, 4.996, 5.371], "texture": "#1"}
			}
		},
		{
			"name": "legg3",
			"from": [9.23175, 11.60303, 2.91612],
			"to": [11.24325, 13.61453, 4.92762],
			"rotation": {"angle": -22.5, "axis": "y", "origin": [11.2375, 13.60878, 3.92187]},
			"faces": {
				"north": {"uv": [5.496, 3.379, 5.254, 3.621], "rotation": 180, "texture": "#1"},
				"east": {"uv": [2.754, 5.254, 2.996, 5.496], "rotation": 270, "texture": "#1"},
				"south": {"uv": [5.496, 3.371, 5.254, 3.129], "texture": "#1"},
				"west": {"uv": [3.004, 5.254, 3.246, 5.496], "rotation": 90, "texture": "#1"},
				"up": {"uv": [2.504, 5.254, 2.746, 5.496], "rotation": 180, "texture": "#1"},
				"down": {"uv": [5.254, 2.879, 5.496, 3.121], "texture": "#1"}
			}
		},
		{
			"from": [12.999, 10.999, 6.999],
			"to": [14.001, 20.001, 9.001],
			"rotation": {"angle": 0, "axis": "y", "origin": [2, 13, 7]},
			"faces": {
				"north": {"uv": [0.375, 0.375, 0.5, 1.5], "texture": "#1"},
				"east": {"uv": [0.125, 0.375, 0.375, 1.5], "texture": "#1"},
				"south": {"uv": [0.75, 0.375, 0.875, 1.5], "texture": "#1"},
				"west": {"uv": [0.5, 0.375, 0.75, 1.5], "texture": "#1"},
				"up": {"uv": [0.5, 0.375, 0.375, 0.125], "texture": "#1"},
				"down": {"uv": [0.625, 0.125, 0.5, 0.375], "texture": "#1"}
			}
		},
		{
			"from": [1.999, 10.999, 6.999],
			"to": [3.001, 20.001, 9.001],
			"rotation": {"angle": 0, "axis": "y", "origin": [-9, 13, 7]},
			"faces": {
				"north": {"uv": [0.25, 1.75, 0.375, 2.875], "texture": "#1"},
				"east": {"uv": [0, 1.75, 0.25, 2.875], "texture": "#1"},
				"south": {"uv": [0.625, 1.75, 0.75, 2.875], "texture": "#1"},
				"west": {"uv": [0.375, 1.75, 0.625, 2.875], "texture": "#1"},
				"up": {"uv": [0.375, 1.75, 0.25, 1.5], "texture": "#1"},
				"down": {"uv": [0.5, 1.5, 0.375, 1.75], "texture": "#1"}
			}
		},
		{
			"from": [2, 19, 7],
			"to": [14, 20, 9],
			"rotation": {"angle": 0, "axis": "y", "origin": [-9, 13, 7]},
			"faces": {
				"north": {"uv": [0.25, 4.625, 1.75, 4.75], "texture": "#1"},
				"east": {"uv": [0, 4.625, 0.25, 4.75], "texture": "#1"},
				"south": {"uv": [2, 4.625, 3.5, 4.75], "texture": "#1"},
				"west": {"uv": [1.75, 4.625, 2, 4.75], "texture": "#1"},
				"up": {"uv": [1.75, 4.625, 0.25, 4.375], "texture": "#1"},
				"down": {"uv": [3.25, 4.375, 1.75, 4.625], "texture": "#1"}
			}
		},
		{
			"from": [3, 0, 3],
			"to": [13, 1, 13],
			"rotation": {"angle": 0, "axis": "y", "origin": [7, 0, 7]},
			"faces": {
				"north": {"uv": [6.75, 6.375, 8, 6.5], "texture": "#1"},
				"east": {"uv": [5.5, 6.375, 6.75, 6.5], "texture": "#1"},
				"south": {"uv": [9.25, 6.375, 10.5, 6.5], "texture": "#1"},
				"west": {"uv": [8, 6.375, 9.25, 6.5], "texture": "#1"},
				"up": {"uv": [8, 6.375, 6.75, 5.125], "texture": "#1"},
				"down": {"uv": [9.25, 5.125, 8, 6.375], "texture": "#1"}
			}
		},
		{
			"from": [3, 1, 3],
			"to": [4, 9, 13],
			"rotation": {"angle": 0, "axis": "y", "origin": [7, 1, 7]},
			"faces": {
				"north": {"uv": [1.25, 7.25, 1.375, 8.25], "texture": "#1"},
				"east": {"uv": [0, 7.25, 1.25, 8.25], "texture": "#1"},
				"south": {"uv": [2.625, 7.25, 2.75, 8.25], "texture": "#1"},
				"west": {"uv": [1.375, 7.25, 2.625, 8.25], "texture": "#1"},
				"up": {"uv": [1.375, 7.25, 1.25, 6], "texture": "#1"},
				"down": {"uv": [1.5, 6, 1.375, 7.25], "texture": "#1"}
			}
		},
		{
			"from": [12, 9, 3],
			"to": [14, 12, 13],
			"rotation": {"angle": 0, "axis": "y", "origin": [17, 0, 7]},
			"faces": {
				"north": {"uv": [6.875, 4.625, 7.125, 5], "texture": "#1"},
				"east": {"uv": [5.625, 4.625, 6.875, 5], "texture": "#1"},
				"south": {"uv": [8.375, 4.625, 8.625, 5], "texture": "#1"},
				"west": {"uv": [7.125, 4.625, 8.375, 5], "texture": "#1"},
				"up": {"uv": [7.125, 4.625, 6.875, 3.375], "texture": "#1"},
				"down": {"uv": [7.375, 3.375, 7.125, 4.625], "texture": "#1"}
			}
		},
		{
			"from": [1.999, 8.999, 1.999],
			"to": [14.001, 12.001, 4.001],
			"rotation": {"angle": 0, "axis": "y", "origin": [8, 0, 7]},
			"faces": {
				"north": {"uv": [1.75, 4, 3.25, 4.375], "texture": "#1"},
				"east": {"uv": [1.5, 4, 1.75, 4.375], "texture": "#1"},
				"south": {"uv": [3.5, 4, 5, 4.375], "texture": "#1"},
				"west": {"uv": [3.25, 4, 3.5, 4.375], "texture": "#1"},
				"up": {"uv": [3.25, 4, 1.75, 3.75], "texture": "#1"},
				"down": {"uv": [4.75, 3.75, 3.25, 4], "texture": "#1"}
			}
		},
		{
			"from": [1.999, 8.999, 11.999],
			"to": [14.001, 12.001, 14.001],
			"rotation": {"angle": 0, "axis": "y", "origin": [8, 0, 17]},
			"faces": {
				"north": {"uv": [7.375, 0.25, 8.875, 0.625], "texture": "#1"},
				"east": {"uv": [7.125, 0.25, 7.375, 0.625], "texture": "#1"},
				"south": {"uv": [9.125, 0.25, 10.625, 0.625], "texture": "#1"},
				"west": {"uv": [8.875, 0.25, 9.125, 0.625], "texture": "#1"},
				"up": {"uv": [8.875, 0.25, 7.375, 0], "texture": "#1"},
				"down": {"uv": [10.375, 0, 8.875, 0.25], "texture": "#1"}
			}
		},
		{
			"from": [2, 9, 3],
			"to": [4, 12, 13],
			"rotation": {"angle": 0, "axis": "y", "origin": [7, 0, 7]},
			"faces": {
				"north": {"uv": [6.75, 7.75, 7, 8.125], "texture": "#1"},
				"east": {"uv": [5.5, 7.75, 6.75, 8.125], "texture": "#1"},
				"south": {"uv": [8.25, 7.75, 8.5, 8.125], "texture": "#1"},
				"west": {"uv": [7, 7.75, 8.25, 8.125], "texture": "#1"},
				"up": {"uv": [7, 7.75, 6.75, 6.5], "texture": "#1"},
				"down": {"uv": [7.25, 6.5, 7, 7.75], "texture": "#1"}
			}
		},
		{
			"from": [4, 1, 12],
			"to": [12, 9, 13],
			"rotation": {"angle": 0, "axis": "y", "origin": [7, 1, 16]},
			"faces": {
				"north": {"uv": [5.625, 8.25, 6.625, 9.25], "texture": "#1"},
				"east": {"uv": [5.5, 8.25, 5.625, 9.25], "texture": "#1"},
				"south": {"uv": [6.75, 8.25, 7.75, 9.25], "texture": "#1"},
				"west": {"uv": [6.625, 8.25, 6.75, 9.25], "texture": "#1"},
				"up": {"uv": [6.625, 8.25, 5.625, 8.125], "texture": "#1"},
				"down": {"uv": [7.625, 8.125, 6.625, 8.25], "texture": "#1"}
			}
		},
		{
			"from": [4, 1, 3],
			"to": [12, 9, 4],
			"rotation": {"angle": 0, "axis": "y", "origin": [7, 1, 7]},
			"faces": {
				"north": {"uv": [7.875, 8.25, 8.875, 9.25], "texture": "#1"},
				"east": {"uv": [7.75, 8.25, 7.875, 9.25], "texture": "#1"},
				"south": {"uv": [9, 8.25, 10, 9.25], "texture": "#1"},
				"west": {"uv": [8.875, 8.25, 9, 9.25], "texture": "#1"},
				"up": {"uv": [8.875, 8.25, 7.875, 8.125], "texture": "#1"},
				"down": {"uv": [9.875, 8.125, 8.875, 8.25], "texture": "#1"}
			}
		},
		{
			"from": [12, 1, 3],
			"to": [13, 9, 13],
			"rotation": {"angle": 0, "axis": "y", "origin": [16, 1, 7]},
			"faces": {
				"north": {"uv": [4, 7.25, 4.125, 8.25], "texture": "#1"},
				"east": {"uv": [2.75, 7.25, 4, 8.25], "texture": "#1"},
				"south": {"uv": [5.375, 7.25, 5.5, 8.25], "texture": "#1"},
				"west": {"uv": [4.125, 7.25, 5.375, 8.25], "texture": "#1"},
				"up": {"uv": [4.125, 7.25, 4, 6], "texture": "#1"},
				"down": {"uv": [4.25, 6, 4.125, 7.25], "texture": "#1"}
			}
		},
		{
			"from": [4, 2, 4],
			"to": [12, 10, 12],
			"rotation": {"angle": 0, "axis": "y", "origin": [6, 2, 7]},
			"faces": {
				"north": {"uv": [6.75, 2.125, 7.75, 3.125], "texture": "#1"},
				"east": {"uv": [5.75, 2.125, 6.75, 3.125], "texture": "#1"},
				"south": {"uv": [8.75, 2.125, 9.75, 3.125], "texture": "#1"},
				"west": {"uv": [7.75, 2.125, 8.75, 3.125], "texture": "#1"},
				"up": {"uv": [7.75, 2.125, 6.75, 1.125], "texture": "#1"},
				"down": {"uv": [8.75, 1.125, 7.75, 2.125], "texture": "#1"}
			}
		}
	],
	"gui_light": "front",
	"display": {
		"thirdperson_righthand": {
			"rotation": [66.5, 0, 0],
			"translation": [0, -3, -5],
			"scale": [0.5, 0.5, 0.5]
		},
		"thirdperson_lefthand": {
			"rotation": [66.5, 0, 0],
			"translation": [0, -3, -5],
			"scale": [0.5, 0.5, 0.5]
		},
		"firstperson_righthand": {
			"rotation": [-157.46, 46.84, 163.91],
			"translation": [1.5, 1.25, 0],
			"scale": [0.5, 0.5, 0.5]
		},
		"firstperson_lefthand": {
			"rotation": [-157.46, 46.84, 163.91],
			"translation": [1.5, 1.25, 0],
			"scale": [0.5, 0.5, 0.5]
		},
		"ground": {
			"translation": [0, 3, 0],
			"scale": [0.7, 0.7, 0.7]
		},
		"gui": {
			"rotation": [-163, -13.5, -180],
			"translation": [0, -1, 0],
			"scale": [0.7, 0.7, 0.7]
		},
		"head": {
			"translation": [0, 14, 0]
		},
		"fixed": {
			"rotation": [-90, 0, 0],
			"translation": [0, 0, -11.75],
			"scale": [1.7, 1.7, 1.7]
		}
	},
	"groups": [
		{
			"name": "zephygrem",
			"origin": [0, 6, -5],
			"color": 0,
			"children": [
				{
					"name": "head",
					"origin": [0, 6, -5],
					"color": 0,
					"children": [
						{
							"name": "hhead",
							"origin": [0, 6.5, -5.68543],
							"color": 0,
							"children": [
								0,
								{
									"name": "face",
									"origin": [0.375, 4.4, -4.76218],
									"color": 0,
									"children": [
										{
											"name": "normal_face",
											"origin": [0.375, 4.4, -4.76218],
											"color": 0,
											"children": [
												1,
												{
													"name": "bone9",
													"origin": [-0.575, 4.3, -8.23718],
													"rotation": [0, 0, 45],
													"color": 0,
													"children": [2]
												}
											]
										},
										{
											"name": "bone3",
											"origin": [-2.625, 4.9, -9.18718],
											"rotation": [0, 0, 20],
											"color": 0,
											"children": [3]
										},
										{
											"name": "bone7",
											"origin": [-2.625, 6.1, -9.18718],
											"rotation": [0, 0, -20],
											"color": 0,
											"children": [4]
										},
										{
											"name": "bone8",
											"origin": [2.625, 6.1, -9.18718],
											"rotation": [0, 0, 20],
											"color": 0,
											"children": [5]
										},
										{
											"name": "bone5",
											"origin": [-2.625, 5.5, -9.18718],
											"color": 0,
											"children": [6]
										},
										{
											"name": "bone6",
											"origin": [2.625, 5.5, -9.18718],
											"color": 0,
											"children": [7]
										},
										{
											"name": "bone4",
											"origin": [2.625, 4.9, -9.18718],
											"rotation": [0, 0, -20],
											"color": 0,
											"children": [8]
										}
									]
								}
							]
						},
						{
							"name": "key",
							"origin": [0, 6, -4.5],
							"color": 0,
							"children": [9, 10, 11, 12, 13]
						},
						{
							"name": "ears",
							"origin": [0, 0, 0],
							"color": 0,
							"children": [
								{
									"name": "ear",
									"origin": [2.47387, 8.24465, -7],
									"rotation": [0, 0, -37.5],
									"color": 0,
									"children": [14, 15, 16]
								},
								{
									"name": "ear2",
									"origin": [-2.47387, 8.24465, -7],
									"rotation": [0, 0, 37.5],
									"color": 0,
									"children": [17, 18, 19]
								}
							]
						}
					]
				},
				{
					"name": "body",
					"origin": [0, 6, 4],
					"color": 0,
					"children": [
						{
							"name": "boddy",
							"origin": [0, 2, -1],
							"color": 0,
							"children": [20]
						}
					]
				},
				{
					"name": "leg4",
					"origin": [-3.5, 5, -4],
					"color": 0,
					"children": [
						{
							"name": "legg4",
							"origin": [-3.375, 4.875, -4.375],
							"color": 0,
							"children": [21]
						}
					]
				},
				{
					"name": "leg3",
					"origin": [3.5, 5, -4],
					"color": 0,
					"children": [
						{
							"name": "legg3",
							"origin": [1.875, 1.875, -6.375],
							"color": 0,
							"children": [22]
						}
					]
				}
			]
		},
		{
			"name": "handle",
			"origin": [8, 8, 8],
			"color": 0,
			"children": [
				23,
				24,
				25,
				{
					"name": "bucket",
					"origin": [8, 8, 8],
					"color": 0,
					"children": [26, 27, 28, 29, 30, 31, 32, 33, 34, 35]
				}
			]
		}
	]
}