{
    "model": {
      "type": "minecraft:select",
      "property": "minecraft:display_context",
      "cases": [
        {
          "when": "gui",
          "model": {
            "type": "minecraft:model",
            "model": "holocraft:item/moom_dagger_sheathed"
          }
        },
        {
          "when": "firstperson_righthand",
          "model": {
            "type": "minecraft:model",
            "model": "holocraft:item/moom_dagger"
          }
        },
        {
          "when": "firstperson_lefthand",
          "model": {
            "type": "minecraft:model",
            "model": "holocraft:item/moom_dagger_sheathed"
          }
        },
        {
          "when": "thirdperson_righthand",
          "model": {
            "type": "minecraft:model",
            "model": "holocraft:item/moom_dagger"
          }
        },
        {
          "when": "thirdperson_lefthand",
          "model": {
            "type": "minecraft:model",
            "model": "holocraft:item/moom_dagger_sheathed"
          }
        },
        {
          "when": "ground",
          "model": {
            "type": "minecraft:model",
            "model": "holocraft:item/moom_dagger_sheathed"
          }
        },
        {
          "when": "fixed",
          "model": {
            "type": "minecraft:model",
            "model": "holocraft:item/moom_dagger_sheathed"
          }
        }
      ]
    }
  }