{
    "model": {
      "type": "minecraft:select",
      "property": "minecraft:component",
      "component": "minecraft:custom_name",
      "cases": [
        {
            "when": "Tomato 81800",
            "model": {
              "type": "minecraft:select",
              "property": "minecraft:display_context",
              "cases": [
                {
                  "when": "gui",
                  "model": {
                    "type": "minecraft:model",
                    "model": "holocraft:item/tomato_sheathed"
                  }
                },
                {
                  "when": "firstperson_righthand",
                  "model": {
                    "type": "minecraft:model",
                    "model": "holocraft:item/tomato_unsheathed"
                  }
                },
                {
                  "when": "firstperson_lefthand",
                  "model": {
                    "type": "minecraft:model",
                    "model": "holocraft:item/tomato_sheathed"
                  }
                },
                {
                  "when": "thirdperson_righthand",
                  "model": {
                    "type": "minecraft:model",
                    "model": "holocraft:item/tomato_unsheathed"
                  }
                },
                {
                  "when": "thirdperson_lefthand",
                  "model": {
                    "type": "minecraft:model",
                    "model": "holocraft:item/tomato_sheathed"
                  }
                },
                {
                  "when": "ground",
                  "model": {
                    "type": "minecraft:model",
                    "model": "holocraft:item/tomato_sheathed"
                  }
                },
                {
                  "when": "fixed",
                  "model": {
                    "type": "minecraft:model",
                    "model": "holocraft:item/tomato_sheathed"
                  }
                }
              ]
            }
          }
      ],
      "fallback": {
        "type": "minecraft:model",
        "model": "minecraft:item/netherite_sword"
      }
    }
  }