{
    "model": {
      "type": "minecraft:select",
      "property": "minecraft:component",
      "component": "minecraft:custom_name",
      "cases": [
        {
          "when": "Jess",
          "model": {
            "type": "minecraft:model",
            "model": "holocraft:item/jess_grem_bucket"
          }
        },
        {
          "when": "Grem",
          "model": {
            "type": "minecraft:model",
            "model": "holocraft:item/grem_bucket"
          }
        },
        {
          "when": "Zephyr",
          "model": {
            "type": "minecraft:model",
            "model": "holocraft:item/zephyr_grem_bucket"
          }
        },
        {
          "when": "doggrem",
          "model": {
            "type": "minecraft:model",
            "model": "holocraft:item/doggrem_grem_bucket"
          }
        }
      ],
      "fallback": {
        "type": "minecraft:model",
        "model": "minecraft:item/axolotl_bucket"
      }
    }
  }