{
    "model": {
      "type": "minecraft:select",
      "property": "minecraft:component",
      "component": "minecraft:custom_name",
      "cases": [
        {
            "when": "Chattino Head",
            "model": {
              "type": "minecraft:model",
              "model": "holocraft:hat/chattino_head"
            }
          },
        {
            "when": "Pebble Head",
            "model": {
              "type": "minecraft:model",
              "model": "holocraft:hat/pebble_head"
            }
          },
        {
          "when": "Scarlet Wand Hat",
          "model": {
            "type": "minecraft:model",
            "model": "holocraft:hat/scarlet_wand_hat"
          }
        },
        
        {
          "when": "Amber Coin Hat",
          "model": {
            "type": "minecraft:model",
            "model": "holocraft:hat/amber_coin_hat"
          }
        },
        {
          "when": "Jade Sword Hat",
          "model": {
            "type": "minecraft:model",
            "model": "holocraft:hat/jade_sword_hat"
          }
        },
        {
          "when": "Cerulean Cup Hat",
          "model": {
            "type": "minecraft:model",
            "model": "holocraft:hat/cerulean_cup_hat"
          }
        },
        {
            "when": "Quest Icon",
            "model": {
              "type": "minecraft:model",
              "model": "holocraft:hat/quest_icon_hat"
            }
        }
      ],
      "fallback": {
        "type": "minecraft:model",
        "model": "minecraft:block/carved_pumpkin"
      }
    }
  }