{
    "model": {
      "type": "minecraft:select",
      "property": "minecraft:component",
      "component": "minecraft:custom_name",
      "cases": [
        {
          "when": "Violet Miasma",
          "model": {
            "type": "minecraft:model",
            "model": "holocraft:item/violet_miasma"
          }
        },
        {
          "when": "Automaton Assault",
          "model": {
            "type": "minecraft:model",
            "model": "holocraft:item/automaton_assault"
          }
        },
        {
          "when": "Azure Claw",
          "model": {
            "type": "minecraft:model",
            "model": "holocraft:item/azure_claw"
          }
        },
        {
          "when": "Fuchsia Claw",
          "model": {
            "type": "minecraft:model",
            "model": "holocraft:item/fuchsia_claw"
          }
        },
        {
          "when": "Bookmark of Memories",
          "model": {
            "type": "minecraft:model",
            "model": "holocraft:item/bookmark_of_memories"
          }
        },
        {
          "when": "Burning Phoenix",
          "model": {
            "type": "minecraft:model",
            "model": "holocraft:item/burning_phoenix_sword"
          }
        },
        {
          "when": "Chaos Stampede",
          "model": {
            "type": "minecraft:model",
            "model": "holocraft:item/chaos_stampede"
          }
        },
        {
          "when": "Chrono Surge Tick",
          "model": {
            "type": "minecraft:model",
            "model": "holocraft:item/chrono_surge_tick"
          }
        },
        {
          "when": "Chrono Surge Tock",
          "model": {
            "type": "minecraft:model",
            "model": "holocraft:item/chrono_surge_tock"
          }
        },
        {
          "when": "Eye of Wisdom",
          "model": {
            "type": "minecraft:model",
            "model": "holocraft:item/eye_of_wisdom"
          }
        },
        {
          "when": "Gremlin Grenade",
            "model": {
              "type": "minecraft:select",
              "property": "minecraft:display_context",
              "component": "minecraft:custom_name",
              "cases": [
                {
                  "when": "firstperson_lefthand",
                  "model": {
                    "type": "minecraft:model",
                    "model": "holocraft:item/gremlin_grenade_left"
                  }
                },
                {
                  "when": "thirdperson_lefthand",
                  "model": {
                    "type": "minecraft:model",
                    "model": "holocraft:item/gremlin_grenade_left"
                  }
                }
              ],
              "fallback": {
                "type": "minecraft:model",
                "model": "holocraft:item/gremlin_grenade"
              }
            }
        },
        {
          "when": "Light and Dark",
          "model": {
            "type": "minecraft:model",
            "model": "holocraft:item/light_and_dark"
          }
        },
        {
          "when": "Nature's Grace",
          "model": {
            "type": "minecraft:model",
            "model": "holocraft:item/natures_grace"
          }
        },
        {
          "when": "Purrfect Execution",
          "model": {
            "type": "minecraft:model",
            "model": "holocraft:item/purrfect_execution"
          }
        },
        {
          "when": "Resonant Strike",
          "model": {
            "type": "minecraft:model",
            "model": "holocraft:item/resonant_strike"
          }
        },
        {
          "when": "Rest in Peace",
          "model": {
            "type": "minecraft:model",
            "model": "holocraft:item/rest_in_peace"
          }
        },
        {
          "when": "Shining Emotions",
          "model": {
            "type": "minecraft:model",
            "model": "holocraft:item/shining_emotions"
          }
        },
        {
          "when": "Thorn of Order",
          "model": {
            "type": "minecraft:model",
            "model": "holocraft:item/thorn_of_order"
          }
        },
        {
          "when": "Omegatana",
            "model": {
                "type": "minecraft:select",
                "property": "minecraft:display_context",
                "cases": [
                  {
                    "when": "gui",
                    "model": {
                      "type": "minecraft:model",
                      "model": "holocraft:item/omegatana"
                    }
                  },
                  {
                    "when": "firstperson_righthand",
                    "model": {
                      "type": "minecraft:model",
                      "model": "holocraft:item/omegatana_unsheathed"
                    }
                  },
                  {
                    "when": "firstperson_lefthand",
                    "model": {
                      "type": "minecraft:model",
                      "model": "holocraft:item/omegatana"
                    }
                  },
                  {
                    "when": "thirdperson_righthand",
                    "model": {
                      "type": "minecraft:model",
                      "model": "holocraft:item/omegatana_unsheathed"
                    }
                  },
                  {
                    "when": "thirdperson_lefthand",
                    "model": {
                      "type": "minecraft:model",
                      "model": "holocraft:item/omegatana"
                    }
                  },
                  {
                    "when": "ground",
                    "model": {
                      "type": "minecraft:model",
                      "model": "holocraft:item/omegatana"
                    }
                  },
                  {
                    "when": "fixed",
                    "model": {
                      "type": "minecraft:model",
                      "model": "holocraft:item/omegatana"
                    }
                  }
            ]
          }
        },
        {
          "when": "Winds of Civilization",
            "model": {
                "type": "minecraft:select",
                "property": "minecraft:display_context",
                "cases": [
                  {
                    "when": "gui",
                    "model": {
                      "type": "minecraft:model",
                      "model": "holocraft:item/moom_dagger_sheathed"
                    }
                  },
                  {
                    "when": "firstperson_righthand",
                    "model": {
                      "type": "minecraft:model",
                      "model": "holocraft:item/moom_dagger"
                    }
                  },
                  {
                    "when": "firstperson_lefthand",
                    "model": {
                      "type": "minecraft:model",
                      "model": "holocraft:item/moom_dagger_sheathed"
                    }
                  },
                  {
                    "when": "thirdperson_righthand",
                    "model": {
                      "type": "minecraft:model",
                      "model": "holocraft:item/moom_dagger"
                    }
                  },
                  {
                    "when": "thirdperson_lefthand",
                    "model": {
                      "type": "minecraft:model",
                      "model": "holocraft:item/moom_dagger_sheathed"
                    }
                  },
                  {
                    "when": "ground",
                    "model": {
                      "type": "minecraft:model",
                      "model": "holocraft:item/moom_dagger_sheathed"
                    }
                  },
                  {
                    "when": "fixed",
                    "model": {
                      "type": "minecraft:model",
                      "model": "holocraft:item/moom_dagger_sheathed"
                  }
                }
            ]
          }
        },
        {
            "when": "Tomato 81800",
            "model": {
              "type": "minecraft:select",
              "property": "minecraft:display_context",
              "cases": [
                {
                  "when": "gui",
                  "model": {
                    "type": "minecraft:model",
                    "model": "holocraft:item/tomato_sheathed"
                  }
                },
                {
                  "when": "firstperson_righthand",
                  "model": {
                    "type": "minecraft:model",
                    "model": "holocraft:item/tomato_unsheathed"
                  }
                },
                {
                  "when": "firstperson_lefthand",
                  "model": {
                    "type": "minecraft:model",
                    "model": "holocraft:item/tomato_sheathed"
                  }
                },
                {
                  "when": "thirdperson_righthand",
                  "model": {
                    "type": "minecraft:model",
                    "model": "holocraft:item/tomato_unsheathed"
                  }
                },
                {
                  "when": "thirdperson_lefthand",
                  "model": {
                    "type": "minecraft:model",
                    "model": "holocraft:item/tomato_sheathed"
                  }
                },
                {
                  "when": "ground",
                  "model": {
                    "type": "minecraft:model",
                    "model": "holocraft:item/tomato_sheathed"
                  }
                },
                {
                  "when": "fixed",
                  "model": {
                    "type": "minecraft:model",
                    "model": "holocraft:item/tomato_sheathed"
                  }
                }
              ]
            }
          }
      ],
      "fallback": {
        "type": "minecraft:model",
        "model": "minecraft:item/golden_sword"
      }
    }
  }