{
    "model": {
      "type": "minecraft:select",
      "property": "minecraft:component",
      "component": "minecraft:custom_name",
      "cases": [
        {
          "when": "Gremlin Grenade",
            "model": {
              "type": "minecraft:select",
              "property": "minecraft:display_context",
              "component": "minecraft:custom_name",
              "cases": [
                {
                  "when": "firstperson_lefthand",
                  "model": {
                    "type": "minecraft:model",
                    "model": "holocraft:item/gremlin_grenade_left"
                  }
                },
                {
                  "when": "thirdperson_lefthand",
                  "model": {
                    "type": "minecraft:model",
                    "model": "holocraft:item/gremlin_grenade_left"
                  }
                }
              ],
              "fallback": {
                "type": "minecraft:model",
                "model": "holocraft:item/gremlin_grenade"
              }
            }
        }
      ],
      "fallback": {
        "type": "minecraft:model",
        "model": "minecraft:item/mace"
      }
    }
  }