{
    "model": {
      "type": "minecraft:select",
      "property": "minecraft:component",
      "component": "minecraft:custom_name",
      "cases": [
        {
          "when": "Burning Phoenix",
          "model": {
            "type": "minecraft:model",
            "model": "holocraft:item/burning_phoenix_shield"
          }
        }
      ],
      "fallback": {
        "type": "minecraft:special",
        "model": {
          "type": "minecraft:shield"
        },
        "base": "minecraft:item/shield"
      }
    }
  }