{
    "model": {
      "type": "minecraft:select",
      "property": "minecraft:component",
      "component": "minecraft:custom_name",
      "cases": [
        {
          "when": "Totem of Grem",
          "model": {
            "type": "minecraft:model",
            "model": "holocraft:item/totem_of_grem"
          }
        },
        {
          "when": "Totem of Pebble",
          "model": {
            "type": "minecraft:model",
            "model": "holocraft:item/totem_of_pebble"
          }
        },
        {
          "when": "Totem of Chattino",
          "model": {
            "type": "minecraft:model",
            "model": "holocraft:item/totem_of_chattino"
          }
        }
      ],
      "fallback": {
        "type": "minecraft:model",
        "model": "minecraft:item/totem_of_undying"
      }
    }
  }