{
    "model": {
      "type": "minecraft:select",
      "property": "minecraft:component",
      "component": "minecraft:custom_name",
      "cases": [
        {
          "when": "Oceanic Terror",
          "model": {
            "type": "minecraft:model",
            "model": "holocraft:item/oceanic_terror"
          }
        }
      ],
      "fallback": {
        "type": "minecraft:select",
        "property": "minecraft:display_context",
        "cases": [
          {
            "when": "firstperson_righthand",
            "model": {
              "type": "minecraft:special",
              "model": {
                "type": "minecraft:trident"
              },
              "base": "minecraft:item/trident_in_hand"
            }
          },
          {
            "when": "firstperson_lefthand",
            "model": {
              "type": "minecraft:special",
              "model": {
                "type": "minecraft:trident"
              },
              "base": "minecraft:item/trident_in_hand"
            }
          },
          {
            "when": "thirdperson_righthand",
            "model": {
              "type": "minecraft:special",
              "model": {
                "type": "minecraft:trident"
              },
              "base": "minecraft:item/trident_in_hand"
            }
          },
          {
            "when": "thirdperson_lefthand",
            "model": {
              "type": "minecraft:special",
              "model": {
                "type": "minecraft:trident"
              },
              "base": "minecraft:item/trident_in_hand"
            }
          },
          {
            "when": "gui",
            "model": {
              "type": "minecraft:model",
              "model": "minecraft:item/trident"
            }
          },
          {
            "when": "ground",
            "model": {
              "type": "minecraft:model",
              "model": "minecraft:item/trident"
            }
          },
          {
            "when": "fixed",
            "model": {
              "type": "minecraft:model",
              "model": "minecraft:item/trident"
            }
          }
        ]
      }
    }
  }