{
	"credit": "Made with Blockbench",
	"texture_size": [64, 64],
	"textures": {
		"0": "holocraft:item/amber_coin_hat",
		"particle": "holocraft:item/amber_coin_hat"
	},
	"elements": [
		{
			"name": "bottom",
			"from": [2.2, 0, 2.2],
			"to": [13.8, 1.6, 13.8],
			"rotation": {"angle": 0, "axis": "y", "origin": [8, -30.4, 8]},
			"faces": {
				"north": {"uv": [3, 3, 6, 3.5], "texture": "#0"},
				"east": {"uv": [0, 3, 3, 3.5], "texture": "#0"},
				"south": {"uv": [9, 3, 12, 3.5], "texture": "#0"},
				"west": {"uv": [6, 3, 9, 3.5], "texture": "#0"},
				"up": {"uv": [6, 3, 3, 0], "texture": "#0"},
				"down": {"uv": [9, 0, 6, 3], "texture": "#0"}
			}
		},
		{
			"name": "big",
			"from": [3.5, 1.6, 3.5],
			"to": [12.5, 12.6, 12.5],
			"rotation": {"angle": 0, "axis": "y", "origin": [8, -19.4, 8]},
			"faces": {
				"north": {"uv": [2.25, 5.75, 4.5, 8.5], "texture": "#0"},
				"east": {"uv": [0, 5.75, 2.25, 8.5], "texture": "#0"},
				"south": {"uv": [6.75, 5.75, 9, 8.5], "texture": "#0"},
				"west": {"uv": [4.5, 5.75, 6.75, 8.5], "texture": "#0"},
				"up": {"uv": [4.5, 5.75, 2.25, 3.5], "texture": "#0"},
				"down": {"uv": [6.75, 3.5, 4.5, 5.75], "texture": "#0"}
			}
		},
		{
			"name": "middle",
			"from": [3.3, 1.2, 3.3],
			"to": [12.7, 6.6, 12.7],
			"rotation": {"angle": 0, "axis": "y", "origin": [8, -25.4, 8]},
			"faces": {
				"north": {"uv": [2.25, 10.75, 4.5, 12], "texture": "#0"},
				"east": {"uv": [0, 10.75, 2.25, 12], "texture": "#0"},
				"south": {"uv": [6.75, 10.75, 9, 12], "texture": "#0"},
				"west": {"uv": [4.5, 10.75, 6.75, 12], "texture": "#0"},
				"up": {"uv": [4.5, 10.75, 2.25, 8.5], "texture": "#0"},
				"down": {"uv": [6.75, 8.5, 4.5, 10.75], "texture": "#0"}
			}
		},
		{
			"name": "coin",
			"from": [3.46447, 0.4, 3],
			"to": [7.46447, 4.4, 5],
			"rotation": {"angle": 45, "axis": "z", "origin": [4.46447, 6.4, 4]},
			"faces": {
				"north": {"uv": [9.5, 4, 10.5, 5], "texture": "#0"},
				"east": {"uv": [9, 4, 9.5, 5], "texture": "#0"},
				"south": {"uv": [11, 4, 12, 5], "texture": "#0"},
				"west": {"uv": [10.5, 4, 11, 5], "texture": "#0"},
				"up": {"uv": [10.5, 4, 9.5, 3.5], "texture": "#0"},
				"down": {"uv": [11.5, 3.5, 10.5, 4], "texture": "#0"}
			}
		},
		{
			"name": "innercoin",
			"from": [4.56447, 1.5, 2.8],
			"to": [6.36447, 3.3, 3.6],
			"rotation": {"angle": 45, "axis": "z", "origin": [4.46447, 6.4, 2.7]},
			"faces": {
				"north": {"uv": [9.25, 5.25, 9.75, 5.75], "texture": "#0"},
				"east": {"uv": [9, 5.25, 9.25, 5.75], "texture": "#0"},
				"south": {"uv": [10, 5.25, 10.5, 5.75], "texture": "#0"},
				"west": {"uv": [9.75, 5.25, 10, 5.75], "texture": "#0"},
				"up": {"uv": [9.75, 5.25, 9.25, 5], "texture": "#0"},
				"down": {"uv": [10.25, 5, 9.75, 5.25], "texture": "#0"}
			}
		}
	],
	"gui_light": "front",
	"display": {
		"thirdperson_righthand": {
			"translation": [0, 4, 1],
			"scale": [0.5, 0.5, 0.5]
		},
		"thirdperson_lefthand": {
			"translation": [0, 4, 1],
			"scale": [0.5, 0.5, 0.5]
		},
		"firstperson_righthand": {
			"rotation": [0, 113, 0],
			"translation": [0, 4.5, 0],
			"scale": [0.5, 0.5, 0.5]
		},
		"firstperson_lefthand": {
			"rotation": [0, 113, 0],
			"translation": [0, 4.5, 0],
			"scale": [0.5, 0.5, 0.5]
		},
		"ground": {
			"translation": [0, 2.5, 0],
			"scale": [0.5, 0.5, 0.5]
		},
		"gui": {
			"rotation": [0, 180, 0],
			"translation": [0, 1.75, 0]
		},
		"head": {
			"translation": [0, 16.5, 0],
			"scale": [1.4, 1.4, 1.4]
		},
		"fixed": {
			"translation": [0, 1.75, 0]
		}
	},
	"groups": [
		{
			"name": "amber coin",
			"origin": [0.23223, 23, 0],
			"color": 1,
			"children": [0, 1, 2, 3, 4]
		}
	]
}