{
	"credit": "Made with Blockbench",
	"texture_size": [64, 64],
	"textures": {
		"0": "holocraft:item/cerulean_cup_hat",
		"particle": "holocraft:item/cerulean_cup_hat"
	},
	"elements": [
		{
			"name": "armorHead",
			"from": [1.5, 4, 1.5],
			"to": [14.5, 13, 14.5],
			"rotation": {"angle": 0, "axis": "y", "origin": [8, -19, 8]},
			"faces": {
				"north": {"uv": [3.25, 3.25, 6.5, 5.5], "texture": "#0"},
				"east": {"uv": [0, 3.25, 3.25, 5.5], "texture": "#0"},
				"south": {"uv": [9.75, 3.25, 13, 5.5], "texture": "#0"},
				"west": {"uv": [6.5, 3.25, 9.75, 5.5], "texture": "#0"},
				"up": {"uv": [6.5, 3.25, 3.25, 0], "texture": "#0"},
				"down": {"uv": [9.75, 0, 6.5, 3.25], "texture": "#0"}
			}
		},
		{
			"name": "armorHead",
			"from": [3.3, 0.3, 3.3],
			"to": [12.7, 4.7, 12.7],
			"rotation": {"angle": 0, "axis": "y", "origin": [8, 2.5, 8]},
			"faces": {
				"north": {"uv": [2.5, 8, 5, 9.25], "texture": "#0"},
				"east": {"uv": [0, 8, 2.5, 9.25], "texture": "#0"},
				"south": {"uv": [7.5, 8, 10, 9.25], "texture": "#0"},
				"west": {"uv": [5, 8, 7.5, 9.25], "texture": "#0"},
				"up": {"uv": [5, 8, 2.5, 5.5], "texture": "#0"},
				"down": {"uv": [7.5, 5.5, 5, 8], "texture": "#0"}
			}
		}
	],
	"gui_light": "front",
	"display": {
		"thirdperson_righthand": {
			"translation": [0, 3.75, 0],
			"scale": [0.5, 0.5, 0.5]
		},
		"thirdperson_lefthand": {
			"translation": [0, 3.75, 0],
			"scale": [0.5, 0.5, 0.5]
		},
		"firstperson_righthand": {
			"rotation": [-180, 63.25, -180],
			"translation": [-0.25, 3.5, 0],
			"scale": [0.4, 0.4, 0.4]
		},
		"firstperson_lefthand": {
			"rotation": [-180, 63.25, -180],
			"translation": [-0.25, 3.5, 0],
			"scale": [0.4, 0.4, 0.4]
		},
		"ground": {
			"translation": [0, 1.5, 0],
			"scale": [0.4, 0.4, 0.4]
		},
		"gui": {
			"rotation": [3.84, 8.49, 0.03],
			"translation": [0, 0.75, 0],
			"scale": [0.9, 0.9, 0.9]
		},
		"head": {
			"translation": [0, 17, 0],
			"scale": [1.6, 1.6, 1.6]
		},
		"fixed": {
			"translation": [0, 1.5, 0]
		}
	},
	"groups": [
		{
			"name": "group",
			"origin": [16, 8, 16],
			"color": 0,
			"children": [
				{
					"name": "armorHead",
					"origin": [8, 24, 8],
					"color": 1,
					"children": [0, 1]
				}
			]
		}
	]
}