{
	"credit": "Made with Blockbench",
	"texture_size": [64, 64],
	"textures": {
		"0": "holocraft:item/chattino_head",
		"particle": "holocraft:item/chattino_head"
	},
	"elements": [
		{
			"from": [4.4, 2.6, 3.68],
			"to": [6.8, 6.2, 3.68],
			"rotation": {"angle": 0, "axis": "y", "origin": [8, 0.8, 8]},
			"faces": {
				"north": {"uv": [5, 10.5, 5.5, 11.25], "texture": "#0"},
				"east": {"uv": [5, 10.5, 5, 11.25], "texture": "#0"},
				"south": {"uv": [5.5, 10.5, 6, 11.25], "texture": "#0"},
				"west": {"uv": [5.5, 10.5, 5.5, 11.25], "texture": "#0"},
				"up": {"uv": [5.5, 10.5, 5, 10.5], "texture": "#0"},
				"down": {"uv": [6, 10.5, 5.5, 10.5], "texture": "#0"}
			}
		},
		{
			"from": [4.856, 4.856, 3.536],
			"to": [5.624, 5.624, 4.304],
			"rotation": {"angle": 0, "axis": "y", "origin": [8, 0.8, 8]},
			"faces": {
				"north": {"uv": [10.75, 4.25, 11, 4.5], "texture": "#0"},
				"east": {"uv": [10.5, 4.25, 10.75, 4.5], "texture": "#0"},
				"south": {"uv": [11.25, 4.25, 11.5, 4.5], "texture": "#0"},
				"west": {"uv": [11, 4.25, 11.25, 4.5], "texture": "#0"},
				"up": {"uv": [11, 4.25, 10.75, 4], "texture": "#0"},
				"down": {"uv": [11.25, 4, 11, 4.25], "texture": "#0"}
			}
		},
		{
			"from": [9.656, 4.856, 3.536],
			"to": [10.424, 5.624, 4.304],
			"rotation": {"angle": 0, "axis": "y", "origin": [8, 0.8, 8]},
			"faces": {
				"north": {"uv": [6.25, 10.75, 6.5, 11], "texture": "#0"},
				"east": {"uv": [6, 10.75, 6.25, 11], "texture": "#0"},
				"south": {"uv": [6.75, 10.75, 7, 11], "texture": "#0"},
				"west": {"uv": [6.5, 10.75, 6.75, 11], "texture": "#0"},
				"up": {"uv": [6.5, 10.75, 6.25, 10.5], "texture": "#0"},
				"down": {"uv": [6.75, 10.5, 6.5, 10.75], "texture": "#0"}
			}
		},
		{
			"from": [9.44, 2.84, 3.56],
			"to": [11.36, 5.96, 4.28],
			"rotation": {"angle": 0, "axis": "y", "origin": [8, 0.8, 8]},
			"faces": {
				"north": {"uv": [1.75, 10.5, 2.25, 11.25], "texture": "#0"},
				"east": {"uv": [1.5, 10.5, 1.75, 11.25], "texture": "#0"},
				"south": {"uv": [2.5, 10.5, 3, 11.25], "texture": "#0"},
				"west": {"uv": [2.25, 10.5, 2.5, 11.25], "texture": "#0"},
				"up": {"uv": [2.25, 10.5, 1.75, 10.25], "texture": "#0"},
				"down": {"uv": [2.75, 10.25, 2.25, 10.5], "texture": "#0"}
			}
		},
		{
			"from": [9.2, 2.6, 3.68],
			"to": [11.6, 6.2, 3.68],
			"rotation": {"angle": 0, "axis": "y", "origin": [8, 0.8, 8]},
			"faces": {
				"north": {"uv": [4, 10.5, 4.5, 11.25], "texture": "#0"},
				"east": {"uv": [4, 10.5, 4, 11.25], "texture": "#0"},
				"south": {"uv": [4.5, 10.5, 5, 11.25], "texture": "#0"},
				"west": {"uv": [4.5, 10.5, 4.5, 11.25], "texture": "#0"},
				"up": {"uv": [4.5, 10.5, 4, 10.5], "texture": "#0"},
				"down": {"uv": [5, 10.5, 4.5, 10.5], "texture": "#0"}
			}
		},
		{
			"from": [4.64, 2.84, 3.56],
			"to": [6.56, 5.96, 4.28],
			"rotation": {"angle": 0, "axis": "y", "origin": [8, 0.8, 8]},
			"faces": {
				"north": {"uv": [0.25, 10.5, 0.75, 11.25], "texture": "#0"},
				"east": {"uv": [0, 10.5, 0.25, 11.25], "texture": "#0"},
				"south": {"uv": [1, 10.5, 1.5, 11.25], "texture": "#0"},
				"west": {"uv": [0.75, 10.5, 1, 11.25], "texture": "#0"},
				"up": {"uv": [0.75, 10.5, 0.25, 10.25], "texture": "#0"},
				"down": {"uv": [1.25, 10.25, 0.75, 10.5], "texture": "#0"}
			}
		},
		{
			"from": [6.632, 1.4432, 3.7136],
			"to": [9.152, 2.3312, 3.7136],
			"rotation": {"angle": 0, "axis": "y", "origin": [9.152, -0.4408, 5.528]},
			"faces": {
				"north": {"uv": [3.008, 7.758, 4.242, 8.242], "texture": "#0"},
				"east": {"uv": [3.008, 7.758, 3.008, 8.242], "texture": "#0"},
				"south": {"uv": [4.258, 7.758, 5.492, 8.242], "texture": "#0"},
				"west": {"uv": [4.258, 7.758, 4.258, 8.242], "texture": "#0"},
				"up": {"uv": [4.242, 7.758, 3.008, 7.758], "texture": "#0"},
				"down": {"uv": [5.492, 7.758, 4.258, 7.758], "texture": "#0"}
			}
		},
		{
			"name": "bighead",
			"from": [3.2, 0.8, 3.8],
			"to": [12.8, 10.4, 12.2],
			"rotation": {"angle": 0, "axis": "y", "origin": [8, 0.8, 7.4]},
			"faces": {
				"north": {"uv": [1.758, 1.758, 3.742, 3.742], "texture": "#0"},
				"east": {"uv": [0.008, 1.758, 1.742, 3.742], "texture": "#0"},
				"south": {"uv": [5.508, 1.758, 7.492, 3.742], "texture": "#0"},
				"west": {"uv": [3.758, 1.758, 5.492, 3.742], "texture": "#0"},
				"up": {"uv": [3.742, 1.742, 1.758, 0.008], "texture": "#0"},
				"down": {"uv": [5.742, 0.008, 3.758, 1.742], "texture": "#0"}
			}
		},
		{
			"name": "bottombighead",
			"from": [4.4, 0.2, 5],
			"to": [11.6, 2.6, 11],
			"rotation": {"angle": 0, "axis": "y", "origin": [8, -0.4, 7.4]},
			"faces": {
				"north": {"uv": [1.258, 7.258, 2.742, 7.742], "texture": "#0"},
				"east": {"uv": [0.008, 7.258, 1.242, 7.742], "texture": "#0"},
				"south": {"uv": [4.008, 7.258, 5.492, 7.742], "texture": "#0"},
				"west": {"uv": [2.758, 7.258, 3.992, 7.742], "texture": "#0"},
				"up": {"uv": [2.742, 7.242, 1.258, 6.008], "texture": "#0"},
				"down": {"uv": [4.242, 6.008, 2.758, 7.242], "texture": "#0"}
			}
		},
		{
			"name": "tinyantennae",
			"from": [7.4, 9.2, 5.2],
			"to": [8.6, 11.6, 6.4],
			"rotation": {"angle": -22.5, "axis": "z", "origin": [8, 9.2, 5.2]},
			"faces": {
				"north": {"uv": [3.258, 10.758, 3.492, 11.242], "texture": "#0"},
				"east": {"uv": [3.008, 10.758, 3.242, 11.242], "texture": "#0"},
				"south": {"uv": [3.758, 10.758, 3.992, 11.242], "texture": "#0"},
				"west": {"uv": [3.508, 10.758, 3.742, 11.242], "texture": "#0"},
				"up": {"uv": [3.492, 10.742, 3.258, 10.508], "texture": "#0"},
				"down": {"uv": [3.742, 10.508, 3.508, 10.742], "texture": "#0"}
			}
		},
		{
			"name": "tinyantennae",
			"from": [7.42, 9.22, 5.22],
			"to": [8.58, 11.58, 6.38],
			"rotation": {"angle": 22.5, "axis": "z", "origin": [8, 9.2, 5.2]},
			"faces": {
				"north": {"uv": [10.758, 3.508, 10.992, 3.992], "texture": "#0"},
				"east": {"uv": [10.508, 3.508, 10.742, 3.992], "texture": "#0"},
				"south": {"uv": [11.258, 3.508, 11.492, 3.992], "texture": "#0"},
				"west": {"uv": [11.008, 3.508, 11.242, 3.992], "texture": "#0"},
				"up": {"uv": [10.992, 3.492, 10.758, 3.258], "texture": "#0"},
				"down": {"uv": [11.242, 3.258, 11.008, 3.492], "texture": "#0"}
			}
		},
		{
			"name": "earleft",
			"from": [1.88, 8, 7.4],
			"to": [7.88, 15.2, 11],
			"rotation": {"angle": 22.5, "axis": "z", "origin": [6.68, 10.4, 11]},
			"faces": {
				"north": {"uv": [6.258, 6.758, 7.492, 8.242], "texture": "#0"},
				"east": {"uv": [5.508, 6.758, 6.242, 8.242], "texture": "#0"},
				"south": {"uv": [8.258, 6.758, 9.492, 8.242], "texture": "#0"},
				"west": {"uv": [7.508, 6.758, 8.242, 8.242], "texture": "#0"},
				"up": {"uv": [7.492, 6.742, 6.258, 6.008], "texture": "#0"},
				"down": {"uv": [8.742, 6.008, 7.508, 6.742], "texture": "#0"}
			}
		},
		{
			"name": "earright",
			"from": [8.12, 8, 7.4],
			"to": [14.12, 15.2, 11],
			"rotation": {"angle": -22.5, "axis": "z", "origin": [9.32, 10.4, 11]},
			"faces": {
				"north": {"uv": [8.258, 0.758, 9.492, 2.242], "texture": "#0"},
				"east": {"uv": [7.508, 0.758, 8.242, 2.242], "texture": "#0"},
				"south": {"uv": [10.258, 0.758, 11.492, 2.242], "texture": "#0"},
				"west": {"uv": [9.508, 0.758, 10.242, 2.242], "texture": "#0"},
				"up": {"uv": [9.492, 0.742, 8.258, 0.008], "texture": "#0"},
				"down": {"uv": [10.742, 0.008, 9.508, 0.742], "texture": "#0"}
			}
		},
		{
			"name": "chubbyhead",
			"from": [2.012, 0.812, 5.012],
			"to": [13.988, 5.588, 10.988],
			"rotation": {"angle": 0, "axis": "y", "origin": [5.6, 0.8, 7.4]},
			"faces": {
				"north": {"uv": [1.258, 5.008, 3.742, 5.992], "texture": "#0"},
				"east": {"uv": [0.008, 5.008, 1.242, 5.992], "texture": "#0"},
				"south": {"uv": [5.008, 5.008, 7.492, 5.992], "texture": "#0"},
				"west": {"uv": [3.758, 5.008, 4.992, 5.992], "texture": "#0"},
				"up": {"uv": [3.742, 4.992, 1.258, 3.758], "texture": "#0"},
				"down": {"uv": [6.242, 3.758, 3.758, 4.992], "texture": "#0"}
			}
		},
		{
			"name": "flaps",
			"from": [0.43916, 2.34338, 7.35008],
			"to": [2.83916, 3.54338, 9.75008],
			"rotation": {"angle": -22.5, "axis": "z", "origin": [3.2, 2.4, 8.6]},
			"faces": {
				"north": {"uv": [3.508, 10.258, 3.992, 10.492], "texture": "#0"},
				"east": {"uv": [3.008, 10.258, 3.492, 10.492], "texture": "#0"},
				"south": {"uv": [4.508, 10.258, 4.992, 10.492], "texture": "#0"},
				"west": {"uv": [4.008, 10.258, 4.492, 10.492], "texture": "#0"},
				"up": {"uv": [3.992, 10.242, 3.508, 9.758], "texture": "#0"},
				"down": {"uv": [4.492, 9.758, 4.008, 10.242], "texture": "#0"}
			}
		},
		{
			"name": "flaps",
			"from": [13.16084, 2.34338, 7.35008],
			"to": [15.56084, 3.54338, 9.75008],
			"rotation": {"angle": 22.5, "axis": "z", "origin": [12.8, 2.4, 8.6]},
			"faces": {
				"north": {"uv": [7.508, 10.258, 7.992, 10.492], "texture": "#0"},
				"east": {"uv": [7.008, 10.258, 7.492, 10.492], "texture": "#0"},
				"south": {"uv": [8.508, 10.258, 8.992, 10.492], "texture": "#0"},
				"west": {"uv": [8.008, 10.258, 8.492, 10.492], "texture": "#0"},
				"up": {"uv": [7.992, 10.242, 7.508, 9.758], "texture": "#0"},
				"down": {"uv": [8.492, 9.758, 8.008, 10.242], "texture": "#0"}
			}
		},
		{
			"name": "flaps",
			"from": [0.8, 2.2, 7.4],
			"to": [3.2, 3.4, 9.8],
			"rotation": {"angle": 22.5, "axis": "z", "origin": [3.2, 2.8, 8.6]},
			"faces": {
				"north": {"uv": [5.508, 10.258, 5.992, 10.492], "texture": "#0"},
				"east": {"uv": [5.008, 10.258, 5.492, 10.492], "texture": "#0"},
				"south": {"uv": [6.508, 10.258, 6.992, 10.492], "texture": "#0"},
				"west": {"uv": [6.008, 10.258, 6.492, 10.492], "texture": "#0"},
				"up": {"uv": [5.992, 10.242, 5.508, 9.758], "texture": "#0"},
				"down": {"uv": [6.492, 9.758, 6.008, 10.242], "texture": "#0"}
			}
		},
		{
			"name": "flaps",
			"from": [12.8, 2.2, 7.4],
			"to": [15.2, 3.4, 9.8],
			"rotation": {"angle": -22.5, "axis": "z", "origin": [12.8, 2.8, 8.6]},
			"faces": {
				"north": {"uv": [9.508, 10.508, 9.992, 10.742], "texture": "#0"},
				"east": {"uv": [9.008, 10.508, 9.492, 10.742], "texture": "#0"},
				"south": {"uv": [10.508, 10.508, 10.992, 10.742], "texture": "#0"},
				"west": {"uv": [10.008, 10.508, 10.492, 10.742], "texture": "#0"},
				"up": {"uv": [9.992, 10.492, 9.508, 10.008], "texture": "#0"},
				"down": {"uv": [10.492, 10.008, 10.008, 10.492], "texture": "#0"}
			}
		},
		{
			"name": "dot",
			"from": [5.72, 7.16, 3.68],
			"to": [6.68, 8.72, 4.64],
			"rotation": {"angle": 22.5, "axis": "z", "origin": [5.6, 7.1, 4.76]},
			"faces": {
				"north": {"uv": [7.258, 10.758, 7.492, 10.992], "texture": "#0"},
				"east": {"uv": [7.008, 10.758, 7.242, 10.992], "texture": "#0"},
				"south": {"uv": [7.758, 10.758, 7.992, 10.992], "texture": "#0"},
				"west": {"uv": [7.508, 10.758, 7.742, 10.992], "texture": "#0"},
				"up": {"uv": [7.492, 10.742, 7.258, 10.508], "texture": "#0"},
				"down": {"uv": [7.742, 10.508, 7.508, 10.742], "texture": "#0"}
			}
		},
		{
			"name": "dot",
			"from": [9.32, 7.16, 3.68],
			"to": [10.28, 8.72, 4.64],
			"rotation": {"angle": -22.5, "axis": "z", "origin": [10.4, 7.1, 4.76]},
			"faces": {
				"north": {"uv": [9.258, 11.008, 9.492, 11.242], "texture": "#0"},
				"east": {"uv": [9.008, 11.008, 9.242, 11.242], "texture": "#0"},
				"south": {"uv": [9.758, 11.008, 9.992, 11.242], "texture": "#0"},
				"west": {"uv": [9.508, 11.008, 9.742, 11.242], "texture": "#0"},
				"up": {"uv": [9.492, 10.992, 9.258, 10.758], "texture": "#0"},
				"down": {"uv": [9.742, 10.758, 9.508, 10.992], "texture": "#0"}
			}
		},
		{
			"name": "dot",
			"from": [7.52, 7.76, 3.68],
			"to": [8.48, 9.32, 4.64],
			"rotation": {"angle": 0, "axis": "y", "origin": [7.4, 0.8, 8]},
			"faces": {
				"north": {"uv": [8.258, 10.758, 8.492, 10.992], "texture": "#0"},
				"east": {"uv": [8.008, 10.758, 8.242, 10.992], "texture": "#0"},
				"south": {"uv": [8.758, 10.758, 8.992, 10.992], "texture": "#0"},
				"west": {"uv": [8.508, 10.758, 8.742, 10.992], "texture": "#0"},
				"up": {"uv": [8.492, 10.742, 8.258, 10.508], "texture": "#0"},
				"down": {"uv": [8.742, 10.508, 8.508, 10.742], "texture": "#0"}
			}
		}
	],
	"display": {
		"thirdperson_righthand": {
			"rotation": [0, 90, 0],
			"translation": [-0.75, 4.75, -0.5]
		},
		"thirdperson_lefthand": {
			"rotation": [0, 90, 0],
			"translation": [-0.75, 4.75, -0.5]
		},
		"firstperson_righthand": {
			"rotation": [145.46, 61.68, -141.98],
			"translation": [0, 6.5, 0]
		},
		"firstperson_lefthand": {
			"rotation": [145.46, 61.68, -141.98],
			"translation": [0, 6.5, 0]
		},
		"ground": {
			"translation": [0, 4.5, 0]
		},
		"gui": {
			"rotation": [180, -18.25, 180],
			"translation": [0.5, 0.5, 0]
		},
		"head": {
			"translation": [0, 7, 0],
			"scale": [2, 2, 2]
		},
		"fixed": {
			"rotation": [-90, 0, 0],
			"translation": [0, 0.25, -26.75],
			"scale": [4, 4, 4]
		}
	},
	"groups": [
		{
			"name": "Chattini Head",
			"origin": [8, -0.2, 8],
			"color": 0,
			"children": [
				{
					"name": "head",
					"origin": [8, 3.4, 8],
					"color": 0,
					"children": [
						{
							"name": "Eye1",
							"origin": [8, 3.4, 8],
							"color": 0,
							"children": [
								0,
								{
									"name": "eyelight",
									"origin": [7.82, 5.62, 5.96],
									"color": 0,
									"children": [1, 2]
								},
								3,
								4,
								5
							]
						},
						{
							"name": "Mouth",
							"origin": [9.2, 1.3, 8],
							"color": 0,
							"children": [6]
						},
						7,
						8,
						9,
						10,
						11,
						12,
						13,
						14,
						15,
						16,
						17,
						18,
						19,
						20
					]
				}
			]
		}
	]
}