{
	"credit": "Made with Blockbench",
	"texture_size": [64, 64],
	"textures": {
		"0": "holocraft:item/jade_sword_hat",
		"particle": "holocraft:item/jade_sword_hat"
	},
	"elements": [
		{
			"name": "armorHead",
			"from": [3.3, 0.3, 2.3],
			"to": [12.7, 5.7, 8.7],
			"rotation": {"angle": 0, "axis": "y", "origin": [8, 0, 8]},
			"faces": {
				"north": {"uv": [1.75, 6, 4.25, 7.5], "texture": "#0"},
				"east": {"uv": [0, 6, 1.75, 7.5], "texture": "#0"},
				"south": {"uv": [6, 6, 8.5, 7.5], "texture": "#0"},
				"west": {"uv": [4.25, 6, 6, 7.5], "texture": "#0"},
				"up": {"uv": [4.25, 6, 1.75, 4.25], "texture": "#0"},
				"down": {"uv": [6.75, 4.25, 4.25, 6], "texture": "#0"}
			}
		},
		{
			"name": "armorHead",
			"from": [3.4, 1.4, 8.4],
			"to": [12.6, 2.6, 12.6],
			"rotation": {"angle": 0, "axis": "y", "origin": [8, 0, 8]},
			"faces": {
				"north": {"uv": [1.25, 8.75, 3.75, 9.25], "texture": "#0"},
				"east": {"uv": [0, 8.75, 1.25, 9.25], "texture": "#0"},
				"south": {"uv": [5, 8.75, 7.5, 9.25], "texture": "#0"},
				"west": {"uv": [3.75, 8.75, 5, 9.25], "texture": "#0"},
				"up": {"uv": [3.75, 8.75, 1.25, 7.5], "texture": "#0"},
				"down": {"uv": [6.25, 7.5, 3.75, 8.75], "texture": "#0"}
			}
		},
		{
			"name": "armorHead",
			"from": [3.9, 1.8, 3.9],
			"to": [12.1, 11, 12.1],
			"rotation": {"angle": 0, "axis": "y", "origin": [8, 0, 8]},
			"faces": {
				"north": {"uv": [2, 2, 4, 4.25], "texture": "#0"},
				"east": {"uv": [0, 2, 2, 4.25], "texture": "#0"},
				"south": {"uv": [6, 2, 8, 4.25], "texture": "#0"},
				"west": {"uv": [4, 2, 6, 4.25], "texture": "#0"},
				"up": {"uv": [4, 2, 2, 0], "texture": "#0"},
				"down": {"uv": [6, 0, 4, 2], "texture": "#0"}
			}
		},
		{
			"name": "armorHead",
			"from": [7.3, 1.8, 3.8],
			"to": [8.7, 11.2, 12.2],
			"rotation": {"angle": 0, "axis": "y", "origin": [8, 0, 8]},
			"faces": {
				"north": {"uv": [9.5, 9.5, 9.75, 11.75], "texture": "#0"},
				"east": {"uv": [7.5, 9.5, 9.5, 11.75], "texture": "#0"},
				"south": {"uv": [11.75, 9.5, 12, 11.75], "texture": "#0"},
				"west": {"uv": [9.75, 9.5, 11.75, 11.75], "texture": "#0"},
				"up": {"uv": [9.75, 9.5, 9.5, 7.5], "texture": "#0"},
				"down": {"uv": [10, 7.5, 9.75, 9.5], "texture": "#0"}
			}
		}
	],
	"gui_light": "front",
	"display": {
		"thirdperson_righthand": {
			"translation": [0, 3.25, 0],
			"scale": [0.5, 0.5, 0.5]
		},
		"thirdperson_lefthand": {
			"translation": [0, 3.25, 0],
			"scale": [0.5, 0.5, 0.5]
		},
		"firstperson_righthand": {
			"rotation": [-180, 63.25, -180],
			"translation": [1.25, 4.25, 0],
			"scale": [0.5, 0.5, 0.5]
		},
		"firstperson_lefthand": {
			"rotation": [-180, 63.25, -180],
			"translation": [1.25, 4.25, 0],
			"scale": [0.5, 0.5, 0.5]
		},
		"ground": {
			"translation": [0, 2.5, 0],
			"scale": [0.5, 0.5, 0.5]
		},
		"gui": {
			"rotation": [-173, -21.75, 180],
			"translation": [0, 2.25, 0]
		},
		"head": {
			"rotation": [7.25, 0, 0],
			"translation": [0, 11.75, 1.5],
			"scale": [1.8, 1.8, 1.8]
		},
		"fixed": {
			"translation": [0, 2.5, 0]
		}
	},
	"groups": [
		{
			"name": "group",
			"origin": [16, 8, 16],
			"color": 0,
			"children": [
				{
					"name": "armorHead",
					"origin": [8, 24, 8],
					"rotation": [5, 0, 0],
					"color": 1,
					"children": [0, 1, 2, 3]
				}
			]
		}
	]
}