{
	"credit": "Made with Blockbench",
	"texture_size": [32, 32],
	"textures": {
		"0": "holocraft:item/pebble_head",
		"particle": "holocraft:item/pebble_head"
	},
	"elements": [
		{
			"from": [3.2, 0, 3.2058],
			"to": [12.8, 7.2, 12.8058],
			"rotation": {"angle": 0, "axis": "y", "origin": [8, -1.2, 8.0058]},
			"faces": {
				"north": {"uv": [4, 4, 8, 7], "texture": "#0"},
				"east": {"uv": [0, 4, 4, 7], "texture": "#0"},
				"south": {"uv": [12, 4, 16, 7], "texture": "#0"},
				"west": {"uv": [8, 4, 12, 7], "texture": "#0"},
				"up": {"uv": [8, 4, 4, 0], "texture": "#0"},
				"down": {"uv": [12, 0, 8, 4], "texture": "#0"}
			}
		},
		{
			"from": [4.4, 7.2, 4.4058],
			"to": [11.6, 8.4, 11.6058],
			"rotation": {"angle": 0, "axis": "y", "origin": [8, -1.2, 8.0058]},
			"faces": {
				"north": {"uv": [3, 10, 6, 10.5], "texture": "#0"},
				"east": {"uv": [0, 10, 3, 10.5], "texture": "#0"},
				"south": {"uv": [9, 10, 12, 10.5], "texture": "#0"},
				"west": {"uv": [6, 10, 9, 10.5], "texture": "#0"},
				"up": {"uv": [6, 10, 3, 7], "texture": "#0"},
				"down": {"uv": [9, 7, 6, 10], "texture": "#0"}
			}
		},
		{
			"from": [6.74, 4.99956, 2.84026],
			"to": [9.26, 7.51956, 4.52026],
			"rotation": {"angle": 45, "axis": "z", "origin": [8, 6.25956, 3.34426]},
			"faces": {
				"north": {"uv": [1, 11.5, 2.5, 13], "texture": "#0"},
				"east": {"uv": [0, 11.5, 1, 13], "texture": "#0"},
				"south": {"uv": [3.5, 11.5, 5, 13], "texture": "#0"},
				"west": {"uv": [2.5, 11.5, 3.5, 13], "texture": "#0"},
				"up": {"uv": [2.5, 11.5, 1, 10.5], "texture": "#0"},
				"down": {"uv": [4, 10.5, 2.5, 11.5], "texture": "#0"}
			}
		},
		{
			"from": [7.076, 5.33556, 2.50426],
			"to": [8.924, 7.18356, 3.51226],
			"rotation": {"angle": 45, "axis": "z", "origin": [8, 6.25956, 3.34426]},
			"faces": {
				"north": {"uv": [6, 11.5, 7.5, 13], "texture": "#0"},
				"east": {"uv": [5, 11.5, 6, 13], "texture": "#0"},
				"south": {"uv": [8.5, 11.5, 10, 13], "texture": "#0"},
				"west": {"uv": [7.5, 11.5, 8.5, 13], "texture": "#0"},
				"up": {"uv": [7.5, 11.5, 6, 10.5], "texture": "#0"},
				"down": {"uv": [9, 10.5, 7.5, 11.5], "texture": "#0"}
			}
		},
		{
			"from": [9.44, 2.88, 3.0858],
			"to": [11.36, 4.8, 3.8058],
			"rotation": {"angle": 0, "axis": "y", "origin": [10.4, 2.64, 2.8458]},
			"faces": {
				"north": {"uv": [12.5, 7.5, 13.5, 8.5], "texture": "#0"},
				"east": {"uv": [12, 7.5, 12.5, 8.5], "texture": "#0"},
				"south": {"uv": [14, 7.5, 15, 8.5], "texture": "#0"},
				"west": {"uv": [13.5, 7.5, 14, 8.5], "texture": "#0"},
				"up": {"uv": [13.5, 7.5, 12.5, 7], "texture": "#0"},
				"down": {"uv": [14.5, 7, 13.5, 7.5], "texture": "#0"}
			}
		},
		{
			"from": [4.64, 2.88, 3.0858],
			"to": [6.56, 4.8, 3.8058],
			"rotation": {"angle": 0, "axis": "y", "origin": [5.6, 2.64, 2.8458]},
			"faces": {
				"north": {"uv": [12.5, 9, 13.5, 10], "texture": "#0"},
				"east": {"uv": [12, 9, 12.5, 10], "texture": "#0"},
				"south": {"uv": [14, 9, 15, 10], "texture": "#0"},
				"west": {"uv": [13.5, 9, 14, 10], "texture": "#0"},
				"up": {"uv": [13.5, 9, 12.5, 8.5], "texture": "#0"},
				"down": {"uv": [14.5, 8.5, 13.5, 9], "texture": "#0"}
			}
		},
		{
			"from": [4.76, 3, 2.9658],
			"to": [5.96, 4.2, 4.1658],
			"rotation": {"angle": 0, "axis": "y", "origin": [5.96, 3, 2.9658]},
			"faces": {
				"north": {"uv": [10.5, 12.5, 11, 13], "texture": "#0"},
				"east": {"uv": [10, 12.5, 10.5, 13], "texture": "#0"},
				"south": {"uv": [11.5, 12.5, 12, 13], "texture": "#0"},
				"west": {"uv": [11, 12.5, 11.5, 13], "texture": "#0"},
				"up": {"uv": [11, 12.5, 10.5, 12], "texture": "#0"},
				"down": {"uv": [11.5, 12, 11, 12.5], "texture": "#0"}
			}
		},
		{
			"from": [10.04, 3, 2.9658],
			"to": [11.24, 4.2, 4.1658],
			"rotation": {"angle": 0, "axis": "y", "origin": [10.04, 3, 2.9658]},
			"faces": {
				"north": {"uv": [12.5, 12.5, 13, 13], "texture": "#0"},
				"east": {"uv": [12, 12.5, 12.5, 13], "texture": "#0"},
				"south": {"uv": [13.5, 12.5, 14, 13], "texture": "#0"},
				"west": {"uv": [13, 12.5, 13.5, 13], "texture": "#0"},
				"up": {"uv": [13, 12.5, 12.5, 12], "texture": "#0"},
				"down": {"uv": [13.5, 12, 13, 12.5], "texture": "#0"}
			}
		},
		{
			"from": [7.109, 1.884, 3.0978],
			"to": [8.891, 3.072, 3.6918],
			"rotation": {"angle": 0, "axis": "y", "origin": [8.297, 1.884, 3.6918]},
			"faces": {
				"north": {"uv": [10.5, 11, 12, 12], "texture": "#0"},
				"east": {"uv": [10, 11, 10.5, 12], "texture": "#0"},
				"south": {"uv": [12.5, 11, 14, 12], "texture": "#0"},
				"west": {"uv": [12, 11, 12.5, 12], "texture": "#0"},
				"up": {"uv": [12, 11, 10.5, 10.5], "texture": "#0"},
				"down": {"uv": [13.5, 10.5, 12, 11], "texture": "#0"}
			}
		}
	],
	"display": {
		"thirdperson_righthand": {
			"rotation": [0, 66, 0],
			"translation": [-0.75, 7, -0.25]
		},
		"thirdperson_lefthand": {
			"rotation": [0, 66, 0],
			"translation": [-0.75, 7, -0.25]
		},
		"firstperson_righthand": {
			"rotation": [0, 126, 0],
			"translation": [-0.5, 9, 0.5]
		},
		"firstperson_lefthand": {
			"rotation": [0, 126, 0],
			"translation": [-0.5, 9, 0.5]
		},
		"ground": {
			"translation": [0, 4.75, 0]
		},
		"gui": {
			"rotation": [-175.25, -16.5, -180],
			"translation": [0, 4.75, 0],
			"scale": [1.2, 1.2, 1.2]
		},
		"head": {
			"translation": [0, 9, 0.5],
			"scale": [2, 2.04102, 2]
		},
		"fixed": {
			"rotation": [-90, 0, 0],
			"translation": [0, 0.25, -30],
			"scale": [4, 4, 4]
		}
	},
	"groups": [
		{
			"name": "Pebble",
			"origin": [8, 0, 8],
			"color": 0,
			"children": [
				{
					"name": "Body",
					"origin": [11, 0, 11.00145],
					"color": 0,
					"children": [
						0,
						1,
						{
							"name": "bone2",
							"origin": [11.42734, 1.72383, 9.96555],
							"color": 0,
							"children": [2, 3]
						},
						{
							"name": "bone",
							"origin": [11.51, 0.75, 9.74145],
							"color": 0,
							"children": [4, 5, 6, 7]
						}
					]
				},
				8
			]
		}
	]
}