{
	"credit": "Made with Blockbench",
	"textures": {
		"0": "holocraft:item/quest_icon_hat",
		"particle": "holocraft:item/quest_icon_hat"
	},
	"elements": [
		{
			"from": [7, 1, 7],
			"to": [9, 3, 9],
			"rotation": {"angle": 0, "axis": "y", "origin": [7, 1, 7]},
			"faces": {
				"north": {"uv": [8, 0, 10, 2], "texture": "#0"},
				"east": {"uv": [8, 2, 10, 4], "texture": "#0"},
				"south": {"uv": [8, 4, 10, 6], "texture": "#0"},
				"west": {"uv": [8, 6, 10, 8], "texture": "#0"},
				"up": {"uv": [10, 10, 8, 8], "texture": "#0"},
				"down": {"uv": [12, 0, 10, 2], "texture": "#0"}
			}
		},
		{
			"from": [7, 4.5, 7],
			"to": [9, 11.5, 9],
			"rotation": {"angle": 0, "axis": "y", "origin": [7, 4.5, 7]},
			"faces": {
				"north": {"uv": [0, 0, 2, 7], "texture": "#0"},
				"east": {"uv": [2, 0, 4, 7], "texture": "#0"},
				"south": {"uv": [4, 0, 6, 7], "texture": "#0"},
				"west": {"uv": [6, 0, 8, 7], "texture": "#0"},
				"up": {"uv": [12, 4, 10, 2], "texture": "#0"},
				"down": {"uv": [12, 4, 10, 6], "texture": "#0"}
			}
		},
		{
			"name": "cube_outline",
			"from": [9.2, 3.2, 9.2],
			"to": [6.8, 0.8, 6.8],
			"rotation": {"angle": 0, "axis": "y", "origin": [7, 1, 7]},
			"faces": {
				"north": {"uv": [10, 6, 12, 8], "texture": "#0"},
				"east": {"uv": [8, 10, 10, 12], "texture": "#0"},
				"south": {"uv": [10, 8, 12, 10], "texture": "#0"},
				"west": {"uv": [10, 10, 12, 12], "texture": "#0"},
				"up": {"uv": [14, 2, 12, 0], "texture": "#0"},
				"down": {"uv": [14, 2, 12, 4], "texture": "#0"}
			}
		},
		{
			"name": "cube_outline",
			"from": [9.2, 11.7, 9.2],
			"to": [6.8, 4.3, 6.8],
			"rotation": {"angle": 0, "axis": "y", "origin": [7, 4.5, 7]},
			"faces": {
				"north": {"uv": [0, 7, 2, 14], "texture": "#0"},
				"east": {"uv": [2, 7, 4, 14], "texture": "#0"},
				"south": {"uv": [4, 7, 6, 14], "texture": "#0"},
				"west": {"uv": [6, 7, 8, 14], "texture": "#0"},
				"up": {"uv": [14, 6, 12, 4], "texture": "#0"},
				"down": {"uv": [14, 6, 12, 8], "texture": "#0"}
			}
		}
	],
	"gui_light": "front",
	"display": {
		"thirdperson_righthand": {
			"translation": [0, 4, 1.25],
			"scale": [0.5, 0.5, 0.5]
		},
		"thirdperson_lefthand": {
			"translation": [0, 4, 1.25],
			"scale": [0.5, 0.5, 0.5]
		},
		"firstperson_righthand": {
			"translation": [0.75, 7.25, 0],
			"scale": [0.8, 0.8, 0.8]
		},
		"firstperson_lefthand": {
			"translation": [0.75, 7.25, 0],
			"scale": [0.8, 0.8, 0.8]
		},
		"ground": {
			"translation": [0, 4.75, 0]
		},
		"gui": {
			"translation": [0, 2.25, 0],
			"scale": [1.2, 1.2, 1.2]
		},
		"head": {
			"translation": [0, 19, 0],
			"scale": [1.5, 1.5, 1.5]
		},
		"fixed": {
			"translation": [0, 1.75, 0]
		}
	},
	"groups": [
		{
			"name": "outline",
			"origin": [8, 8, 8],
			"color": 0,
			"children": [0, 1]
		},
		{
			"name": "outline",
			"origin": [8, 8, 8],
			"color": 0,
			"children": [2, 3]
		}
	]
}