{
	"credit": "Made with Blockbench",
	"texture_size": [64, 64],
	"textures": {
		"0": "holocraft:item/scarlet_wand_hat",
		"particle": "holocraft:item/scarlet_wand_hat"
	},
	"elements": [
		{
			"name": "armorHead",
			"from": [3.2, 0.4, 3.2],
			"to": [12.8, 10, 12.8],
			"rotation": {"angle": 0, "axis": "y", "origin": [8, -22, 8]},
			"faces": {
				"north": {"uv": [2.5, 2.5, 5, 5], "texture": "#0"},
				"east": {"uv": [0, 2.5, 2.5, 5], "texture": "#0"},
				"south": {"uv": [7.5, 2.5, 10, 5], "texture": "#0"},
				"west": {"uv": [5, 2.5, 7.5, 5], "texture": "#0"},
				"up": {"uv": [5, 2.5, 2.5, 0], "texture": "#0"},
				"down": {"uv": [7.5, 0, 5, 2.5], "texture": "#0"}
			}
		},
		{
			"name": "armorHead",
			"from": [4, 10, 4],
			"to": [12, 20, 12],
			"rotation": {"angle": 0, "axis": "y", "origin": [8, -12, 8]},
			"faces": {
				"north": {"uv": [2, 7, 4, 9.5], "texture": "#0"},
				"east": {"uv": [0, 7, 2, 9.5], "texture": "#0"},
				"south": {"uv": [6, 7, 8, 9.5], "texture": "#0"},
				"west": {"uv": [4, 7, 6, 9.5], "texture": "#0"},
				"up": {"uv": [4, 7, 2, 5], "texture": "#0"},
				"down": {"uv": [6, 5, 4, 7], "texture": "#0"}
			}
		},
		{
			"name": "armorHead",
			"from": [5, 20, 5],
			"to": [11, 29, 11],
			"rotation": {"angle": 0, "axis": "y", "origin": [8, -3, 8]},
			"faces": {
				"north": {"uv": [9.5, 6.5, 11, 8.75], "texture": "#0"},
				"east": {"uv": [8, 6.5, 9.5, 8.75], "texture": "#0"},
				"south": {"uv": [12.5, 6.5, 14, 8.75], "texture": "#0"},
				"west": {"uv": [11, 6.5, 12.5, 8.75], "texture": "#0"},
				"up": {"uv": [11, 6.5, 9.5, 5], "texture": "#0"},
				"down": {"uv": [12.5, 5, 11, 6.5], "texture": "#0"}
			}
		}
	],
	"gui_light": "front",
	"display": {
		"thirdperson_righthand": {
			"translation": [0, 3, 0.75],
			"scale": [0.4, 0.4, 0.4]
		},
		"thirdperson_lefthand": {
			"translation": [0, 3, 0.75],
			"scale": [0.4, 0.4, 0.4]
		},
		"firstperson_righthand": {
			"rotation": [-180, 57, -180],
			"translation": [1.75, 1.25, 0],
			"scale": [0.4, 0.4, 0.4]
		},
		"firstperson_lefthand": {
			"rotation": [-180, 57, -180],
			"translation": [1.75, 1.25, 0],
			"scale": [0.4, 0.4, 0.4]
		},
		"ground": {
			"translation": [0, 1.75, 0],
			"scale": [0.4, 0.4, 0.4]
		},
		"gui": {
			"rotation": [6.75, 18, 0],
			"translation": [0, -3.25, 0],
			"scale": [0.5, 0.5, 0.5]
		},
		"head": {
			"translation": [0, 18, 0],
			"scale": [1.6, 1.6, 1.6]
		},
		"fixed": {
			"translation": [0, -4.25, 0],
			"scale": [0.6, 0.6, 0.6]
		}
	},
	"groups": [
		{
			"name": "group",
			"origin": [16, 8, 16],
			"color": 0,
			"children": [
				{
					"name": "armorHead",
					"origin": [8, 24, 8],
					"color": 1,
					"children": [0, 1, 2]
				}
			]
		}
	]
}